id,source_file,month,year,sl_no,heads_of_crime,major_head,minor_head,upto_end_of_month,prev_year_month,previous_month,current_month,category_id,category_name,subcategory_id,subcategory_name,mapping_confidence,mapping_method
1,CRIME_REVIEW_FOR_THE_MONTH_OF_APRIL_2026.csv,4,2026,1,A - IPC Crime,"Murder (Sec.302/303 IPC/103,104 BNS)",For gain,11,3,1,1,2,Crimes Against Persons,7,Murder,0.95,substring
2,CRIME_REVIEW_FOR_THE_MONTH_OF_APRIL_2026.csv,4,2026,2,A - IPC Crime,"Murder (Sec.302/303 IPC/103,104 BNS)",Over Property Dispute,6,3,1,2,2,Crimes Against Persons,7,Murder,0.95,substring
3,CRIME_REVIEW_FOR_THE_MONTH_OF_APRIL_2026.csv,4,2026,3,A - IPC Crime,"Murder (Sec.302/303 IPC/103,104 BNS)",Due to Personal Vendetta or enemity,8,1,3,5,2,Crimes Against Persons,7,Murder,0.95,substring
4,CRIME_REVIEW_FOR_THE_MONTH_OF_APRIL_2026.csv,4,2026,4,A - IPC Crime,"Murder (Sec.302/303 IPC/103,104 BNS)",Due to Sexual jealousy,3,5,1,0,2,Crimes Against Persons,7,Murder,0.95,substring
5,CRIME_REVIEW_FOR_THE_MONTH_OF_APRIL_2026.csv,4,2026,5,A - IPC Crime,"Murder (Sec.302/303 IPC/103,104 BNS)",For dowry by burning,0,0,0,0,2,Crimes Against Persons,7,Murder,0.95,substring
6,CRIME_REVIEW_FOR_THE_MONTH_OF_APRIL_2026.csv,4,2026,6,A - IPC Crime,"Murder (Sec.302/303 IPC/103,104 BNS)",For dowry by other means,2,1,0,1,2,Crimes Against Persons,7,Murder,0.95,substring
7,CRIME_REVIEW_FOR_THE_MONTH_OF_APRIL_2026.csv,4,2026,7,A - IPC Crime,"Murder (Sec.302/303 IPC/103,104 BNS)",Due to Communalism,0,0,0,0,2,Crimes Against Persons,7,Murder,0.95,substring
8,CRIME_REVIEW_FOR_THE_MONTH_OF_APRIL_2026.csv,4,2026,8,A - IPC Crime,"Murder (Sec.302/303 IPC/103,104 BNS)",Due to Casteism,1,0,0,1,2,Crimes Against Persons,7,Murder,0.95,substring
9,CRIME_REVIEW_FOR_THE_MONTH_OF_APRIL_2026.csv,4,2026,9,A - IPC Crime,"Murder (Sec.302/303 IPC/103,104 BNS)",Witch Craft (Sorcery),0,0,0,0,2,Crimes Against Persons,7,Murder,0.95,substring
10,CRIME_REVIEW_FOR_THE_MONTH_OF_APRIL_2026.csv,4,2026,10,A - IPC Crime,"Murder (Sec.302/303 IPC/103,104 BNS)",For Human Sacrifice,0,0,0,0,2,Crimes Against Persons,7,Murder,0.95,substring
11,CRIME_REVIEW_FOR_THE_MONTH_OF_APRIL_2026.csv,4,2026,11,A - IPC Crime,"Murder (Sec.302/303 IPC/103,104 BNS)",Due to Terrorism/Naxalism / Extremism,0,0,0,0,2,Crimes Against Persons,7,Murder,0.95,substring
12,CRIME_REVIEW_FOR_THE_MONTH_OF_APRIL_2026.csv,4,2026,12,A - IPC Crime,"Murder (Sec.302/303 IPC/103,104 BNS)",For Political Reasons,1,0,0,1,2,Crimes Against Persons,7,Murder,0.95,substring
13,CRIME_REVIEW_FOR_THE_MONTH_OF_APRIL_2026.csv,4,2026,13,A - IPC Crime,"Murder (Sec.302/303 IPC/103,104 BNS)",Due to Adultery,7,4,2,1,2,Crimes Against Persons,7,Murder,0.95,substring
14,CRIME_REVIEW_FOR_THE_MONTH_OF_APRIL_2026.csv,4,2026,14,A - IPC Crime,"Murder (Sec.302/303 IPC/103,104 BNS)",Civil Disputes,16,6,6,4,2,Crimes Against Persons,7,Murder,0.95,substring
15,CRIME_REVIEW_FOR_THE_MONTH_OF_APRIL_2026.csv,4,2026,15,A - IPC Crime,"Murder (Sec.302/303 IPC/103,104 BNS)",Electoral Gain,0,0,0,0,2,Crimes Against Persons,7,Murder,0.95,substring
16,CRIME_REVIEW_FOR_THE_MONTH_OF_APRIL_2026.csv,4,2026,16,A - IPC Crime,"Murder (Sec.302/303 IPC/103,104 BNS)",Gang Rivalry,0,0,0,0,2,Crimes Against Persons,7,Murder,0.95,substring
17,CRIME_REVIEW_FOR_THE_MONTH_OF_APRIL_2026.csv,4,2026,17,A - IPC Crime,"Murder (Sec.302/303 IPC/103,104 BNS)",Love Intrigue,5,0,2,1,2,Crimes Against Persons,7,Murder,0.95,substring
18,CRIME_REVIEW_FOR_THE_MONTH_OF_APRIL_2026.csv,4,2026,18,A - IPC Crime,"Murder (Sec.302/303 IPC/103,104 BNS)",Professional,0,0,0,0,2,Crimes Against Persons,7,Murder,0.95,substring
19,CRIME_REVIEW_FOR_THE_MONTH_OF_APRIL_2026.csv,4,2026,19,A - IPC Crime,"Murder (Sec.302/303 IPC/103,104 BNS)",Psychopathic/Serial Killer/Lunacy,0,0,0,0,2,Crimes Against Persons,7,Murder,0.95,substring
20,CRIME_REVIEW_FOR_THE_MONTH_OF_APRIL_2026.csv,4,2026,20,A - IPC Crime,"Murder (Sec.302/303 IPC/103,104 BNS)",Rape with Murder,5,0,1,0,2,Crimes Against Persons,7,Murder,0.95,substring
21,CRIME_REVIEW_FOR_THE_MONTH_OF_APRIL_2026.csv,4,2026,21,A - IPC Crime,"Murder (Sec.302/303 IPC/103,104 BNS)",Revenge/Enemity,10,2,2,4,2,Crimes Against Persons,7,Murder,0.95,substring
22,CRIME_REVIEW_FOR_THE_MONTH_OF_APRIL_2026.csv,4,2026,22,A - IPC Crime,"Murder (Sec.302/303 IPC/103,104 BNS)",Sudden Quarrel,25,10,7,7,2,Crimes Against Persons,7,Murder,0.95,substring
23,CRIME_REVIEW_FOR_THE_MONTH_OF_APRIL_2026.csv,4,2026,23,A - IPC Crime,"Murder (Sec.302/303 IPC/103,104 BNS)",Village Dispute,0,0,0,0,2,Crimes Against Persons,7,Murder,0.95,substring
24,CRIME_REVIEW_FOR_THE_MONTH_OF_APRIL_2026.csv,4,2026,24,A - IPC Crime,"Murder (Sec.302/303 IPC/103,104 BNS)",Custodial,0,0,0,0,2,Crimes Against Persons,7,Murder,0.95,substring
25,CRIME_REVIEW_FOR_THE_MONTH_OF_APRIL_2026.csv,4,2026,25,A - IPC Crime,"Murder (Sec.302/303 IPC/103,104 BNS)",Due to Other Causes,268,85,85,50,2,Crimes Against Persons,7,Murder,0.95,substring
26,CRIME_REVIEW_FOR_THE_MONTH_OF_APRIL_2026.csv,4,2026,26,A - IPC Crime,ATTEMPT TO MURDER (Sec. 307 IPC/109BNS),For Gain,8,1,2,2,2,Crimes Against Persons,7,Murder,0.95,substring
27,CRIME_REVIEW_FOR_THE_MONTH_OF_APRIL_2026.csv,4,2026,27,A - IPC Crime,ATTEMPT TO MURDER (Sec. 307 IPC/109BNS),Over Property Dispute,22,8,7,10,2,Crimes Against Persons,7,Murder,0.95,substring
28,CRIME_REVIEW_FOR_THE_MONTH_OF_APRIL_2026.csv,4,2026,28,A - IPC Crime,ATTEMPT TO MURDER (Sec. 307 IPC/109BNS),Due to Personal Vendetta or enemity,35,4,10,9,2,Crimes Against Persons,7,Murder,0.95,substring
29,CRIME_REVIEW_FOR_THE_MONTH_OF_APRIL_2026.csv,4,2026,29,A - IPC Crime,ATTEMPT TO MURDER (Sec. 307 IPC/109BNS),Due to Sexual jealousy,3,4,1,0,2,Crimes Against Persons,7,Murder,0.95,substring
30,CRIME_REVIEW_FOR_THE_MONTH_OF_APRIL_2026.csv,4,2026,30,A - IPC Crime,ATTEMPT TO MURDER (Sec. 307 IPC/109BNS),For Dowry other Means,11,1,1,5,2,Crimes Against Persons,7,Murder,0.95,substring
31,CRIME_REVIEW_FOR_THE_MONTH_OF_APRIL_2026.csv,4,2026,31,A - IPC Crime,ATTEMPT TO MURDER (Sec. 307 IPC/109BNS),Dowry By Burning,0,0,0,0,2,Crimes Against Persons,7,Murder,0.95,substring
32,CRIME_REVIEW_FOR_THE_MONTH_OF_APRIL_2026.csv,4,2026,32,A - IPC Crime,ATTEMPT TO MURDER (Sec. 307 IPC/109BNS),Due to Communalism,2,0,0,0,2,Crimes Against Persons,7,Murder,0.95,substring
33,CRIME_REVIEW_FOR_THE_MONTH_OF_APRIL_2026.csv,4,2026,33,A - IPC Crime,ATTEMPT TO MURDER (Sec. 307 IPC/109BNS),Due to Casteism,2,0,2,0,2,Crimes Against Persons,7,Murder,0.95,substring
34,CRIME_REVIEW_FOR_THE_MONTH_OF_APRIL_2026.csv,4,2026,34,A - IPC Crime,ATTEMPT TO MURDER (Sec. 307 IPC/109BNS),Witch Craft (Sorcery),0,0,0,0,2,Crimes Against Persons,7,Murder,0.95,substring
35,CRIME_REVIEW_FOR_THE_MONTH_OF_APRIL_2026.csv,4,2026,35,A - IPC Crime,ATTEMPT TO MURDER (Sec. 307 IPC/109BNS),For Human Sacrifice,0,0,0,0,2,Crimes Against Persons,7,Murder,0.95,substring
36,CRIME_REVIEW_FOR_THE_MONTH_OF_APRIL_2026.csv,4,2026,36,A - IPC Crime,ATTEMPT TO MURDER (Sec. 307 IPC/109BNS),Terrorism /Naxalism / Extremism,0,0,0,0,2,Crimes Against Persons,7,Murder,0.95,substring
37,CRIME_REVIEW_FOR_THE_MONTH_OF_APRIL_2026.csv,4,2026,37,A - IPC Crime,ATTEMPT TO MURDER (Sec. 307 IPC/109BNS),For Political Reasons,2,0,0,1,2,Crimes Against Persons,7,Murder,0.95,substring
38,CRIME_REVIEW_FOR_THE_MONTH_OF_APRIL_2026.csv,4,2026,38,A - IPC Crime,ATTEMPT TO MURDER (Sec. 307 IPC/109BNS),Adultery,4,2,2,1,2,Crimes Against Persons,7,Murder,0.95,substring
39,CRIME_REVIEW_FOR_THE_MONTH_OF_APRIL_2026.csv,4,2026,39,A - IPC Crime,ATTEMPT TO MURDER (Sec. 307 IPC/109BNS),Electoral Gain,0,0,0,0,2,Crimes Against Persons,7,Murder,0.95,substring
40,CRIME_REVIEW_FOR_THE_MONTH_OF_APRIL_2026.csv,4,2026,40,A - IPC Crime,ATTEMPT TO MURDER (Sec. 307 IPC/109BNS),Gang Rivalry,3,0,1,1,2,Crimes Against Persons,7,Murder,0.95,substring
41,CRIME_REVIEW_FOR_THE_MONTH_OF_APRIL_2026.csv,4,2026,41,A - IPC Crime,ATTEMPT TO MURDER (Sec. 307 IPC/109BNS),Love Intrigue,5,1,2,1,2,Crimes Against Persons,7,Murder,0.95,substring
42,CRIME_REVIEW_FOR_THE_MONTH_OF_APRIL_2026.csv,4,2026,42,A - IPC Crime,ATTEMPT TO MURDER (Sec. 307 IPC/109BNS),Professional,0,0,0,0,2,Crimes Against Persons,7,Murder,0.95,substring
43,CRIME_REVIEW_FOR_THE_MONTH_OF_APRIL_2026.csv,4,2026,43,A - IPC Crime,ATTEMPT TO MURDER (Sec. 307 IPC/109BNS),Rape,0,0,0,0,2,Crimes Against Persons,7,Murder,0.95,substring
44,CRIME_REVIEW_FOR_THE_MONTH_OF_APRIL_2026.csv,4,2026,44,A - IPC Crime,ATTEMPT TO MURDER (Sec. 307 IPC/109BNS),Revenge/Enemity,69,22,18,13,2,Crimes Against Persons,7,Murder,0.95,substring
45,CRIME_REVIEW_FOR_THE_MONTH_OF_APRIL_2026.csv,4,2026,45,A - IPC Crime,ATTEMPT TO MURDER (Sec. 307 IPC/109BNS),Sudden Quarrel,138,20,41,32,2,Crimes Against Persons,7,Murder,0.95,substring
46,CRIME_REVIEW_FOR_THE_MONTH_OF_APRIL_2026.csv,4,2026,46,A - IPC Crime,ATTEMPT TO MURDER (Sec. 307 IPC/109BNS),Village Dispute,8,0,2,2,2,Crimes Against Persons,7,Murder,0.95,substring
47,CRIME_REVIEW_FOR_THE_MONTH_OF_APRIL_2026.csv,4,2026,47,A - IPC Crime,ATTEMPT TO MURDER (Sec. 307 IPC/109BNS),Due to Other Causes,819,191,246,211,2,Crimes Against Persons,7,Murder,0.95,substring
48,CRIME_REVIEW_FOR_THE_MONTH_OF_APRIL_2026.csv,4,2026,48,A - IPC Crime,ATTEMPT TO MURDER (Sec. 307 IPC/109BNS),Civil Disputes,117,29,32,31,2,Crimes Against Persons,7,Murder,0.95,substring
49,CRIME_REVIEW_FOR_THE_MONTH_OF_APRIL_2026.csv,4,2026,49,A - IPC Crime,CULPABLE HOMICIDE NOT AMOUNTING TO MUDER (Sec.304 IPC/105 BNS),For Gain,0,0,0,0,3,Cyber Crime,,,0.4,token_overlap
50,CRIME_REVIEW_FOR_THE_MONTH_OF_APRIL_2026.csv,4,2026,50,A - IPC Crime,CULPABLE HOMICIDE NOT AMOUNTING TO MUDER (Sec.304 IPC/105 BNS),Over Civil Dispute,0,0,0,0,3,Cyber Crime,,,0.4,token_overlap
51,CRIME_REVIEW_FOR_THE_MONTH_OF_APRIL_2026.csv,4,2026,51,A - IPC Crime,CULPABLE HOMICIDE NOT AMOUNTING TO MUDER (Sec.304 IPC/105 BNS),Due to Personal Vendetta or enemity,0,0,0,0,3,Cyber Crime,,,0.4,token_overlap
52,CRIME_REVIEW_FOR_THE_MONTH_OF_APRIL_2026.csv,4,2026,52,A - IPC Crime,CULPABLE HOMICIDE NOT AMOUNTING TO MUDER (Sec.304 IPC/105 BNS),Due to Sexual jealousy,0,0,0,0,3,Cyber Crime,,,0.4,token_overlap
53,CRIME_REVIEW_FOR_THE_MONTH_OF_APRIL_2026.csv,4,2026,53,A - IPC Crime,CULPABLE HOMICIDE NOT AMOUNTING TO MUDER (Sec.304 IPC/105 BNS),For Dowry,0,0,0,0,3,Cyber Crime,,,0.4,token_overlap
54,CRIME_REVIEW_FOR_THE_MONTH_OF_APRIL_2026.csv,4,2026,54,A - IPC Crime,CULPABLE HOMICIDE NOT AMOUNTING TO MUDER (Sec.304 IPC/105 BNS),Due to Communalism,0,0,0,0,3,Cyber Crime,,,0.4,token_overlap
55,CRIME_REVIEW_FOR_THE_MONTH_OF_APRIL_2026.csv,4,2026,55,A - IPC Crime,CULPABLE HOMICIDE NOT AMOUNTING TO MUDER (Sec.304 IPC/105 BNS),Due to Casteism,0,0,0,0,3,Cyber Crime,,,0.4,token_overlap
56,CRIME_REVIEW_FOR_THE_MONTH_OF_APRIL_2026.csv,4,2026,56,A - IPC Crime,CULPABLE HOMICIDE NOT AMOUNTING TO MUDER (Sec.304 IPC/105 BNS),Witch Craft (Sorcery),0,0,0,0,3,Cyber Crime,,,0.4,token_overlap
57,CRIME_REVIEW_FOR_THE_MONTH_OF_APRIL_2026.csv,4,2026,57,A - IPC Crime,CULPABLE HOMICIDE NOT AMOUNTING TO MUDER (Sec.304 IPC/105 BNS),For Human Sacrifice,0,0,0,0,3,Cyber Crime,,,0.4,token_overlap
58,CRIME_REVIEW_FOR_THE_MONTH_OF_APRIL_2026.csv,4,2026,58,A - IPC Crime,CULPABLE HOMICIDE NOT AMOUNTING TO MUDER (Sec.304 IPC/105 BNS),Terrorism /Naxalism / Extremism,0,0,0,0,3,Cyber Crime,,,0.4,token_overlap
59,CRIME_REVIEW_FOR_THE_MONTH_OF_APRIL_2026.csv,4,2026,59,A - IPC Crime,CULPABLE HOMICIDE NOT AMOUNTING TO MUDER (Sec.304 IPC/105 BNS),For Political Reasons,0,0,0,0,3,Cyber Crime,,,0.4,token_overlap
60,CRIME_REVIEW_FOR_THE_MONTH_OF_APRIL_2026.csv,4,2026,60,A - IPC Crime,CULPABLE HOMICIDE NOT AMOUNTING TO MUDER (Sec.304 IPC/105 BNS),Adultery,0,0,0,0,3,Cyber Crime,,,0.4,token_overlap
61,CRIME_REVIEW_FOR_THE_MONTH_OF_APRIL_2026.csv,4,2026,61,A - IPC Crime,CULPABLE HOMICIDE NOT AMOUNTING TO MUDER (Sec.304 IPC/105 BNS),Property Disputes,0,0,0,0,3,Cyber Crime,,,0.4,token_overlap
62,CRIME_REVIEW_FOR_THE_MONTH_OF_APRIL_2026.csv,4,2026,62,A - IPC Crime,CULPABLE HOMICIDE NOT AMOUNTING TO MUDER (Sec.304 IPC/105 BNS),Electoral Gain,0,0,0,0,3,Cyber Crime,,,0.4,token_overlap
63,CRIME_REVIEW_FOR_THE_MONTH_OF_APRIL_2026.csv,4,2026,63,A - IPC Crime,CULPABLE HOMICIDE NOT AMOUNTING TO MUDER (Sec.304 IPC/105 BNS),Gang Rivalry,0,0,0,0,3,Cyber Crime,,,0.4,token_overlap
64,CRIME_REVIEW_FOR_THE_MONTH_OF_APRIL_2026.csv,4,2026,64,A - IPC Crime,CULPABLE HOMICIDE NOT AMOUNTING TO MUDER (Sec.304 IPC/105 BNS),Love Intrigue,0,0,0,0,3,Cyber Crime,,,0.4,token_overlap
65,CRIME_REVIEW_FOR_THE_MONTH_OF_APRIL_2026.csv,4,2026,65,A - IPC Crime,CULPABLE HOMICIDE NOT AMOUNTING TO MUDER (Sec.304 IPC/105 BNS),Professional,0,0,0,0,3,Cyber Crime,,,0.4,token_overlap
66,CRIME_REVIEW_FOR_THE_MONTH_OF_APRIL_2026.csv,4,2026,66,A - IPC Crime,CULPABLE HOMICIDE NOT AMOUNTING TO MUDER (Sec.304 IPC/105 BNS),Sudden Quarrel,1,2,0,0,3,Cyber Crime,,,0.4,token_overlap
67,CRIME_REVIEW_FOR_THE_MONTH_OF_APRIL_2026.csv,4,2026,67,A - IPC Crime,CULPABLE HOMICIDE NOT AMOUNTING TO MUDER (Sec.304 IPC/105 BNS),Due to Other Causes,24,10,12,5,3,Cyber Crime,,,0.4,token_overlap
68,CRIME_REVIEW_FOR_THE_MONTH_OF_APRIL_2026.csv,4,2026,68,A - IPC Crime,CULPABLE HOMICIDE NOT AMOUNTING TO MUDER (Sec.304 IPC/105 BNS),Fatal (Drink & Drive),10,3,5,4,3,Cyber Crime,,,0.4,token_overlap
69,CRIME_REVIEW_FOR_THE_MONTH_OF_APRIL_2026.csv,4,2026,69,A - IPC Crime,ATTEMPT TO CULPABLE HOMICIDE NOT AMOUNTING TO MURDER (Sec. 308 IPC/110 BNS),For Gain,0,0,0,0,2,Crimes Against Persons,7,Murder,0.95,substring
70,CRIME_REVIEW_FOR_THE_MONTH_OF_APRIL_2026.csv,4,2026,70,A - IPC Crime,ATTEMPT TO CULPABLE HOMICIDE NOT AMOUNTING TO MURDER (Sec. 308 IPC/110 BNS),Over Civil Dispute,0,0,0,0,2,Crimes Against Persons,7,Murder,0.95,substring
71,CRIME_REVIEW_FOR_THE_MONTH_OF_APRIL_2026.csv,4,2026,71,A - IPC Crime,ATTEMPT TO CULPABLE HOMICIDE NOT AMOUNTING TO MURDER (Sec. 308 IPC/110 BNS),Due to Personal Vendetta or enemity,0,0,0,0,2,Crimes Against Persons,7,Murder,0.95,substring
72,CRIME_REVIEW_FOR_THE_MONTH_OF_APRIL_2026.csv,4,2026,72,A - IPC Crime,ATTEMPT TO CULPABLE HOMICIDE NOT AMOUNTING TO MURDER (Sec. 308 IPC/110 BNS),Due to Sexual jealousy,0,0,0,0,2,Crimes Against Persons,7,Murder,0.95,substring
73,CRIME_REVIEW_FOR_THE_MONTH_OF_APRIL_2026.csv,4,2026,73,A - IPC Crime,ATTEMPT TO CULPABLE HOMICIDE NOT AMOUNTING TO MURDER (Sec. 308 IPC/110 BNS),For Dowry,0,0,0,0,2,Crimes Against Persons,7,Murder,0.95,substring
74,CRIME_REVIEW_FOR_THE_MONTH_OF_APRIL_2026.csv,4,2026,74,A - IPC Crime,ATTEMPT TO CULPABLE HOMICIDE NOT AMOUNTING TO MURDER (Sec. 308 IPC/110 BNS),Due to Communalism,0,0,0,0,2,Crimes Against Persons,7,Murder,0.95,substring
75,CRIME_REVIEW_FOR_THE_MONTH_OF_APRIL_2026.csv,4,2026,75,A - IPC Crime,ATTEMPT TO CULPABLE HOMICIDE NOT AMOUNTING TO MURDER (Sec. 308 IPC/110 BNS),Due to Casteism,0,0,0,0,2,Crimes Against Persons,7,Murder,0.95,substring
76,CRIME_REVIEW_FOR_THE_MONTH_OF_APRIL_2026.csv,4,2026,76,A - IPC Crime,ATTEMPT TO CULPABLE HOMICIDE NOT AMOUNTING TO MURDER (Sec. 308 IPC/110 BNS),Witch Craft (Sorcery),0,0,0,0,2,Crimes Against Persons,7,Murder,0.95,substring
77,CRIME_REVIEW_FOR_THE_MONTH_OF_APRIL_2026.csv,4,2026,77,A - IPC Crime,ATTEMPT TO CULPABLE HOMICIDE NOT AMOUNTING TO MURDER (Sec. 308 IPC/110 BNS),For Human Sacrifice,0,0,0,0,2,Crimes Against Persons,7,Murder,0.95,substring
78,CRIME_REVIEW_FOR_THE_MONTH_OF_APRIL_2026.csv,4,2026,78,A - IPC Crime,ATTEMPT TO CULPABLE HOMICIDE NOT AMOUNTING TO MURDER (Sec. 308 IPC/110 BNS),Terrorism /Naxalism / Extremism,0,0,0,0,2,Crimes Against Persons,7,Murder,0.95,substring
79,CRIME_REVIEW_FOR_THE_MONTH_OF_APRIL_2026.csv,4,2026,79,A - IPC Crime,ATTEMPT TO CULPABLE HOMICIDE NOT AMOUNTING TO MURDER (Sec. 308 IPC/110 BNS),For Political Reasons,0,0,0,0,2,Crimes Against Persons,7,Murder,0.95,substring
80,CRIME_REVIEW_FOR_THE_MONTH_OF_APRIL_2026.csv,4,2026,80,A - IPC Crime,ATTEMPT TO CULPABLE HOMICIDE NOT AMOUNTING TO MURDER (Sec. 308 IPC/110 BNS),Due to Other Causes,21,7,9,5,2,Crimes Against Persons,7,Murder,0.95,substring
81,CRIME_REVIEW_FOR_THE_MONTH_OF_APRIL_2026.csv,4,2026,81,A - IPC Crime,ATTEMPT TO CULPABLE HOMICIDE NOT AMOUNTING TO MURDER (Sec. 308 IPC/110 BNS),Adultery,0,0,0,0,2,Crimes Against Persons,7,Murder,0.95,substring
82,CRIME_REVIEW_FOR_THE_MONTH_OF_APRIL_2026.csv,4,2026,82,A - IPC Crime,ATTEMPT TO CULPABLE HOMICIDE NOT AMOUNTING TO MURDER (Sec. 308 IPC/110 BNS),Property Disputes,0,0,0,0,2,Crimes Against Persons,7,Murder,0.95,substring
83,CRIME_REVIEW_FOR_THE_MONTH_OF_APRIL_2026.csv,4,2026,83,A - IPC Crime,ATTEMPT TO CULPABLE HOMICIDE NOT AMOUNTING TO MURDER (Sec. 308 IPC/110 BNS),Electoral Gain,0,0,0,0,2,Crimes Against Persons,7,Murder,0.95,substring
84,CRIME_REVIEW_FOR_THE_MONTH_OF_APRIL_2026.csv,4,2026,84,A - IPC Crime,ATTEMPT TO CULPABLE HOMICIDE NOT AMOUNTING TO MURDER (Sec. 308 IPC/110 BNS),Gang Rivalry,0,0,0,0,2,Crimes Against Persons,7,Murder,0.95,substring
85,CRIME_REVIEW_FOR_THE_MONTH_OF_APRIL_2026.csv,4,2026,85,A - IPC Crime,ATTEMPT TO CULPABLE HOMICIDE NOT AMOUNTING TO MURDER (Sec. 308 IPC/110 BNS),Love Intrigue,0,0,0,0,2,Crimes Against Persons,7,Murder,0.95,substring
86,CRIME_REVIEW_FOR_THE_MONTH_OF_APRIL_2026.csv,4,2026,86,A - IPC Crime,ATTEMPT TO CULPABLE HOMICIDE NOT AMOUNTING TO MURDER (Sec. 308 IPC/110 BNS),Professional,0,0,0,0,2,Crimes Against Persons,7,Murder,0.95,substring
87,CRIME_REVIEW_FOR_THE_MONTH_OF_APRIL_2026.csv,4,2026,87,A - IPC Crime,ATTEMPT TO CULPABLE HOMICIDE NOT AMOUNTING TO MURDER (Sec. 308 IPC/110 BNS),Sudden Quarrel,4,1,2,1,2,Crimes Against Persons,7,Murder,0.95,substring
88,CRIME_REVIEW_FOR_THE_MONTH_OF_APRIL_2026.csv,4,2026,88,A - IPC Crime,"RAPE (Sec.376, 376(A) to 376 (D) IPC/64 TO 71 BNS)",Custodial Rape,0,0,0,0,3,Cyber Crime,,,0.4,token_overlap
89,CRIME_REVIEW_FOR_THE_MONTH_OF_APRIL_2026.csv,4,2026,89,A - IPC Crime,"RAPE (Sec.376, 376(A) to 376 (D) IPC/64 TO 71 BNS)",Attempt to Commit,5,0,1,2,3,Cyber Crime,,,0.4,token_overlap
90,CRIME_REVIEW_FOR_THE_MONTH_OF_APRIL_2026.csv,4,2026,90,A - IPC Crime,"RAPE (Sec.376, 376(A) to 376 (D) IPC/64 TO 71 BNS)",By a Gang,6,2,1,1,3,Cyber Crime,,,0.4,token_overlap
91,CRIME_REVIEW_FOR_THE_MONTH_OF_APRIL_2026.csv,4,2026,91,A - IPC Crime,"RAPE (Sec.376, 376(A) to 376 (D) IPC/64 TO 71 BNS)",By Parents,0,0,0,0,3,Cyber Crime,,,0.4,token_overlap
92,CRIME_REVIEW_FOR_THE_MONTH_OF_APRIL_2026.csv,4,2026,92,A - IPC Crime,"RAPE (Sec.376, 376(A) to 376 (D) IPC/64 TO 71 BNS)",By Hospital Staff,1,0,0,1,3,Cyber Crime,,,0.4,token_overlap
93,CRIME_REVIEW_FOR_THE_MONTH_OF_APRIL_2026.csv,4,2026,93,A - IPC Crime,"RAPE (Sec.376, 376(A) to 376 (D) IPC/64 TO 71 BNS)",By Husband During Sepearation,0,0,0,0,3,Cyber Crime,,,0.4,token_overlap
94,CRIME_REVIEW_FOR_THE_MONTH_OF_APRIL_2026.csv,4,2026,94,A - IPC Crime,"RAPE (Sec.376, 376(A) to 376 (D) IPC/64 TO 71 BNS)",By Neighbours,14,3,3,3,3,Cyber Crime,,,0.4,token_overlap
95,CRIME_REVIEW_FOR_THE_MONTH_OF_APRIL_2026.csv,4,2026,95,A - IPC Crime,"RAPE (Sec.376, 376(A) to 376 (D) IPC/64 TO 71 BNS)",By Relatives,12,4,4,4,3,Cyber Crime,,,0.4,token_overlap
96,CRIME_REVIEW_FOR_THE_MONTH_OF_APRIL_2026.csv,4,2026,96,A - IPC Crime,"RAPE (Sec.376, 376(A) to 376 (D) IPC/64 TO 71 BNS)",In Jail Custody,0,0,0,0,3,Cyber Crime,,,0.4,token_overlap
97,CRIME_REVIEW_FOR_THE_MONTH_OF_APRIL_2026.csv,4,2026,97,A - IPC Crime,"RAPE (Sec.376, 376(A) to 376 (D) IPC/64 TO 71 BNS)",In Remand Home,0,0,0,0,3,Cyber Crime,,,0.4,token_overlap
98,CRIME_REVIEW_FOR_THE_MONTH_OF_APRIL_2026.csv,4,2026,98,A - IPC Crime,"RAPE (Sec.376, 376(A) to 376 (D) IPC/64 TO 71 BNS)",InCest,0,0,0,0,3,Cyber Crime,,,0.4,token_overlap
99,CRIME_REVIEW_FOR_THE_MONTH_OF_APRIL_2026.csv,4,2026,99,A - IPC Crime,"RAPE (Sec.376, 376(A) to 376 (D) IPC/64 TO 71 BNS)",Known Person,94,35,26,29,3,Cyber Crime,,,0.4,token_overlap
100,CRIME_REVIEW_FOR_THE_MONTH_OF_APRIL_2026.csv,4,2026,100,A - IPC Crime,"RAPE (Sec.376, 376(A) to 376 (D) IPC/64 TO 71 BNS)",Unknown Person,4,1,1,1,3,Cyber Crime,,,0.4,token_overlap
101,CRIME_REVIEW_FOR_THE_MONTH_OF_APRIL_2026.csv,4,2026,101,A - IPC Crime,"RAPE (Sec.376, 376(A) to 376 (D) IPC/64 TO 71 BNS)",Due to Other Causes,61,11,15,15,3,Cyber Crime,,,0.4,token_overlap
102,CRIME_REVIEW_FOR_THE_MONTH_OF_APRIL_2026.csv,4,2026,102,A - IPC Crime,"RAPE (Sec.376, 376(A) to 376 (D) IPC/64 TO 71 BNS)",On Minor,0,0,0,0,3,Cyber Crime,,,0.4,token_overlap
103,CRIME_REVIEW_FOR_THE_MONTH_OF_APRIL_2026.csv,4,2026,103,A - IPC Crime,"RAPE (Sec.376, 376(A) to 376 (D) IPC/64 TO 71 BNS)",Sub Total,197,56,51,56,3,Cyber Crime,,,0.4,token_overlap
104,CRIME_REVIEW_FOR_THE_MONTH_OF_APRIL_2026.csv,4,2026,104,A - IPC Crime,"RAPE (Sec.376, 376(A) to 376 (D) IPC/64 TO 71 BNS)",Sexual Intercourse by employing deceitful means (Se 69 BNS),,,,,3,Cyber Crime,,,0.4,token_overlap
105,CRIME_REVIEW_FOR_THE_MONTH_OF_APRIL_2026.csv,4,2026,105,A - IPC Crime,"RAPE (Sec.376, 376(A) to 376 (D) IPC/64 TO 71 BNS)",False promises of marriage,134,13,28,32,3,Cyber Crime,,,0.4,token_overlap
106,CRIME_REVIEW_FOR_THE_MONTH_OF_APRIL_2026.csv,4,2026,106,A - IPC Crime,"RAPE (Sec.376, 376(A) to 376 (D) IPC/64 TO 71 BNS)",Falsely claiming a job promotion or employment,1,0,0,0,3,Cyber Crime,,,0.4,token_overlap
107,CRIME_REVIEW_FOR_THE_MONTH_OF_APRIL_2026.csv,4,2026,107,A - IPC Crime,"RAPE (Sec.376, 376(A) to 376 (D) IPC/64 TO 71 BNS)",Suppressing identity to induce marriage,1,0,1,0,3,Cyber Crime,,,0.4,token_overlap
108,CRIME_REVIEW_FOR_THE_MONTH_OF_APRIL_2026.csv,4,2026,108,A - IPC Crime,"RAPE (Sec.376, 376(A) to 376 (D) IPC/64 TO 71 BNS)",Other,3,0,1,2,3,Cyber Crime,,,0.4,token_overlap
109,CRIME_REVIEW_FOR_THE_MONTH_OF_APRIL_2026.csv,4,2026,109,A - IPC Crime,"KIDNAPPING AND ABDUCTION (Sec.360, 361, 363 to 369 IPC/137(1)(A),137(1)(B),137(2),140 TO 142,97 BNS)",Missing - Boy,1004,271,245,328,2,Crimes Against Persons,8,Kidnapping,0.95,substring
110,CRIME_REVIEW_FOR_THE_MONTH_OF_APRIL_2026.csv,4,2026,110,A - IPC Crime,"KIDNAPPING AND ABDUCTION (Sec.360, 361, 363 to 369 IPC/137(1)(A),137(1)(B),137(2),140 TO 142,97 BNS)",Missing - Girl,334,81,66,68,2,Crimes Against Persons,8,Kidnapping,0.95,substring
111,CRIME_REVIEW_FOR_THE_MONTH_OF_APRIL_2026.csv,4,2026,111,A - IPC Crime,"KIDNAPPING AND ABDUCTION (Sec.360, 361, 363 to 369 IPC/137(1)(A),137(1)(B),137(2),140 TO 142,97 BNS)",For Ransom - of Children,2,0,1,0,2,Crimes Against Persons,8,Kidnapping,0.95,substring
112,CRIME_REVIEW_FOR_THE_MONTH_OF_APRIL_2026.csv,4,2026,112,A - IPC Crime,"KIDNAPPING AND ABDUCTION (Sec.360, 361, 363 to 369 IPC/137(1)(A),137(1)(B),137(2),140 TO 142,97 BNS)",For Ransom - of Cildren for Begging,0,0,0,0,2,Crimes Against Persons,8,Kidnapping,0.95,substring
113,CRIME_REVIEW_FOR_THE_MONTH_OF_APRIL_2026.csv,4,2026,113,A - IPC Crime,"KIDNAPPING AND ABDUCTION (Sec.360, 361, 363 to 369 IPC/137(1)(A),137(1)(B),137(2),140 TO 142,97 BNS)",For Ransom - of Women,1,0,0,1,2,Crimes Against Persons,8,Kidnapping,0.95,substring
114,CRIME_REVIEW_FOR_THE_MONTH_OF_APRIL_2026.csv,4,2026,114,A - IPC Crime,"KIDNAPPING AND ABDUCTION (Sec.360, 361, 363 to 369 IPC/137(1)(A),137(1)(B),137(2),140 TO 142,97 BNS)",For Ransom - of Girls for Immoral Purpose,1,0,0,0,2,Crimes Against Persons,8,Kidnapping,0.95,substring
115,CRIME_REVIEW_FOR_THE_MONTH_OF_APRIL_2026.csv,4,2026,115,A - IPC Crime,"KIDNAPPING AND ABDUCTION (Sec.360, 361, 363 to 369 IPC/137(1)(A),137(1)(B),137(2),140 TO 142,97 BNS)",For Ransom - of  Others,15,7,1,5,2,Crimes Against Persons,8,Kidnapping,0.95,substring
116,CRIME_REVIEW_FOR_THE_MONTH_OF_APRIL_2026.csv,4,2026,116,A - IPC Crime,"KIDNAPPING AND ABDUCTION (Sec.360, 361, 363 to 369 IPC/137(1)(A),137(1)(B),137(2),140 TO 142,97 BNS)",Procuration of Minor Girls - For Prostitution,0,0,0,0,2,Crimes Against Persons,8,Kidnapping,0.95,substring
117,CRIME_REVIEW_FOR_THE_MONTH_OF_APRIL_2026.csv,4,2026,117,A - IPC Crime,"KIDNAPPING AND ABDUCTION (Sec.360, 361, 363 to 369 IPC/137(1)(A),137(1)(B),137(2),140 TO 142,97 BNS)",Procuration of Minor Girls - Importring of Girl,0,0,0,0,2,Crimes Against Persons,8,Kidnapping,0.95,substring
118,CRIME_REVIEW_FOR_THE_MONTH_OF_APRIL_2026.csv,4,2026,118,A - IPC Crime,"KIDNAPPING AND ABDUCTION (Sec.360, 361, 363 to 369 IPC/137(1)(A),137(1)(B),137(2),140 TO 142,97 BNS)",Procuration of Minor Girls - For other Purpose,0,1,0,0,2,Crimes Against Persons,8,Kidnapping,0.95,substring
119,CRIME_REVIEW_FOR_THE_MONTH_OF_APRIL_2026.csv,4,2026,119,A - IPC Crime,"KIDNAPPING AND ABDUCTION (Sec.360, 361, 363 to 369 IPC/137(1)(A),137(1)(B),137(2),140 TO 142,97 BNS)",Espionage,0,0,0,0,2,Crimes Against Persons,8,Kidnapping,0.95,substring
120,CRIME_REVIEW_FOR_THE_MONTH_OF_APRIL_2026.csv,4,2026,120,A - IPC Crime,"KIDNAPPING AND ABDUCTION (Sec.360, 361, 363 to 369 IPC/137(1)(A),137(1)(B),137(2),140 TO 142,97 BNS)",Intent to Steal From Child,0,0,0,0,2,Crimes Against Persons,8,Kidnapping,0.95,substring
121,CRIME_REVIEW_FOR_THE_MONTH_OF_APRIL_2026.csv,4,2026,121,A - IPC Crime,"KIDNAPPING AND ABDUCTION (Sec.360, 361, 363 to 369 IPC/137(1)(A),137(1)(B),137(2),140 TO 142,97 BNS)",Murder (Homicide),0,0,0,0,2,Crimes Against Persons,7,Murder,0.95,substring
122,CRIME_REVIEW_FOR_THE_MONTH_OF_APRIL_2026.csv,4,2026,122,A - IPC Crime,"KIDNAPPING AND ABDUCTION (Sec.360, 361, 363 to 369 IPC/137(1)(A),137(1)(B),137(2),140 TO 142,97 BNS)",Obtain Signature Forcibly,1,0,0,0,2,Crimes Against Persons,8,Kidnapping,0.95,substring
123,CRIME_REVIEW_FOR_THE_MONTH_OF_APRIL_2026.csv,4,2026,123,A - IPC Crime,"KIDNAPPING AND ABDUCTION (Sec.360, 361, 363 to 369 IPC/137(1)(A),137(1)(B),137(2),140 TO 142,97 BNS)",Recovering Loan,2,0,0,1,2,Crimes Against Persons,8,Kidnapping,0.95,substring
124,CRIME_REVIEW_FOR_THE_MONTH_OF_APRIL_2026.csv,4,2026,124,A - IPC Crime,"KIDNAPPING AND ABDUCTION (Sec.360, 361, 363 to 369 IPC/137(1)(A),137(1)(B),137(2),140 TO 142,97 BNS)",Settling any Disputes,0,0,0,0,2,Crimes Against Persons,8,Kidnapping,0.95,substring
125,CRIME_REVIEW_FOR_THE_MONTH_OF_APRIL_2026.csv,4,2026,125,A - IPC Crime,"KIDNAPPING AND ABDUCTION (Sec.360, 361, 363 to 369 IPC/137(1)(A),137(1)(B),137(2),140 TO 142,97 BNS)",Unnatural Lust / Illicit Intercourse,0,0,0,0,2,Crimes Against Persons,8,Kidnapping,0.95,substring
126,CRIME_REVIEW_FOR_THE_MONTH_OF_APRIL_2026.csv,4,2026,126,A - IPC Crime,"KIDNAPPING AND ABDUCTION (Sec.360, 361, 363 to 369 IPC/137(1)(A),137(1)(B),137(2),140 TO 142,97 BNS)",Wrongful Confinement,11,2,3,4,2,Crimes Against Persons,8,Kidnapping,0.95,substring
127,CRIME_REVIEW_FOR_THE_MONTH_OF_APRIL_2026.csv,4,2026,127,A - IPC Crime,"KIDNAPPING AND ABDUCTION (Sec.360, 361, 363 to 369 IPC/137(1)(A),137(1)(B),137(2),140 TO 142,97 BNS)",For Exporting,0,0,0,0,2,Crimes Against Persons,8,Kidnapping,0.95,substring
128,CRIME_REVIEW_FOR_THE_MONTH_OF_APRIL_2026.csv,4,2026,128,A - IPC Crime,"KIDNAPPING AND ABDUCTION (Sec.360, 361, 363 to 369 IPC/137(1)(A),137(1)(B),137(2),140 TO 142,97 BNS)",From Lawful Guardianship,2,0,0,1,2,Crimes Against Persons,8,Kidnapping,0.95,substring
129,CRIME_REVIEW_FOR_THE_MONTH_OF_APRIL_2026.csv,4,2026,129,A - IPC Crime,"KIDNAPPING AND ABDUCTION (Sec.360, 361, 363 to 369 IPC/137(1)(A),137(1)(B),137(2),140 TO 142,97 BNS)",For Camel Racing Etc.,0,0,0,0,2,Crimes Against Persons,8,Kidnapping,0.95,substring
130,CRIME_REVIEW_FOR_THE_MONTH_OF_APRIL_2026.csv,4,2026,130,A - IPC Crime,"KIDNAPPING AND ABDUCTION (Sec.360, 361, 363 to 369 IPC/137(1)(A),137(1)(B),137(2),140 TO 142,97 BNS)",To Compel For Marriage,1,1,0,0,2,Crimes Against Persons,8,Kidnapping,0.95,substring
131,CRIME_REVIEW_FOR_THE_MONTH_OF_APRIL_2026.csv,4,2026,131,A - IPC Crime,"KIDNAPPING AND ABDUCTION (Sec.360, 361, 363 to 369 IPC/137(1)(A),137(1)(B),137(2),140 TO 142,97 BNS)",For Slavery,0,0,0,0,2,Crimes Against Persons,8,Kidnapping,0.95,substring
132,CRIME_REVIEW_FOR_THE_MONTH_OF_APRIL_2026.csv,4,2026,132,A - IPC Crime,"KIDNAPPING AND ABDUCTION (Sec.360, 361, 363 to 369 IPC/137(1)(A),137(1)(B),137(2),140 TO 142,97 BNS)",For Stealing From its Person,0,0,0,0,2,Crimes Against Persons,8,Kidnapping,0.95,substring
133,CRIME_REVIEW_FOR_THE_MONTH_OF_APRIL_2026.csv,4,2026,133,A - IPC Crime,"KIDNAPPING AND ABDUCTION (Sec.360, 361, 363 to 369 IPC/137(1)(A),137(1)(B),137(2),140 TO 142,97 BNS)",Others,112,28,29,33,2,Crimes Against Persons,8,Kidnapping,0.95,substring
134,CRIME_REVIEW_FOR_THE_MONTH_OF_APRIL_2026.csv,4,2026,134,A - IPC Crime,"DACOITY (Sec. 395 to 398 IPC/310(2),310(4),311,312 BNS)",At ATM,0,0,0,0,3,Cyber Crime,,,0.4,token_overlap
135,CRIME_REVIEW_FOR_THE_MONTH_OF_APRIL_2026.csv,4,2026,135,A - IPC Crime,"DACOITY (Sec. 395 to 398 IPC/310(2),310(4),311,312 BNS)",At Residential Premises,11,2,4,4,3,Cyber Crime,,,0.4,token_overlap
136,CRIME_REVIEW_FOR_THE_MONTH_OF_APRIL_2026.csv,4,2026,136,A - IPC Crime,"DACOITY (Sec. 395 to 398 IPC/310(2),310(4),311,312 BNS)",On Highways,9,2,4,0,3,Cyber Crime,,,0.4,token_overlap
137,CRIME_REVIEW_FOR_THE_MONTH_OF_APRIL_2026.csv,4,2026,137,A - IPC Crime,"DACOITY (Sec. 395 to 398 IPC/310(2),310(4),311,312 BNS)",In Trains,0,0,0,0,3,Cyber Crime,,,0.4,token_overlap
138,CRIME_REVIEW_FOR_THE_MONTH_OF_APRIL_2026.csv,4,2026,138,A - IPC Crime,"DACOITY (Sec. 395 to 398 IPC/310(2),310(4),311,312 BNS)",At Banks,0,0,0,0,3,Cyber Crime,,,0.4,token_overlap
139,CRIME_REVIEW_FOR_THE_MONTH_OF_APRIL_2026.csv,4,2026,139,A - IPC Crime,"DACOITY (Sec. 395 to 398 IPC/310(2),310(4),311,312 BNS)",At Commercial Places / Establishments,1,1,0,0,3,Cyber Crime,,,0.4,token_overlap
140,CRIME_REVIEW_FOR_THE_MONTH_OF_APRIL_2026.csv,4,2026,140,A - IPC Crime,"DACOITY (Sec. 395 to 398 IPC/310(2),310(4),311,312 BNS)",On Other Roads,9,3,6,1,3,Cyber Crime,,,0.4,token_overlap
141,CRIME_REVIEW_FOR_THE_MONTH_OF_APRIL_2026.csv,4,2026,141,A - IPC Crime,"DACOITY (Sec. 395 to 398 IPC/310(2),310(4),311,312 BNS)",In Other Places,17,2,6,2,3,Cyber Crime,,,0.4,token_overlap
142,CRIME_REVIEW_FOR_THE_MONTH_OF_APRIL_2026.csv,4,2026,142,A - IPC Crime,"DACOITY (Sec. 395 to 398 IPC/310(2),310(4),311,312 BNS)",River & Sea,0,0,0,0,3,Cyber Crime,,,0.4,token_overlap
143,CRIME_REVIEW_FOR_THE_MONTH_OF_APRIL_2026.csv,4,2026,143,A - IPC Crime,"DACOITY (Sec. 395 to 398 IPC/310(2),310(4),311,312 BNS)",Preparation And Assembly for Dacoity,9,8,1,2,3,Cyber Crime,,,0.4,token_overlap
144,CRIME_REVIEW_FOR_THE_MONTH_OF_APRIL_2026.csv,4,2026,144,A - IPC Crime,"Robbery (Sec.392 to 394 IPC/309(4),309(5),309(6) BNS)",At ATM,0,0,0,0,3,Cyber Crime,,,0.4,token_overlap
145,CRIME_REVIEW_FOR_THE_MONTH_OF_APRIL_2026.csv,4,2026,145,A - IPC Crime,"Robbery (Sec.392 to 394 IPC/309(4),309(5),309(6) BNS)",At Residential Premises,35,7,11,7,3,Cyber Crime,,,0.4,token_overlap
146,CRIME_REVIEW_FOR_THE_MONTH_OF_APRIL_2026.csv,4,2026,146,A - IPC Crime,"Robbery (Sec.392 to 394 IPC/309(4),309(5),309(6) BNS)",On Highways,23,5,6,8,3,Cyber Crime,,,0.4,token_overlap
147,CRIME_REVIEW_FOR_THE_MONTH_OF_APRIL_2026.csv,4,2026,147,A - IPC Crime,"Robbery (Sec.392 to 394 IPC/309(4),309(5),309(6) BNS)",In Trains,0,0,0,0,3,Cyber Crime,,,0.4,token_overlap
148,CRIME_REVIEW_FOR_THE_MONTH_OF_APRIL_2026.csv,4,2026,148,A - IPC Crime,"Robbery (Sec.392 to 394 IPC/309(4),309(5),309(6) BNS)",At Banks,0,0,0,0,3,Cyber Crime,,,0.4,token_overlap
149,CRIME_REVIEW_FOR_THE_MONTH_OF_APRIL_2026.csv,4,2026,149,A - IPC Crime,"Robbery (Sec.392 to 394 IPC/309(4),309(5),309(6) BNS)",At Commercial Places / Establishments,19,4,2,4,3,Cyber Crime,,,0.4,token_overlap
150,CRIME_REVIEW_FOR_THE_MONTH_OF_APRIL_2026.csv,4,2026,150,A - IPC Crime,"Robbery (Sec.392 to 394 IPC/309(4),309(5),309(6) BNS)",In Other Places,135,22,39,26,3,Cyber Crime,,,0.4,token_overlap
151,CRIME_REVIEW_FOR_THE_MONTH_OF_APRIL_2026.csv,4,2026,151,A - IPC Crime,"Robbery (Sec.392 to 394 IPC/309(4),309(5),309(6) BNS)",Chain Snatching,130,41,39,30,1,Theft & Burglary,3,Chain Snatching,0.95,substring
152,CRIME_REVIEW_FOR_THE_MONTH_OF_APRIL_2026.csv,4,2026,152,A - IPC Crime,"Robbery (Sec.392 to 394 IPC/309(4),309(5),309(6) BNS)",Attempt to Commit,19,1,5,7,3,Cyber Crime,,,0.4,token_overlap
153,CRIME_REVIEW_FOR_THE_MONTH_OF_APRIL_2026.csv,4,2026,153,A - IPC Crime,"BURGLARY - NIGHT (Sec. 380 IPC R/W 453 TO 460, 462 IPC/305,R/W 331(1) TO 331(8),334(2) BNS)",At Residential Premises,815,221,163,225,1,Theft & Burglary,,,0.4,token_overlap
154,CRIME_REVIEW_FOR_THE_MONTH_OF_APRIL_2026.csv,4,2026,154,A - IPC Crime,"BURGLARY - NIGHT (Sec. 380 IPC R/W 453 TO 460, 462 IPC/305,R/W 331(1) TO 331(8),334(2) BNS)",On Highways,1,0,0,0,1,Theft & Burglary,,,0.4,token_overlap
155,CRIME_REVIEW_FOR_THE_MONTH_OF_APRIL_2026.csv,4,2026,155,A - IPC Crime,"BURGLARY - NIGHT (Sec. 380 IPC R/W 453 TO 460, 462 IPC/305,R/W 331(1) TO 331(8),334(2) BNS)",In Trains,0,0,0,0,1,Theft & Burglary,,,0.4,token_overlap
156,CRIME_REVIEW_FOR_THE_MONTH_OF_APRIL_2026.csv,4,2026,156,A - IPC Crime,"BURGLARY - NIGHT (Sec. 380 IPC R/W 453 TO 460, 462 IPC/305,R/W 331(1) TO 331(8),334(2) BNS)",At Banks,14,2,1,3,1,Theft & Burglary,,,0.4,token_overlap
157,CRIME_REVIEW_FOR_THE_MONTH_OF_APRIL_2026.csv,4,2026,157,A - IPC Crime,"BURGLARY - NIGHT (Sec. 380 IPC R/W 453 TO 460, 462 IPC/305,R/W 331(1) TO 331(8),334(2) BNS)",At Commercial Places / Establishments,168,37,40,37,1,Theft & Burglary,,,0.4,token_overlap
158,CRIME_REVIEW_FOR_THE_MONTH_OF_APRIL_2026.csv,4,2026,158,A - IPC Crime,"BURGLARY - NIGHT (Sec. 380 IPC R/W 453 TO 460, 462 IPC/305,R/W 331(1) TO 331(8),334(2) BNS)",In Other Places,104,37,20,28,1,Theft & Burglary,,,0.4,token_overlap
159,CRIME_REVIEW_FOR_THE_MONTH_OF_APRIL_2026.csv,4,2026,159,A - IPC Crime,"BURGLARY - NIGHT (Sec. 380 IPC R/W 453 TO 460, 462 IPC/305,R/W 331(1) TO 331(8),334(2) BNS)",Temple Theft,141,23,42,30,1,Theft & Burglary,,,0.9,substring
160,CRIME_REVIEW_FOR_THE_MONTH_OF_APRIL_2026.csv,4,2026,160,A - IPC Crime,"BURGLARY - DAY (Sec. 380 IPC R/W 453 TO 460, 462 IPC/305,R/W 331(1) TO 331(8), 334(2) BNS)",At Residential Premises,300,92,70,69,1,Theft & Burglary,,,0.4,token_overlap
161,CRIME_REVIEW_FOR_THE_MONTH_OF_APRIL_2026.csv,4,2026,161,A - IPC Crime,"BURGLARY - DAY (Sec. 380 IPC R/W 453 TO 460, 462 IPC/305,R/W 331(1) TO 331(8), 334(2) BNS)",On Highways,0,0,0,0,1,Theft & Burglary,,,0.4,token_overlap
162,CRIME_REVIEW_FOR_THE_MONTH_OF_APRIL_2026.csv,4,2026,162,A - IPC Crime,"BURGLARY - DAY (Sec. 380 IPC R/W 453 TO 460, 462 IPC/305,R/W 331(1) TO 331(8), 334(2) BNS)",In Trains,0,0,0,0,1,Theft & Burglary,,,0.4,token_overlap
163,CRIME_REVIEW_FOR_THE_MONTH_OF_APRIL_2026.csv,4,2026,163,A - IPC Crime,"BURGLARY - DAY (Sec. 380 IPC R/W 453 TO 460, 462 IPC/305,R/W 331(1) TO 331(8), 334(2) BNS)",At Banks,0,0,0,0,1,Theft & Burglary,,,0.4,token_overlap
164,CRIME_REVIEW_FOR_THE_MONTH_OF_APRIL_2026.csv,4,2026,164,A - IPC Crime,"BURGLARY - DAY (Sec. 380 IPC R/W 453 TO 460, 462 IPC/305,R/W 331(1) TO 331(8), 334(2) BNS)",At Commercial Places / Establishments,12,1,2,0,1,Theft & Burglary,,,0.4,token_overlap
165,CRIME_REVIEW_FOR_THE_MONTH_OF_APRIL_2026.csv,4,2026,165,A - IPC Crime,"BURGLARY - DAY (Sec. 380 IPC R/W 453 TO 460, 462 IPC/305,R/W 331(1) TO 331(8), 334(2) BNS)",In Other Places,11,3,4,2,1,Theft & Burglary,,,0.4,token_overlap
166,CRIME_REVIEW_FOR_THE_MONTH_OF_APRIL_2026.csv,4,2026,166,A - IPC Crime,"BURGLARY - DAY (Sec. 380 IPC R/W 453 TO 460, 462 IPC/305,R/W 331(1) TO 331(8), 334(2) BNS)",Temple Theft,7,0,3,3,1,Theft & Burglary,,,0.9,substring
167,CRIME_REVIEW_FOR_THE_MONTH_OF_APRIL_2026.csv,4,2026,167,A - IPC Crime,THEFT (Sec.379 to 389 IPC/303(2) TO 308(7) BNS),Attempt to commit,27,1,7,6,1,Theft & Burglary,,,0.4,token_overlap
168,CRIME_REVIEW_FOR_THE_MONTH_OF_APRIL_2026.csv,4,2026,168,A - IPC Crime,THEFT (Sec.379 to 389 IPC/303(2) TO 308(7) BNS),Of Automobiles - Of Tractors,19,4,7,4,1,Theft & Burglary,,,0.4,token_overlap
169,CRIME_REVIEW_FOR_THE_MONTH_OF_APRIL_2026.csv,4,2026,169,A - IPC Crime,THEFT (Sec.379 to 389 IPC/303(2) TO 308(7) BNS),In Running Bus,51,13,11,22,1,Theft & Burglary,,,0.4,token_overlap
170,CRIME_REVIEW_FOR_THE_MONTH_OF_APRIL_2026.csv,4,2026,170,A - IPC Crime,THEFT (Sec.379 to 389 IPC/303(2) TO 308(7) BNS),Of Snatching,148,58,41,26,1,Theft & Burglary,,,0.4,token_overlap
171,CRIME_REVIEW_FOR_THE_MONTH_OF_APRIL_2026.csv,4,2026,171,A - IPC Crime,THEFT (Sec.379 to 389 IPC/303(2) TO 308(7) BNS),At ATM,10,3,3,1,1,Theft & Burglary,,,0.4,token_overlap
172,CRIME_REVIEW_FOR_THE_MONTH_OF_APRIL_2026.csv,4,2026,172,A - IPC Crime,THEFT (Sec.379 to 389 IPC/303(2) TO 308(7) BNS),Of Sand,654,147,168,139,1,Theft & Burglary,,,0.4,token_overlap
173,CRIME_REVIEW_FOR_THE_MONTH_OF_APRIL_2026.csv,4,2026,173,A - IPC Crime,THEFT (Sec.379 to 389 IPC/303(2) TO 308(7) BNS),Government Office,11,1,2,4,1,Theft & Burglary,,,0.4,token_overlap
174,CRIME_REVIEW_FOR_THE_MONTH_OF_APRIL_2026.csv,4,2026,174,A - IPC Crime,THEFT (Sec.379 to 389 IPC/303(2) TO 308(7) BNS),Of Mines,26,16,3,8,1,Theft & Burglary,,,0.4,token_overlap
175,CRIME_REVIEW_FOR_THE_MONTH_OF_APRIL_2026.csv,4,2026,175,A - IPC Crime,THEFT (Sec.379 to 389 IPC/303(2) TO 308(7) BNS),Communication And Elec. Wire,133,21,37,38,1,Theft & Burglary,,,0.4,token_overlap
176,CRIME_REVIEW_FOR_THE_MONTH_OF_APRIL_2026.csv,4,2026,176,A - IPC Crime,THEFT (Sec.379 to 389 IPC/303(2) TO 308(7) BNS),Of Cattle,193,52,61,36,1,Theft & Burglary,,,0.4,token_overlap
177,CRIME_REVIEW_FOR_THE_MONTH_OF_APRIL_2026.csv,4,2026,177,A - IPC Crime,THEFT (Sec.379 to 389 IPC/303(2) TO 308(7) BNS),Of Cycle,9,4,4,2,1,Theft & Burglary,,,0.4,token_overlap
178,CRIME_REVIEW_FOR_THE_MONTH_OF_APRIL_2026.csv,4,2026,178,A - IPC Crime,THEFT (Sec.379 to 389 IPC/303(2) TO 308(7) BNS),Of Automobiles - Of Lorries/Trucks,27,11,6,11,1,Theft & Burglary,,,0.4,token_overlap
179,CRIME_REVIEW_FOR_THE_MONTH_OF_APRIL_2026.csv,4,2026,179,A - IPC Crime,THEFT (Sec.379 to 389 IPC/303(2) TO 308(7) BNS),Of Automobiles - Of Buses,3,0,0,2,1,Theft & Burglary,,,0.4,token_overlap
180,CRIME_REVIEW_FOR_THE_MONTH_OF_APRIL_2026.csv,4,2026,180,A - IPC Crime,THEFT (Sec.379 to 389 IPC/303(2) TO 308(7) BNS),Of Automobiles - Of Cars / Jeeps,61,16,11,16,1,Theft & Burglary,,,0.4,token_overlap
181,CRIME_REVIEW_FOR_THE_MONTH_OF_APRIL_2026.csv,4,2026,181,A - IPC Crime,THEFT (Sec.379 to 389 IPC/303(2) TO 308(7) BNS),Of Automobiles - Of Two Wheelers,2832,760,704,751,1,Theft & Burglary,,,0.4,token_overlap
182,CRIME_REVIEW_FOR_THE_MONTH_OF_APRIL_2026.csv,4,2026,182,A - IPC Crime,THEFT (Sec.379 to 389 IPC/303(2) TO 308(7) BNS),Of Automobies - of Three Wheelers,65,22,27,20,1,Theft & Burglary,,,0.4,token_overlap
183,CRIME_REVIEW_FOR_THE_MONTH_OF_APRIL_2026.csv,4,2026,183,A - IPC Crime,THEFT (Sec.379 to 389 IPC/303(2) TO 308(7) BNS),Of Accessories of Motor Vehicle,43,21,9,8,1,Theft & Burglary,2,Vehicle Theft,0.95,substring
184,CRIME_REVIEW_FOR_THE_MONTH_OF_APRIL_2026.csv,4,2026,184,A - IPC Crime,THEFT (Sec.379 to 389 IPC/303(2) TO 308(7) BNS),Govt. Vehicle,0,0,0,0,1,Theft & Burglary,2,Vehicle Theft,0.95,substring
185,CRIME_REVIEW_FOR_THE_MONTH_OF_APRIL_2026.csv,4,2026,185,A - IPC Crime,THEFT (Sec.379 to 389 IPC/303(2) TO 308(7) BNS),"Electronic Goods (Radio, TV, VCR, Acs, Office Automation Equipments)",284,89,65,67,1,Theft & Burglary,,,0.4,token_overlap
186,CRIME_REVIEW_FOR_THE_MONTH_OF_APRIL_2026.csv,4,2026,186,A - IPC Crime,THEFT (Sec.379 to 389 IPC/303(2) TO 308(7) BNS),Of Fire Arms,1,0,1,0,1,Theft & Burglary,,,0.4,token_overlap
187,CRIME_REVIEW_FOR_THE_MONTH_OF_APRIL_2026.csv,4,2026,187,A - IPC Crime,THEFT (Sec.379 to 389 IPC/303(2) TO 308(7) BNS),Of Explosives,0,0,0,0,1,Theft & Burglary,,,0.4,token_overlap
188,CRIME_REVIEW_FOR_THE_MONTH_OF_APRIL_2026.csv,4,2026,188,A - IPC Crime,THEFT (Sec.379 to 389 IPC/303(2) TO 308(7) BNS),Of Cultural - Idols,2,2,0,1,1,Theft & Burglary,,,0.4,token_overlap
189,CRIME_REVIEW_FOR_THE_MONTH_OF_APRIL_2026.csv,4,2026,189,A - IPC Crime,THEFT (Sec.379 to 389 IPC/303(2) TO 308(7) BNS),Of Cultural - Painting,0,0,0,0,1,Theft & Burglary,,,0.4,token_overlap
190,CRIME_REVIEW_FOR_THE_MONTH_OF_APRIL_2026.csv,4,2026,190,A - IPC Crime,THEFT (Sec.379 to 389 IPC/303(2) TO 308(7) BNS),Of Cultrual - Others,64,19,14,17,1,Theft & Burglary,,,0.4,token_overlap
191,CRIME_REVIEW_FOR_THE_MONTH_OF_APRIL_2026.csv,4,2026,191,A - IPC Crime,THEFT (Sec.379 to 389 IPC/303(2) TO 308(7) BNS),Cash,135,44,37,30,1,Theft & Burglary,,,0.4,token_overlap
192,CRIME_REVIEW_FOR_THE_MONTH_OF_APRIL_2026.csv,4,2026,192,A - IPC Crime,THEFT (Sec.379 to 389 IPC/303(2) TO 308(7) BNS),Jewellery,478,138,122,139,1,Theft & Burglary,,,0.4,token_overlap
193,CRIME_REVIEW_FOR_THE_MONTH_OF_APRIL_2026.csv,4,2026,193,A - IPC Crime,THEFT (Sec.379 to 389 IPC/303(2) TO 308(7) BNS),Other Items Not Included Above,559,127,123,135,1,Theft & Burglary,,,0.4,token_overlap
194,CRIME_REVIEW_FOR_THE_MONTH_OF_APRIL_2026.csv,4,2026,194,A - IPC Crime,THEFT (Sec.379 to 389 IPC/303(2) TO 308(7) BNS),In Running Train,8,6,3,3,1,Theft & Burglary,,,0.4,token_overlap
195,CRIME_REVIEW_FOR_THE_MONTH_OF_APRIL_2026.csv,4,2026,195,A - IPC Crime,THEFT (Sec.379 to 389 IPC/303(2) TO 308(7) BNS),Extortion,71,15,23,13,1,Theft & Burglary,,,0.4,token_overlap
196,CRIME_REVIEW_FOR_THE_MONTH_OF_APRIL_2026.csv,4,2026,196,A - IPC Crime,THEFT (Sec.379 to 389 IPC/303(2) TO 308(7) BNS),House Theft,654,142,176,139,1,Theft & Burglary,,,0.4,token_overlap
197,CRIME_REVIEW_FOR_THE_MONTH_OF_APRIL_2026.csv,4,2026,197,A - IPC Crime,THEFT (Sec.379 to 389 IPC/303(2) TO 308(7) BNS),Servant Theft,213,37,46,56,1,Theft & Burglary,,,0.4,token_overlap
198,CRIME_REVIEW_FOR_THE_MONTH_OF_APRIL_2026.csv,4,2026,198,A - IPC Crime,"RIOTS (Sec.141 to 153 IPC/189(1) TO 189(6),191(1)TO 191(3), 190,192,195 BNS))",Land Dispute,323,103,87,84,3,Cyber Crime,,,0.4,token_overlap
199,CRIME_REVIEW_FOR_THE_MONTH_OF_APRIL_2026.csv,4,2026,199,A - IPC Crime,"RIOTS (Sec.141 to 153 IPC/189(1) TO 189(6),191(1)TO 191(3), 190,192,195 BNS))",Employee - Govt.,0,0,0,0,3,Cyber Crime,,,0.4,token_overlap
200,CRIME_REVIEW_FOR_THE_MONTH_OF_APRIL_2026.csv,4,2026,200,A - IPC Crime,"RIOTS (Sec.141 to 153 IPC/189(1) TO 189(6),191(1)TO 191(3), 190,192,195 BNS))",Labour - Private Sector,1,0,0,0,3,Cyber Crime,,,0.4,token_overlap
201,CRIME_REVIEW_FOR_THE_MONTH_OF_APRIL_2026.csv,4,2026,201,A - IPC Crime,"RIOTS (Sec.141 to 153 IPC/189(1) TO 189(6),191(1)TO 191(3), 190,192,195 BNS))",Labour - Public Sector,0,0,0,0,3,Cyber Crime,,,0.4,token_overlap
202,CRIME_REVIEW_FOR_THE_MONTH_OF_APRIL_2026.csv,4,2026,202,A - IPC Crime,"RIOTS (Sec.141 to 153 IPC/189(1) TO 189(6),191(1)TO 191(3), 190,192,195 BNS))",Linguistic,0,0,0,0,3,Cyber Crime,,,0.4,token_overlap
203,CRIME_REVIEW_FOR_THE_MONTH_OF_APRIL_2026.csv,4,2026,203,A - IPC Crime,"RIOTS (Sec.141 to 153 IPC/189(1) TO 189(6),191(1)TO 191(3), 190,192,195 BNS))",Political,3,1,0,2,3,Cyber Crime,,,0.4,token_overlap
204,CRIME_REVIEW_FOR_THE_MONTH_OF_APRIL_2026.csv,4,2026,204,A - IPC Crime,"RIOTS (Sec.141 to 153 IPC/189(1) TO 189(6),191(1)TO 191(3), 190,192,195 BNS))",Regional,3,2,2,0,3,Cyber Crime,,,0.4,token_overlap
205,CRIME_REVIEW_FOR_THE_MONTH_OF_APRIL_2026.csv,4,2026,205,A - IPC Crime,"RIOTS (Sec.141 to 153 IPC/189(1) TO 189(6),191(1)TO 191(3), 190,192,195 BNS))",Sectarian,0,0,0,0,3,Cyber Crime,,,0.4,token_overlap
206,CRIME_REVIEW_FOR_THE_MONTH_OF_APRIL_2026.csv,4,2026,206,A - IPC Crime,"RIOTS (Sec.141 to 153 IPC/189(1) TO 189(6),191(1)TO 191(3), 190,192,195 BNS))",Students,2,0,0,1,3,Cyber Crime,,,0.4,token_overlap
207,CRIME_REVIEW_FOR_THE_MONTH_OF_APRIL_2026.csv,4,2026,207,A - IPC Crime,"RIOTS (Sec.141 to 153 IPC/189(1) TO 189(6),191(1)TO 191(3), 190,192,195 BNS))",Tribal,0,0,0,0,3,Cyber Crime,,,0.4,token_overlap
208,CRIME_REVIEW_FOR_THE_MONTH_OF_APRIL_2026.csv,4,2026,208,A - IPC Crime,"RIOTS (Sec.141 to 153 IPC/189(1) TO 189(6),191(1)TO 191(3), 190,192,195 BNS))",Due to Village Disputes,7,1,4,3,3,Cyber Crime,,,0.4,token_overlap
209,CRIME_REVIEW_FOR_THE_MONTH_OF_APRIL_2026.csv,4,2026,209,A - IPC Crime,"RIOTS (Sec.141 to 153 IPC/189(1) TO 189(6),191(1)TO 191(3), 190,192,195 BNS))",Communal,4,1,1,0,3,Cyber Crime,,,0.4,token_overlap
210,CRIME_REVIEW_FOR_THE_MONTH_OF_APRIL_2026.csv,4,2026,210,A - IPC Crime,"RIOTS (Sec.141 to 153 IPC/189(1) TO 189(6),191(1)TO 191(3), 190,192,195 BNS))",Industrial,4,2,1,2,3,Cyber Crime,,,0.4,token_overlap
211,CRIME_REVIEW_FOR_THE_MONTH_OF_APRIL_2026.csv,4,2026,211,A - IPC Crime,"RIOTS (Sec.141 to 153 IPC/189(1) TO 189(6),191(1)TO 191(3), 190,192,195 BNS))",Caste,1,0,0,1,3,Cyber Crime,,,0.4,token_overlap
212,CRIME_REVIEW_FOR_THE_MONTH_OF_APRIL_2026.csv,4,2026,212,A - IPC Crime,"RIOTS (Sec.141 to 153 IPC/189(1) TO 189(6),191(1)TO 191(3), 190,192,195 BNS))",Agrarian,0,0,0,0,3,Cyber Crime,,,0.4,token_overlap
213,CRIME_REVIEW_FOR_THE_MONTH_OF_APRIL_2026.csv,4,2026,213,A - IPC Crime,"RIOTS (Sec.141 to 153 IPC/189(1) TO 189(6),191(1)TO 191(3), 190,192,195 BNS))",Others,909,192,234,249,3,Cyber Crime,,,0.4,token_overlap
214,CRIME_REVIEW_FOR_THE_MONTH_OF_APRIL_2026.csv,4,2026,214,A - IPC Crime,"OFFENCES AGAINST STATE (Sec. 121 to 130, except 124(A) IPC/147 TO 158 BNS)",NA,0,0,0,0,2,Crimes Against Persons,,,0.4,token_overlap
215,CRIME_REVIEW_FOR_THE_MONTH_OF_APRIL_2026.csv,4,2026,215,A - IPC Crime,"OFFENCES PROMOTING ENEMITY (Sec. 153(A), 154(B) & 505 IPC/196, 197 & 353 BNS",NA,74,14,17,12,3,Cyber Crime,,,0.4,token_overlap
216,CRIME_REVIEW_FOR_THE_MONTH_OF_APRIL_2026.csv,4,2026,216,A - IPC Crime,CRIMINAL BREACH OF TRUST (Sec. 406 to 409 IPC/316(2) to 316(5) BNS),NA,324,47,88,85,3,Cyber Crime,,,0.4,token_overlap
217,CRIME_REVIEW_FOR_THE_MONTH_OF_APRIL_2026.csv,4,2026,217,A - IPC Crime,"CHEATING (Sec.417 to 420 IPC/318(2)to 318(4), 319(2) BNS)",NA,1809,457,405,457,3,Cyber Crime,,,0.4,token_overlap
218,CRIME_REVIEW_FOR_THE_MONTH_OF_APRIL_2026.csv,4,2026,218,A - IPC Crime,"COUNTERFEITING (Sec. 231 to 263 (A), 489(A) to 489 (E) IPC/178 TO 185 BNS)","Stock Share, Debentrue Certificate",0,0,0,0,3,Cyber Crime,,,0.4,token_overlap
219,CRIME_REVIEW_FOR_THE_MONTH_OF_APRIL_2026.csv,4,2026,219,A - IPC Crime,"COUNTERFEITING (Sec. 231 to 263 (A), 489(A) to 489 (E) IPC/178 TO 185 BNS)",Usage of Counterfeit Stamp,0,0,0,0,3,Cyber Crime,,,0.4,token_overlap
220,CRIME_REVIEW_FOR_THE_MONTH_OF_APRIL_2026.csv,4,2026,220,A - IPC Crime,"COUNTERFEITING (Sec. 231 to 263 (A), 489(A) to 489 (E) IPC/178 TO 185 BNS)",Of Coins (Sec 231 to 254 IPC),0,0,0,0,3,Cyber Crime,,,0.4,token_overlap
221,CRIME_REVIEW_FOR_THE_MONTH_OF_APRIL_2026.csv,4,2026,221,A - IPC Crime,"COUNTERFEITING (Sec. 231 to 263 (A), 489(A) to 489 (E) IPC/178 TO 185 BNS)",Of Stamps (Sec.255 to 263(A) IPC),0,0,0,0,3,Cyber Crime,,,0.4,token_overlap
222,CRIME_REVIEW_FOR_THE_MONTH_OF_APRIL_2026.csv,4,2026,222,A - IPC Crime,"COUNTERFEITING (Sec. 231 to 263 (A), 489(A) to 489 (E) IPC/178 TO 185 BNS)",Of Currency Notes And Bank Notes (Sec. 489 (A) to 489 (E) IPC),10,3,2,4,3,Cyber Crime,,,0.4,token_overlap
223,CRIME_REVIEW_FOR_THE_MONTH_OF_APRIL_2026.csv,4,2026,223,A - IPC Crime,"COUNTERFEITING (Sec. 231 to 263 (A), 489(A) to 489 (E) IPC/178 TO 185 BNS)",Of Others,0,0,0,0,3,Cyber Crime,,,0.4,token_overlap
224,CRIME_REVIEW_FOR_THE_MONTH_OF_APRIL_2026.csv,4,2026,224,A - IPC Crime,"FORGERY (Sec. 465, 468, 471, 473, 476, 477 & 477(A) IPC/336(2),336(3),340(2),341(2),342(2),343,
344 BNS)",Forgery,163,33,53,32,3,Cyber Crime,,,0.4,token_overlap
225,CRIME_REVIEW_FOR_THE_MONTH_OF_APRIL_2026.csv,4,2026,225,A - IPC Crime,"FORGERY (Sec. 465, 468, 471, 473, 476, 477 & 477(A) IPC/336(2),336(3),340(2),341(2),342(2),343,
344 BNS)",Organised (Racket),1,0,0,0,3,Cyber Crime,,,0.4,token_overlap
226,CRIME_REVIEW_FOR_THE_MONTH_OF_APRIL_2026.csv,4,2026,226,A - IPC Crime,"FORGERY (Sec. 465, 468, 471, 473, 476, 477 & 477(A) IPC/336(2),336(3),340(2),341(2),342(2),343,
344 BNS)",Forgery of Passport,2,0,1,0,3,Cyber Crime,,,0.4,token_overlap
227,CRIME_REVIEW_FOR_THE_MONTH_OF_APRIL_2026.csv,4,2026,227,A - IPC Crime,"FORGERY (Sec. 465, 468, 471, 473, 476, 477 & 477(A) IPC/336(2),336(3),340(2),341(2),342(2),343,
344 BNS)",Other Forgery,50,8,11,11,3,Cyber Crime,,,0.4,token_overlap
228,CRIME_REVIEW_FOR_THE_MONTH_OF_APRIL_2026.csv,4,2026,228,A - IPC Crime,"CASES OF HURT (Sec. 323 to 335 IPC except 328, 332, 333/115(2) TO 122(2) EXCEPT 121(1),121(2) BNS)",Acid Attack (326(a)),1,0,1,0,3,Cyber Crime,,,0.4,token_overlap
229,CRIME_REVIEW_FOR_THE_MONTH_OF_APRIL_2026.csv,4,2026,229,A - IPC Crime,"CASES OF HURT (Sec. 323 to 335 IPC except 328, 332, 333/115(2) TO 122(2) EXCEPT 121(1),121(2) BNS)",Attempt to Acid Attack (326(b)),2,0,1,1,3,Cyber Crime,,,0.4,token_overlap
230,CRIME_REVIEW_FOR_THE_MONTH_OF_APRIL_2026.csv,4,2026,230,A - IPC Crime,"CASES OF HURT (Sec. 323 to 335 IPC except 328, 332, 333/115(2) TO 122(2) EXCEPT 121(1),121(2) BNS)",Grievous Hurt,392,132,114,92,3,Cyber Crime,,,0.4,token_overlap
231,CRIME_REVIEW_FOR_THE_MONTH_OF_APRIL_2026.csv,4,2026,231,A - IPC Crime,"CASES OF HURT (Sec. 323 to 335 IPC except 328, 332, 333/115(2) TO 122(2) EXCEPT 121(1),121(2) BNS)",Simple Hurt,6008,1416,1664,1662,3,Cyber Crime,,,0.4,token_overlap
232,CRIME_REVIEW_FOR_THE_MONTH_OF_APRIL_2026.csv,4,2026,232,A - IPC Crime,"CASES OF HURT (Sec. 323 to 335 IPC except 328, 332, 333/115(2) TO 122(2) EXCEPT 121(1),121(2) BNS)",Custodial,1,0,0,1,3,Cyber Crime,,,0.4,token_overlap
233,CRIME_REVIEW_FOR_THE_MONTH_OF_APRIL_2026.csv,4,2026,233,A - IPC Crime,"ADULTERATION (Sec. 272, 273 to 276 IPC/274,275 TO 278 BNS)",Attempt to Commit,0,0,0,0,3,Cyber Crime,,,0.4,token_overlap
234,CRIME_REVIEW_FOR_THE_MONTH_OF_APRIL_2026.csv,4,2026,234,A - IPC Crime,"ADULTERATION (Sec. 272, 273 to 276 IPC/274,275 TO 278 BNS)",Alcoholic Drink (Liquor),1,0,0,0,3,Cyber Crime,,,0.4,token_overlap
235,CRIME_REVIEW_FOR_THE_MONTH_OF_APRIL_2026.csv,4,2026,235,A - IPC Crime,"ADULTERATION (Sec. 272, 273 to 276 IPC/274,275 TO 278 BNS)",Cement & Chemical/Fertiliser,0,0,0,0,3,Cyber Crime,,,0.4,token_overlap
236,CRIME_REVIEW_FOR_THE_MONTH_OF_APRIL_2026.csv,4,2026,236,A - IPC Crime,"ADULTERATION (Sec. 272, 273 to 276 IPC/274,275 TO 278 BNS)",Cosmetics,0,0,0,0,3,Cyber Crime,,,0.4,token_overlap
237,CRIME_REVIEW_FOR_THE_MONTH_OF_APRIL_2026.csv,4,2026,237,A - IPC Crime,"ADULTERATION (Sec. 272, 273 to 276 IPC/274,275 TO 278 BNS)",Diesel,0,0,0,0,3,Cyber Crime,,,0.4,token_overlap
238,CRIME_REVIEW_FOR_THE_MONTH_OF_APRIL_2026.csv,4,2026,238,A - IPC Crime,"ADULTERATION (Sec. 272, 273 to 276 IPC/274,275 TO 278 BNS)",Drug/Medicine,4,0,2,1,3,Cyber Crime,,,0.4,token_overlap
239,CRIME_REVIEW_FOR_THE_MONTH_OF_APRIL_2026.csv,4,2026,239,A - IPC Crime,"ADULTERATION (Sec. 272, 273 to 276 IPC/274,275 TO 278 BNS)",Edible Oil,0,0,0,0,3,Cyber Crime,,,0.4,token_overlap
240,CRIME_REVIEW_FOR_THE_MONTH_OF_APRIL_2026.csv,4,2026,240,A - IPC Crime,"ADULTERATION (Sec. 272, 273 to 276 IPC/274,275 TO 278 BNS)",Food Grain,0,0,0,0,3,Cyber Crime,,,0.4,token_overlap
241,CRIME_REVIEW_FOR_THE_MONTH_OF_APRIL_2026.csv,4,2026,241,A - IPC Crime,"ADULTERATION (Sec. 272, 273 to 276 IPC/274,275 TO 278 BNS)",Kerosene,0,0,0,0,3,Cyber Crime,,,0.4,token_overlap
242,CRIME_REVIEW_FOR_THE_MONTH_OF_APRIL_2026.csv,4,2026,242,A - IPC Crime,"ADULTERATION (Sec. 272, 273 to 276 IPC/274,275 TO 278 BNS)",Life Saving Drug,0,0,0,0,3,Cyber Crime,,,0.4,token_overlap
243,CRIME_REVIEW_FOR_THE_MONTH_OF_APRIL_2026.csv,4,2026,243,A - IPC Crime,"ADULTERATION (Sec. 272, 273 to 276 IPC/274,275 TO 278 BNS)",Mobile Oil,0,0,0,0,3,Cyber Crime,,,0.4,token_overlap
244,CRIME_REVIEW_FOR_THE_MONTH_OF_APRIL_2026.csv,4,2026,244,A - IPC Crime,"ADULTERATION (Sec. 272, 273 to 276 IPC/274,275 TO 278 BNS)",Petrol,0,0,0,0,3,Cyber Crime,,,0.4,token_overlap
245,CRIME_REVIEW_FOR_THE_MONTH_OF_APRIL_2026.csv,4,2026,245,A - IPC Crime,"ADULTERATION (Sec. 272, 273 to 276 IPC/274,275 TO 278 BNS)",Petroleum Product,0,0,0,0,3,Cyber Crime,,,0.4,token_overlap
246,CRIME_REVIEW_FOR_THE_MONTH_OF_APRIL_2026.csv,4,2026,246,A - IPC Crime,"ADULTERATION (Sec. 272, 273 to 276 IPC/274,275 TO 278 BNS)",Soft Drinks,0,0,0,0,3,Cyber Crime,,,0.4,token_overlap
247,CRIME_REVIEW_FOR_THE_MONTH_OF_APRIL_2026.csv,4,2026,247,A - IPC Crime,"ADULTERATION (Sec. 272, 273 to 276 IPC/274,275 TO 278 BNS)",Spices,0,0,0,0,3,Cyber Crime,,,0.4,token_overlap
248,CRIME_REVIEW_FOR_THE_MONTH_OF_APRIL_2026.csv,4,2026,248,A - IPC Crime,"ADULTERATION (Sec. 272, 273 to 276 IPC/274,275 TO 278 BNS)",Others,0,0,0,0,3,Cyber Crime,,,0.4,token_overlap
249,CRIME_REVIEW_FOR_THE_MONTH_OF_APRIL_2026.csv,4,2026,249,A - IPC Crime,AFFRAY (Sec. 160 IPC/194(2) BNS),"ARSON (Sec. 435, 436, 438 IPC/326(f),326(g),327(g) BNS)",,,,,3,Cyber Crime,,,0.4,token_overlap
250,CRIME_REVIEW_FOR_THE_MONTH_OF_APRIL_2026.csv,4,2026,250,A - IPC Crime,AFFRAY (Sec. 160 IPC/194(2) BNS),Agricultural Produce,32,4,8,12,3,Cyber Crime,,,0.4,token_overlap
251,CRIME_REVIEW_FOR_THE_MONTH_OF_APRIL_2026.csv,4,2026,251,A - IPC Crime,AFFRAY (Sec. 160 IPC/194(2) BNS),Attemp to Commit,2,0,0,1,3,Cyber Crime,,,0.4,token_overlap
252,CRIME_REVIEW_FOR_THE_MONTH_OF_APRIL_2026.csv,4,2026,252,A - IPC Crime,AFFRAY (Sec. 160 IPC/194(2) BNS),Boat / Ship,0,0,0,0,3,Cyber Crime,,,0.4,token_overlap
253,CRIME_REVIEW_FOR_THE_MONTH_OF_APRIL_2026.csv,4,2026,253,A - IPC Crime,AFFRAY (Sec. 160 IPC/194(2) BNS),Dwelling House,11,1,0,2,3,Cyber Crime,,,0.4,token_overlap
254,CRIME_REVIEW_FOR_THE_MONTH_OF_APRIL_2026.csv,4,2026,254,A - IPC Crime,AFFRAY (Sec. 160 IPC/194(2) BNS),Educational Institution,1,0,0,0,3,Cyber Crime,,,0.4,token_overlap
255,CRIME_REVIEW_FOR_THE_MONTH_OF_APRIL_2026.csv,4,2026,255,A - IPC Crime,AFFRAY (Sec. 160 IPC/194(2) BNS),Govt. Property,2,0,1,1,3,Cyber Crime,,,0.4,token_overlap
256,CRIME_REVIEW_FOR_THE_MONTH_OF_APRIL_2026.csv,4,2026,256,A - IPC Crime,AFFRAY (Sec. 160 IPC/194(2) BNS),Industrial Establishment,1,0,0,0,3,Cyber Crime,,,0.4,token_overlap
257,CRIME_REVIEW_FOR_THE_MONTH_OF_APRIL_2026.csv,4,2026,257,A - IPC Crime,AFFRAY (Sec. 160 IPC/194(2) BNS),Place of worship,0,0,0,0,3,Cyber Crime,,,0.4,token_overlap
258,CRIME_REVIEW_FOR_THE_MONTH_OF_APRIL_2026.csv,4,2026,258,A - IPC Crime,AFFRAY (Sec. 160 IPC/194(2) BNS),Public Place,2,0,0,0,3,Cyber Crime,,,0.4,token_overlap
259,CRIME_REVIEW_FOR_THE_MONTH_OF_APRIL_2026.csv,4,2026,259,A - IPC Crime,AFFRAY (Sec. 160 IPC/194(2) BNS),Railway Property,0,0,0,0,3,Cyber Crime,,,0.4,token_overlap
260,CRIME_REVIEW_FOR_THE_MONTH_OF_APRIL_2026.csv,4,2026,260,A - IPC Crime,AFFRAY (Sec. 160 IPC/194(2) BNS),Vital Installation,0,0,0,0,3,Cyber Crime,,,0.4,token_overlap
261,CRIME_REVIEW_FOR_THE_MONTH_OF_APRIL_2026.csv,4,2026,261,A - IPC Crime,AFFRAY (Sec. 160 IPC/194(2) BNS),Warehouse (Godown),2,0,2,0,3,Cyber Crime,,,0.4,token_overlap
262,CRIME_REVIEW_FOR_THE_MONTH_OF_APRIL_2026.csv,4,2026,262,A - IPC Crime,AFFRAY (Sec. 160 IPC/194(2) BNS),Others,48,11,14,13,3,Cyber Crime,,,0.4,token_overlap
263,CRIME_REVIEW_FOR_THE_MONTH_OF_APRIL_2026.csv,4,2026,263,A - IPC Crime,"ASSAULT (Sec 356, 357 IPC/134,135 BNS)",Attempt To Commit,0,0,0,0,2,Crimes Against Persons,5,Assault,0.95,substring
264,CRIME_REVIEW_FOR_THE_MONTH_OF_APRIL_2026.csv,4,2026,264,A - IPC Crime,"ASSAULT (Sec 356, 357 IPC/134,135 BNS)",On Contractor,0,0,0,0,2,Crimes Against Persons,5,Assault,0.95,substring
265,CRIME_REVIEW_FOR_THE_MONTH_OF_APRIL_2026.csv,4,2026,265,A - IPC Crime,"ASSAULT (Sec 356, 357 IPC/134,135 BNS)",On Domestic Servant,0,0,0,0,2,Crimes Against Persons,5,Assault,0.95,substring
266,CRIME_REVIEW_FOR_THE_MONTH_OF_APRIL_2026.csv,4,2026,266,A - IPC Crime,"ASSAULT (Sec 356, 357 IPC/134,135 BNS)",On Labourer,1,0,0,0,2,Crimes Against Persons,5,Assault,0.95,substring
267,CRIME_REVIEW_FOR_THE_MONTH_OF_APRIL_2026.csv,4,2026,267,A - IPC Crime,"ASSAULT (Sec 356, 357 IPC/134,135 BNS)",On Man (General),7,0,2,2,2,Crimes Against Persons,5,Assault,0.95,substring
268,CRIME_REVIEW_FOR_THE_MONTH_OF_APRIL_2026.csv,4,2026,268,A - IPC Crime,"ASSAULT (Sec 356, 357 IPC/134,135 BNS)",On Man (SC),0,0,0,0,2,Crimes Against Persons,5,Assault,0.95,substring
269,CRIME_REVIEW_FOR_THE_MONTH_OF_APRIL_2026.csv,4,2026,269,A - IPC Crime,"ASSAULT (Sec 356, 357 IPC/134,135 BNS)",On Man (ST),0,0,0,0,2,Crimes Against Persons,5,Assault,0.95,substring
270,CRIME_REVIEW_FOR_THE_MONTH_OF_APRIL_2026.csv,4,2026,270,A - IPC Crime,"ASSAULT (Sec 356, 357 IPC/134,135 BNS)",On Manager/Executive (Other Than Public Servant),0,0,0,0,2,Crimes Against Persons,5,Assault,0.95,substring
271,CRIME_REVIEW_FOR_THE_MONTH_OF_APRIL_2026.csv,4,2026,271,A - IPC Crime,"ASSAULT (Sec 356, 357 IPC/134,135 BNS)","On Member of Clergy (Christian, Budhist, Jain, Sikh)",0,0,0,0,2,Crimes Against Persons,5,Assault,0.95,substring
272,CRIME_REVIEW_FOR_THE_MONTH_OF_APRIL_2026.csv,4,2026,272,A - IPC Crime,"ASSAULT (Sec 356, 357 IPC/134,135 BNS)",Member of Legislative Assembly / Council (MLA/MLC),0,0,0,0,2,Crimes Against Persons,5,Assault,0.95,substring
273,CRIME_REVIEW_FOR_THE_MONTH_OF_APRIL_2026.csv,4,2026,273,A - IPC Crime,"ASSAULT (Sec 356, 357 IPC/134,135 BNS)",On Member of Parliament (MP),0,0,0,0,2,Crimes Against Persons,5,Assault,0.95,substring
274,CRIME_REVIEW_FOR_THE_MONTH_OF_APRIL_2026.csv,4,2026,274,A - IPC Crime,"ASSAULT (Sec 356, 357 IPC/134,135 BNS)",On other Dignitaries /Public Figures,1,0,0,0,2,Crimes Against Persons,5,Assault,0.95,substring
275,CRIME_REVIEW_FOR_THE_MONTH_OF_APRIL_2026.csv,4,2026,275,A - IPC Crime,"ASSAULT (Sec 356, 357 IPC/134,135 BNS)",On Press,0,0,,0,2,Crimes Against Persons,5,Assault,0.95,substring
276,CRIME_REVIEW_FOR_THE_MONTH_OF_APRIL_2026.csv,4,2026,276,A - IPC Crime,"ASSAULT (Sec 356, 357 IPC/134,135 BNS)",On Professional,0,0,0,0,2,Crimes Against Persons,5,Assault,0.95,substring
277,CRIME_REVIEW_FOR_THE_MONTH_OF_APRIL_2026.csv,4,2026,277,A - IPC Crime,"ASSAULT (Sec 356, 357 IPC/134,135 BNS)",On Public Servant,0,0,0,0,2,Crimes Against Persons,5,Assault,0.95,substring
278,CRIME_REVIEW_FOR_THE_MONTH_OF_APRIL_2026.csv,4,2026,278,A - IPC Crime,"ASSAULT (Sec 356, 357 IPC/134,135 BNS)",On Student,0,0,0,0,2,Crimes Against Persons,5,Assault,0.95,substring
279,CRIME_REVIEW_FOR_THE_MONTH_OF_APRIL_2026.csv,4,2026,279,A - IPC Crime,"ASSAULT (Sec 356, 357 IPC/134,135 BNS)",On Teacher,0,0,0,0,2,Crimes Against Persons,5,Assault,0.95,substring
280,CRIME_REVIEW_FOR_THE_MONTH_OF_APRIL_2026.csv,4,2026,280,A - IPC Crime,"ASSAULT (Sec 356, 357 IPC/134,135 BNS)",On Women (General),2,0,0,0,2,Crimes Against Persons,5,Assault,0.95,substring
281,CRIME_REVIEW_FOR_THE_MONTH_OF_APRIL_2026.csv,4,2026,281,A - IPC Crime,"ASSAULT (Sec 356, 357 IPC/134,135 BNS)",On Woman (SC),0,0,0,0,2,Crimes Against Persons,5,Assault,0.95,substring
282,CRIME_REVIEW_FOR_THE_MONTH_OF_APRIL_2026.csv,4,2026,282,A - IPC Crime,"ASSAULT (Sec 356, 357 IPC/134,135 BNS)",On Woman (ST),0,0,0,0,2,Crimes Against Persons,5,Assault,0.95,substring
283,CRIME_REVIEW_FOR_THE_MONTH_OF_APRIL_2026.csv,4,2026,283,A - IPC Crime,COMMUNAL / RELIGION (Sec. 295 to 297 IPC/298 TO 301 BNS),Attempt to Commit,0,0,0,0,3,Cyber Crime,,,0.4,token_overlap
284,CRIME_REVIEW_FOR_THE_MONTH_OF_APRIL_2026.csv,4,2026,284,A - IPC Crime,COMMUNAL / RELIGION (Sec. 295 to 297 IPC/298 TO 301 BNS),Caste Issue,2,0,0,1,3,Cyber Crime,,,0.4,token_overlap
285,CRIME_REVIEW_FOR_THE_MONTH_OF_APRIL_2026.csv,4,2026,285,A - IPC Crime,COMMUNAL / RELIGION (Sec. 295 to 297 IPC/298 TO 301 BNS),Communal Issue,16,5,8,1,3,Cyber Crime,,,0.4,token_overlap
286,CRIME_REVIEW_FOR_THE_MONTH_OF_APRIL_2026.csv,4,2026,286,A - IPC Crime,COMMUNAL / RELIGION (Sec. 295 to 297 IPC/298 TO 301 BNS),Linguistic Issue,0,0,0,0,3,Cyber Crime,,,0.4,token_overlap
287,CRIME_REVIEW_FOR_THE_MONTH_OF_APRIL_2026.csv,4,2026,287,A - IPC Crime,COMMUNAL / RELIGION (Sec. 295 to 297 IPC/298 TO 301 BNS),Political Issue,0,0,0,0,3,Cyber Crime,,,0.4,token_overlap
288,CRIME_REVIEW_FOR_THE_MONTH_OF_APRIL_2026.csv,4,2026,288,A - IPC Crime,COMMUNAL / RELIGION (Sec. 295 to 297 IPC/298 TO 301 BNS),Racial/Ethnic Issue,0,0,0,0,3,Cyber Crime,,,0.4,token_overlap
289,CRIME_REVIEW_FOR_THE_MONTH_OF_APRIL_2026.csv,4,2026,289,A - IPC Crime,COMMUNAL / RELIGION (Sec. 295 to 297 IPC/298 TO 301 BNS),Regional Issue,6,1,0,0,3,Cyber Crime,,,0.4,token_overlap
290,CRIME_REVIEW_FOR_THE_MONTH_OF_APRIL_2026.csv,4,2026,290,A - IPC Crime,COMMUNAL / RELIGION (Sec. 295 to 297 IPC/298 TO 301 BNS),Religious Issue,28,13,12,5,3,Cyber Crime,,,0.4,token_overlap
291,CRIME_REVIEW_FOR_THE_MONTH_OF_APRIL_2026.csv,4,2026,291,A - IPC Crime,COMMUNAL / RELIGION (Sec. 295 to 297 IPC/298 TO 301 BNS),Sectarian Issue,0,0,0,0,3,Cyber Crime,,,0.4,token_overlap
292,CRIME_REVIEW_FOR_THE_MONTH_OF_APRIL_2026.csv,4,2026,292,A - IPC Crime,COMMUNAL / RELIGION (Sec. 295 to 297 IPC/298 TO 301 BNS),Others,18,9,7,7,3,Cyber Crime,,,0.4,token_overlap
293,CRIME_REVIEW_FOR_THE_MONTH_OF_APRIL_2026.csv,4,2026,293,A - IPC Crime,"CRIMINAL CONSPIRACY (Sec. 120(B), 121(A) IPC/61(2),148 BNS)",Conspiracy To Wage War,0,0,0,0,3,Cyber Crime,,,0.4,token_overlap
294,CRIME_REVIEW_FOR_THE_MONTH_OF_APRIL_2026.csv,4,2026,294,A - IPC Crime,"CRIMINAL CONSPIRACY (Sec. 120(B), 121(A) IPC/61(2),148 BNS)",Related to Substantive Offence,0,0,0,0,3,Cyber Crime,,,0.4,token_overlap
295,CRIME_REVIEW_FOR_THE_MONTH_OF_APRIL_2026.csv,4,2026,295,A - IPC Crime,"CRIMINAL CONSPIRACY (Sec. 120(B), 121(A) IPC/61(2),148 BNS)",Others,2,1,2,0,3,Cyber Crime,,,0.4,token_overlap
296,CRIME_REVIEW_FOR_THE_MONTH_OF_APRIL_2026.csv,4,2026,296,A - IPC Crime,CRIMINAL INTIMIDATION (Sec. 504 to 508 IPC/352 TO 354 BNS),NA,1264,245,349,295,3,Cyber Crime,,,0.4,token_overlap
297,CRIME_REVIEW_FOR_THE_MONTH_OF_APRIL_2026.csv,4,2026,297,A - IPC Crime,"CRIMINAL MISAPPROPRIATION (Sec. 403, 404 IPC/314,315 BNS)",Attempt to Commit,0,0,0,0,3,Cyber Crime,,,0.4,token_overlap
298,CRIME_REVIEW_FOR_THE_MONTH_OF_APRIL_2026.csv,4,2026,298,A - IPC Crime,"CRIMINAL MISAPPROPRIATION (Sec. 403, 404 IPC/314,315 BNS)",Bank,2,0,0,1,3,Cyber Crime,,,0.4,token_overlap
299,CRIME_REVIEW_FOR_THE_MONTH_OF_APRIL_2026.csv,4,2026,299,A - IPC Crime,"CRIMINAL MISAPPROPRIATION (Sec. 403, 404 IPC/314,315 BNS)",Business Establishment,1,0,1,0,3,Cyber Crime,,,0.4,token_overlap
300,CRIME_REVIEW_FOR_THE_MONTH_OF_APRIL_2026.csv,4,2026,300,A - IPC Crime,"CRIMINAL MISAPPROPRIATION (Sec. 403, 404 IPC/314,315 BNS)",Charitable Organisation,0,0,0,0,3,Cyber Crime,,,0.4,token_overlap
301,CRIME_REVIEW_FOR_THE_MONTH_OF_APRIL_2026.csv,4,2026,301,A - IPC Crime,"CRIMINAL MISAPPROPRIATION (Sec. 403, 404 IPC/314,315 BNS)",Chitfund Organisation,0,0,0,0,3,Cyber Crime,,,0.4,token_overlap
302,CRIME_REVIEW_FOR_THE_MONTH_OF_APRIL_2026.csv,4,2026,302,A - IPC Crime,"CRIMINAL MISAPPROPRIATION (Sec. 403, 404 IPC/314,315 BNS)",Co-operative Organisation,0,0,0,0,3,Cyber Crime,,,0.4,token_overlap
303,CRIME_REVIEW_FOR_THE_MONTH_OF_APRIL_2026.csv,4,2026,303,A - IPC Crime,"CRIMINAL MISAPPROPRIATION (Sec. 403, 404 IPC/314,315 BNS)",Commercial Establishment/Shop,0,0,0,0,3,Cyber Crime,,,0.4,token_overlap
304,CRIME_REVIEW_FOR_THE_MONTH_OF_APRIL_2026.csv,4,2026,304,A - IPC Crime,"CRIMINAL MISAPPROPRIATION (Sec. 403, 404 IPC/314,315 BNS)",Customs Department,0,0,0,0,3,Cyber Crime,,,0.4,token_overlap
305,CRIME_REVIEW_FOR_THE_MONTH_OF_APRIL_2026.csv,4,2026,305,A - IPC Crime,"CRIMINAL MISAPPROPRIATION (Sec. 403, 404 IPC/314,315 BNS)",Excise Department,0,0,0,0,3,Cyber Crime,,,0.4,token_overlap
306,CRIME_REVIEW_FOR_THE_MONTH_OF_APRIL_2026.csv,4,2026,306,A - IPC Crime,"CRIMINAL MISAPPROPRIATION (Sec. 403, 404 IPC/314,315 BNS)",Financial Institution,1,0,0,0,3,Cyber Crime,,,0.4,token_overlap
307,CRIME_REVIEW_FOR_THE_MONTH_OF_APRIL_2026.csv,4,2026,307,A - IPC Crime,"CRIMINAL MISAPPROPRIATION (Sec. 403, 404 IPC/314,315 BNS)",Income Tax Department,0,0,0,0,3,Cyber Crime,,,0.4,token_overlap
308,CRIME_REVIEW_FOR_THE_MONTH_OF_APRIL_2026.csv,4,2026,308,A - IPC Crime,"CRIMINAL MISAPPROPRIATION (Sec. 403, 404 IPC/314,315 BNS)",Other Government Organisation,0,0,0,0,3,Cyber Crime,,,0.4,token_overlap
309,CRIME_REVIEW_FOR_THE_MONTH_OF_APRIL_2026.csv,4,2026,309,A - IPC Crime,"CRIMINAL MISAPPROPRIATION (Sec. 403, 404 IPC/314,315 BNS)",Postal Department,0,0,0,0,3,Cyber Crime,,,0.4,token_overlap
310,CRIME_REVIEW_FOR_THE_MONTH_OF_APRIL_2026.csv,4,2026,310,A - IPC Crime,"CRIMINAL MISAPPROPRIATION (Sec. 403, 404 IPC/314,315 BNS)",Public Sector Undertakings,0,0,0,0,3,Cyber Crime,,,0.4,token_overlap
311,CRIME_REVIEW_FOR_THE_MONTH_OF_APRIL_2026.csv,4,2026,311,A - IPC Crime,"CRIMINAL MISAPPROPRIATION (Sec. 403, 404 IPC/314,315 BNS)",Railway Department,0,0,0,0,3,Cyber Crime,,,0.4,token_overlap
312,CRIME_REVIEW_FOR_THE_MONTH_OF_APRIL_2026.csv,4,2026,312,A - IPC Crime,"CRIMINAL MISAPPROPRIATION (Sec. 403, 404 IPC/314,315 BNS)",Revenue Department,0,0,0,0,3,Cyber Crime,,,0.4,token_overlap
313,CRIME_REVIEW_FOR_THE_MONTH_OF_APRIL_2026.csv,4,2026,313,A - IPC Crime,"CRIMINAL MISAPPROPRIATION (Sec. 403, 404 IPC/314,315 BNS)",Sales Tax Department,0,0,0,0,3,Cyber Crime,,,0.4,token_overlap
314,CRIME_REVIEW_FOR_THE_MONTH_OF_APRIL_2026.csv,4,2026,314,A - IPC Crime,"CRIMINAL MISAPPROPRIATION (Sec. 403, 404 IPC/314,315 BNS)",Social Organisation (Aided) (N),0,0,0,0,3,Cyber Crime,,,0.4,token_overlap
315,CRIME_REVIEW_FOR_THE_MONTH_OF_APRIL_2026.csv,4,2026,315,A - IPC Crime,"CRIMINAL MISAPPROPRIATION (Sec. 403, 404 IPC/314,315 BNS)",Transport Authority,0,0,0,0,3,Cyber Crime,,,0.4,token_overlap
316,CRIME_REVIEW_FOR_THE_MONTH_OF_APRIL_2026.csv,4,2026,316,A - IPC Crime,"CRIMINAL MISAPPROPRIATION (Sec. 403, 404 IPC/314,315 BNS)",Trust - Other than religious,0,0,0,0,3,Cyber Crime,,,0.4,token_overlap
317,CRIME_REVIEW_FOR_THE_MONTH_OF_APRIL_2026.csv,4,2026,317,A - IPC Crime,"CRIMINAL MISAPPROPRIATION (Sec. 403, 404 IPC/314,315 BNS)",Trust - Religious,0,0,0,0,3,Cyber Crime,,,0.4,token_overlap
318,CRIME_REVIEW_FOR_THE_MONTH_OF_APRIL_2026.csv,4,2026,318,A - IPC Crime,"CRIMINAL MISAPPROPRIATION (Sec. 403, 404 IPC/314,315 BNS)",Others,2,0,1,0,3,Cyber Crime,,,0.4,token_overlap
319,CRIME_REVIEW_FOR_THE_MONTH_OF_APRIL_2026.csv,4,2026,319,A - IPC Crime,CRIMINAL TRESPASS (Sec.447 to 452 IPC/329(3) TO 333 BNS),Attempt to Commit,2,0,0,1,3,Cyber Crime,,,0.4,token_overlap
320,CRIME_REVIEW_FOR_THE_MONTH_OF_APRIL_2026.csv,4,2026,320,A - IPC Crime,CRIMINAL TRESPASS (Sec.447 to 452 IPC/329(3) TO 333 BNS),Club,1,0,0,0,3,Cyber Crime,,,0.4,token_overlap
321,CRIME_REVIEW_FOR_THE_MONTH_OF_APRIL_2026.csv,4,2026,321,A - IPC Crime,CRIMINAL TRESPASS (Sec.447 to 452 IPC/329(3) TO 333 BNS),Hostel,1,0,0,1,3,Cyber Crime,,,0.4,token_overlap
322,CRIME_REVIEW_FOR_THE_MONTH_OF_APRIL_2026.csv,4,2026,322,A - IPC Crime,CRIMINAL TRESPASS (Sec.447 to 452 IPC/329(3) TO 333 BNS),Hotel,10,0,2,4,3,Cyber Crime,,,0.4,token_overlap
323,CRIME_REVIEW_FOR_THE_MONTH_OF_APRIL_2026.csv,4,2026,323,A - IPC Crime,CRIMINAL TRESPASS (Sec.447 to 452 IPC/329(3) TO 333 BNS),House,245,55,62,70,3,Cyber Crime,,,0.4,token_overlap
324,CRIME_REVIEW_FOR_THE_MONTH_OF_APRIL_2026.csv,4,2026,324,A - IPC Crime,CRIMINAL TRESPASS (Sec.447 to 452 IPC/329(3) TO 333 BNS),Land,522,124,122,129,3,Cyber Crime,,,0.4,token_overlap
325,CRIME_REVIEW_FOR_THE_MONTH_OF_APRIL_2026.csv,4,2026,325,A - IPC Crime,CRIMINAL TRESPASS (Sec.447 to 452 IPC/329(3) TO 333 BNS),Office,15,8,1,4,3,Cyber Crime,,,0.4,token_overlap
326,CRIME_REVIEW_FOR_THE_MONTH_OF_APRIL_2026.csv,4,2026,326,A - IPC Crime,CRIMINAL TRESPASS (Sec.447 to 452 IPC/329(3) TO 333 BNS),Prohibited Places,3,3,1,0,3,Cyber Crime,,,0.4,token_overlap
327,CRIME_REVIEW_FOR_THE_MONTH_OF_APRIL_2026.csv,4,2026,327,A - IPC Crime,CRIMINAL TRESPASS (Sec.447 to 452 IPC/329(3) TO 333 BNS),Religious Place,4,0,0,1,3,Cyber Crime,,,0.4,token_overlap
328,CRIME_REVIEW_FOR_THE_MONTH_OF_APRIL_2026.csv,4,2026,328,A - IPC Crime,CRIMINAL TRESPASS (Sec.447 to 452 IPC/329(3) TO 333 BNS),Restricted Area,7,1,2,2,3,Cyber Crime,,,0.4,token_overlap
329,CRIME_REVIEW_FOR_THE_MONTH_OF_APRIL_2026.csv,4,2026,329,A - IPC Crime,CRIMINAL TRESPASS (Sec.447 to 452 IPC/329(3) TO 333 BNS),Others,73,9,11,23,3,Cyber Crime,,,0.4,token_overlap
330,CRIME_REVIEW_FOR_THE_MONTH_OF_APRIL_2026.csv,4,2026,330,A - IPC Crime,CRUELTY BY HUSBAND (Sec. 498(A) IPC/85 BNS),Husband,355,81,91,108,3,Cyber Crime,,,0.4,token_overlap
331,CRIME_REVIEW_FOR_THE_MONTH_OF_APRIL_2026.csv,4,2026,331,A - IPC Crime,CRUELTY BY HUSBAND (Sec. 498(A) IPC/85 BNS),Husband And Relative(S) in Law,447,112,95,127,3,Cyber Crime,,,0.4,token_overlap
332,CRIME_REVIEW_FOR_THE_MONTH_OF_APRIL_2026.csv,4,2026,332,A - IPC Crime,CRUELTY BY HUSBAND (Sec. 498(A) IPC/85 BNS),Relative(S) in Law,13,3,2,5,3,Cyber Crime,,,0.4,token_overlap
333,CRIME_REVIEW_FOR_THE_MONTH_OF_APRIL_2026.csv,4,2026,333,A - IPC Crime,CRUELTY BY HUSBAND (Sec. 498(A) IPC/85 BNS),Dowry Harassment,136,35,34,49,6,Women & Child Safety,20,Dowry Harassment,0.95,substring
334,CRIME_REVIEW_FOR_THE_MONTH_OF_APRIL_2026.csv,4,2026,334,A - IPC Crime,DOWRY DEATHS (Sec.304(B) IPC/80 BNS),By Husband,2,1,0,1,3,Cyber Crime,,,0.4,token_overlap
335,CRIME_REVIEW_FOR_THE_MONTH_OF_APRIL_2026.csv,4,2026,335,A - IPC Crime,DOWRY DEATHS (Sec.304(B) IPC/80 BNS),By Husband And Relatives In Law,15,4,8,4,3,Cyber Crime,,,0.4,token_overlap
336,CRIME_REVIEW_FOR_THE_MONTH_OF_APRIL_2026.csv,4,2026,336,A - IPC Crime,DOWRY DEATHS (Sec.304(B) IPC/80 BNS),By Relatives in Law,1,1,0,0,3,Cyber Crime,,,0.4,token_overlap
337,CRIME_REVIEW_FOR_THE_MONTH_OF_APRIL_2026.csv,4,2026,337,A - IPC Crime,DOWRY DEATHS (Sec.304(B) IPC/80 BNS),By Burning,1,1,1,0,3,Cyber Crime,,,0.4,token_overlap
338,CRIME_REVIEW_FOR_THE_MONTH_OF_APRIL_2026.csv,4,2026,338,A - IPC Crime,DOWRY DEATHS (Sec.304(B) IPC/80 BNS),By Hanging,30,8,8,10,3,Cyber Crime,,,0.4,token_overlap
339,CRIME_REVIEW_FOR_THE_MONTH_OF_APRIL_2026.csv,4,2026,339,A - IPC Crime,DOWRY DEATHS (Sec.304(B) IPC/80 BNS),By Other Means,2,1,1,0,3,Cyber Crime,,,0.4,token_overlap
340,CRIME_REVIEW_FOR_THE_MONTH_OF_APRIL_2026.csv,4,2026,340,A - IPC Crime,DEATHS DUE TO RASHNESS/NEGLIGENCE (Sec.304(A) IPC/106 BNS),Electrocution,7,1,2,2,3,Cyber Crime,,,0.4,token_overlap
341,CRIME_REVIEW_FOR_THE_MONTH_OF_APRIL_2026.csv,4,2026,341,A - IPC Crime,DEATHS DUE TO RASHNESS/NEGLIGENCE (Sec.304(A) IPC/106 BNS),Adulterated Food/Drug,0,0,0,0,3,Cyber Crime,,,0.4,token_overlap
342,CRIME_REVIEW_FOR_THE_MONTH_OF_APRIL_2026.csv,4,2026,342,A - IPC Crime,DEATHS DUE TO RASHNESS/NEGLIGENCE (Sec.304(A) IPC/106 BNS),Accident by Air,0,0,0,0,3,Cyber Crime,,,0.4,token_overlap
343,CRIME_REVIEW_FOR_THE_MONTH_OF_APRIL_2026.csv,4,2026,343,A - IPC Crime,DEATHS DUE TO RASHNESS/NEGLIGENCE (Sec.304(A) IPC/106 BNS),Boad Accident,0,0,0,0,3,Cyber Crime,,,0.4,token_overlap
344,CRIME_REVIEW_FOR_THE_MONTH_OF_APRIL_2026.csv,4,2026,344,A - IPC Crime,DEATHS DUE TO RASHNESS/NEGLIGENCE (Sec.304(A) IPC/106 BNS),Bridge/Dam Collapse,0,0,0,0,3,Cyber Crime,,,0.4,token_overlap
345,CRIME_REVIEW_FOR_THE_MONTH_OF_APRIL_2026.csv,4,2026,345,A - IPC Crime,DEATHS DUE TO RASHNESS/NEGLIGENCE (Sec.304(A) IPC/106 BNS),Building Collapse,1,1,0,0,3,Cyber Crime,,,0.4,token_overlap
346,CRIME_REVIEW_FOR_THE_MONTH_OF_APRIL_2026.csv,4,2026,346,A - IPC Crime,DEATHS DUE TO RASHNESS/NEGLIGENCE (Sec.304(A) IPC/106 BNS),Caused By Animal,2,0,0,1,3,Cyber Crime,,,0.4,token_overlap
347,CRIME_REVIEW_FOR_THE_MONTH_OF_APRIL_2026.csv,4,2026,347,A - IPC Crime,DEATHS DUE TO RASHNESS/NEGLIGENCE (Sec.304(A) IPC/106 BNS),Death Due to Other Cause,31,6,10,8,3,Cyber Crime,,,0.4,token_overlap
348,CRIME_REVIEW_FOR_THE_MONTH_OF_APRIL_2026.csv,4,2026,348,A - IPC Crime,DEATHS DUE TO RASHNESS/NEGLIGENCE (Sec.304(A) IPC/106 BNS),Electrocution Accident,4,4,1,2,3,Cyber Crime,,,0.4,token_overlap
349,CRIME_REVIEW_FOR_THE_MONTH_OF_APRIL_2026.csv,4,2026,349,A - IPC Crime,DEATHS DUE TO RASHNESS/NEGLIGENCE (Sec.304(A) IPC/106 BNS),Explosion Accident,0,0,0,0,3,Cyber Crime,,,0.4,token_overlap
350,CRIME_REVIEW_FOR_THE_MONTH_OF_APRIL_2026.csv,4,2026,350,A - IPC Crime,DEATHS DUE TO RASHNESS/NEGLIGENCE (Sec.304(A) IPC/106 BNS),Fire accident,0,0,0,0,3,Cyber Crime,,,0.4,token_overlap
351,CRIME_REVIEW_FOR_THE_MONTH_OF_APRIL_2026.csv,4,2026,351,A - IPC Crime,DEATHS DUE TO RASHNESS/NEGLIGENCE (Sec.304(A) IPC/106 BNS),Gas Leakage Accident,2,1,0,0,3,Cyber Crime,,,0.4,token_overlap
352,CRIME_REVIEW_FOR_THE_MONTH_OF_APRIL_2026.csv,4,2026,352,A - IPC Crime,DEATHS DUE TO RASHNESS/NEGLIGENCE (Sec.304(A) IPC/106 BNS),Improper Infrastucture In Construction,27,5,10,2,3,Cyber Crime,,,0.4,token_overlap
353,CRIME_REVIEW_FOR_THE_MONTH_OF_APRIL_2026.csv,4,2026,353,A - IPC Crime,DEATHS DUE TO RASHNESS/NEGLIGENCE (Sec.304(A) IPC/106 BNS),Improper Medical Treatment,4,0,2,1,3,Cyber Crime,,,0.4,token_overlap
354,CRIME_REVIEW_FOR_THE_MONTH_OF_APRIL_2026.csv,4,2026,354,A - IPC Crime,DEATHS DUE TO RASHNESS/NEGLIGENCE (Sec.304(A) IPC/106 BNS),In Custody of Public Servant,0,0,0,0,3,Cyber Crime,,,0.4,token_overlap
355,CRIME_REVIEW_FOR_THE_MONTH_OF_APRIL_2026.csv,4,2026,355,A - IPC Crime,DEATHS DUE TO RASHNESS/NEGLIGENCE (Sec.304(A) IPC/106 BNS),In Jail/Judicial Custody,0,0,0,0,3,Cyber Crime,,,0.4,token_overlap
356,CRIME_REVIEW_FOR_THE_MONTH_OF_APRIL_2026.csv,4,2026,356,A - IPC Crime,DEATHS DUE TO RASHNESS/NEGLIGENCE (Sec.304(A) IPC/106 BNS),In Police Custody,0,0,0,0,3,Cyber Crime,,,0.4,token_overlap
357,CRIME_REVIEW_FOR_THE_MONTH_OF_APRIL_2026.csv,4,2026,357,A - IPC Crime,DEATHS DUE TO RASHNESS/NEGLIGENCE (Sec.304(A) IPC/106 BNS),Industrial Accident (Factory),2,1,0,2,3,Cyber Crime,,,0.4,token_overlap
358,CRIME_REVIEW_FOR_THE_MONTH_OF_APRIL_2026.csv,4,2026,358,A - IPC Crime,DEATHS DUE TO RASHNESS/NEGLIGENCE (Sec.304(A) IPC/106 BNS),Inflammable Substance,0,0,0,0,3,Cyber Crime,,,0.4,token_overlap
359,CRIME_REVIEW_FOR_THE_MONTH_OF_APRIL_2026.csv,4,2026,359,A - IPC Crime,DEATHS DUE TO RASHNESS/NEGLIGENCE (Sec.304(A) IPC/106 BNS),Mine Accident,1,0,0,0,3,Cyber Crime,,,0.4,token_overlap
360,CRIME_REVIEW_FOR_THE_MONTH_OF_APRIL_2026.csv,4,2026,360,A - IPC Crime,DEATHS DUE TO RASHNESS/NEGLIGENCE (Sec.304(A) IPC/106 BNS),Poisonous Substance,0,0,0,0,3,Cyber Crime,,,0.4,token_overlap
361,CRIME_REVIEW_FOR_THE_MONTH_OF_APRIL_2026.csv,4,2026,361,A - IPC Crime,DEATHS DUE TO RASHNESS/NEGLIGENCE (Sec.304(A) IPC/106 BNS),Quarry Accident,0,0,0,0,3,Cyber Crime,,,0.4,token_overlap
362,CRIME_REVIEW_FOR_THE_MONTH_OF_APRIL_2026.csv,4,2026,362,A - IPC Crime,DEATHS DUE TO RASHNESS/NEGLIGENCE (Sec.304(A) IPC/106 BNS),Spurious Liquor (Hooch) Accident,0,0,0,0,3,Cyber Crime,,,0.4,token_overlap
363,CRIME_REVIEW_FOR_THE_MONTH_OF_APRIL_2026.csv,4,2026,363,A - IPC Crime,DEATHS DUE TO RASHNESS/NEGLIGENCE (Sec.304(A) IPC/106 BNS),Railway Accident,1,0,1,0,3,Cyber Crime,,,0.4,token_overlap
364,CRIME_REVIEW_FOR_THE_MONTH_OF_APRIL_2026.csv,4,2026,364,A - IPC Crime,DEATHS DUE TO RASHNESS/NEGLIGENCE (Sec.304(A) IPC/106 BNS),Others,26,9,3,6,3,Cyber Crime,,,0.4,token_overlap
365,CRIME_REVIEW_FOR_THE_MONTH_OF_APRIL_2026.csv,4,2026,365,A - IPC Crime,MOTOR VEHICLE ACCIDENTS FATAL (Sec.304(A) IPC/106 BNS),National Highways,1380,370,370,342,3,Cyber Crime,,,0.4,token_overlap
366,CRIME_REVIEW_FOR_THE_MONTH_OF_APRIL_2026.csv,4,2026,366,A - IPC Crime,MOTOR VEHICLE ACCIDENTS FATAL (Sec.304(A) IPC/106 BNS),State Highways,1130,277,294,251,3,Cyber Crime,,,0.4,token_overlap
367,CRIME_REVIEW_FOR_THE_MONTH_OF_APRIL_2026.csv,4,2026,367,A - IPC Crime,MOTOR VEHICLE ACCIDENTS FATAL (Sec.304(A) IPC/106 BNS),Other Roads,1515,325,387,348,3,Cyber Crime,,,0.4,token_overlap
368,CRIME_REVIEW_FOR_THE_MONTH_OF_APRIL_2026.csv,4,2026,368,A - IPC Crime,MOTOR VEHICLE ACCIDENTS FATAL (Sec.304(A) IPC/106 BNS),Other Places,68,19,16,15,3,Cyber Crime,,,0.4,token_overlap
369,CRIME_REVIEW_FOR_THE_MONTH_OF_APRIL_2026.csv,4,2026,369,A - IPC Crime,"MOTOR VEHICLE ACCIDENTS NON-FATAL (Sec.279, 337, 338 IPC/281,125(a),125(b) BNS)",National Highways,3453,888,837,928,3,Cyber Crime,,,0.4,token_overlap
370,CRIME_REVIEW_FOR_THE_MONTH_OF_APRIL_2026.csv,4,2026,370,A - IPC Crime,"MOTOR VEHICLE ACCIDENTS NON-FATAL (Sec.279, 337, 338 IPC/281,125(a),125(b) BNS)",State Highways,2532,598,654,625,3,Cyber Crime,,,0.4,token_overlap
371,CRIME_REVIEW_FOR_THE_MONTH_OF_APRIL_2026.csv,4,2026,371,A - IPC Crime,"MOTOR VEHICLE ACCIDENTS NON-FATAL (Sec.279, 337, 338 IPC/281,125(a),125(b) BNS)",Other Roads,4906,1131,1211,1298,3,Cyber Crime,,,0.4,token_overlap
372,CRIME_REVIEW_FOR_THE_MONTH_OF_APRIL_2026.csv,4,2026,372,A - IPC Crime,"MOTOR VEHICLE ACCIDENTS NON-FATAL (Sec.279, 337, 338 IPC/281,125(a),125(b) BNS)",Other Places,133,36,35,40,3,Cyber Crime,,,0.4,token_overlap
373,CRIME_REVIEW_FOR_THE_MONTH_OF_APRIL_2026.csv,4,2026,373,A - IPC Crime,"DEATHS-MISCARRIAGE (Sec.312, 313, 314 IPC/88,89,90 BNS)",Child,3,2,1,1,3,Cyber Crime,,,0.4,token_overlap
374,CRIME_REVIEW_FOR_THE_MONTH_OF_APRIL_2026.csv,4,2026,374,A - IPC Crime,"DEATHS-MISCARRIAGE (Sec.312, 313, 314 IPC/88,89,90 BNS)",Woman,3,1,1,1,3,Cyber Crime,,,0.4,token_overlap
375,CRIME_REVIEW_FOR_THE_MONTH_OF_APRIL_2026.csv,4,2026,375,A - IPC Crime,"DEATHS-MISCARRIAGE (Sec.312, 313, 314 IPC/88,89,90 BNS)",Women and Child,0,0,0,0,6,Women & Child Safety,,,0.6000000000000001,token_overlap
376,CRIME_REVIEW_FOR_THE_MONTH_OF_APRIL_2026.csv,4,2026,376,A - IPC Crime,"DEFENCE FORCES OFFENCES RELATING (also relating to desertion) (Sec.131 to 140, except 136 IPC/159 TO 168 EXCEPT 164 BNS)",Air Force,0,0,0,0,3,Cyber Crime,,,0.4,token_overlap
377,CRIME_REVIEW_FOR_THE_MONTH_OF_APRIL_2026.csv,4,2026,377,A - IPC Crime,"DEFENCE FORCES OFFENCES RELATING (also relating to desertion) (Sec.131 to 140, except 136 IPC/159 TO 168 EXCEPT 164 BNS)",Army,0,0,0,0,3,Cyber Crime,,,0.4,token_overlap
378,CRIME_REVIEW_FOR_THE_MONTH_OF_APRIL_2026.csv,4,2026,378,A - IPC Crime,"DEFENCE FORCES OFFENCES RELATING (also relating to desertion) (Sec.131 to 140, except 136 IPC/159 TO 168 EXCEPT 164 BNS)",Navy,0,0,0,0,3,Cyber Crime,,,0.4,token_overlap
379,CRIME_REVIEW_FOR_THE_MONTH_OF_APRIL_2026.csv,4,2026,379,A - IPC Crime,"ESCAPE FROM LAWFUL CUSTODY AND RESISTANCE (Sec.224, 225, 225(B) IPC/262,263,265 BNS)",From Jail Custody,3,0,2,1,3,Cyber Crime,,,0.4,token_overlap
380,CRIME_REVIEW_FOR_THE_MONTH_OF_APRIL_2026.csv,4,2026,380,A - IPC Crime,"ESCAPE FROM LAWFUL CUSTODY AND RESISTANCE (Sec.224, 225, 225(B) IPC/262,263,265 BNS)",From Police Custody,8,2,1,3,3,Cyber Crime,,,0.4,token_overlap
381,CRIME_REVIEW_FOR_THE_MONTH_OF_APRIL_2026.csv,4,2026,381,A - IPC Crime,"ESCAPE FROM LAWFUL CUSTODY AND RESISTANCE (Sec.224, 225, 225(B) IPC/262,263,265 BNS)",Others,3,2,1,1,3,Cyber Crime,,,0.4,token_overlap
382,CRIME_REVIEW_FOR_THE_MONTH_OF_APRIL_2026.csv,4,2026,382,A - IPC Crime,"IMPERSONATION (Sec.170, 171 IPC/204,205 BNS)",Attempt to Commit,1,0,0,1,3,Cyber Crime,,,0.4,token_overlap
383,CRIME_REVIEW_FOR_THE_MONTH_OF_APRIL_2026.csv,4,2026,383,A - IPC Crime,"IMPERSONATION (Sec.170, 171 IPC/204,205 BNS)",Non-Uniformed Authority,0,2,0,0,3,Cyber Crime,,,0.4,token_overlap
384,CRIME_REVIEW_FOR_THE_MONTH_OF_APRIL_2026.csv,4,2026,384,A - IPC Crime,"IMPERSONATION (Sec.170, 171 IPC/204,205 BNS)",Uniformed Authority,1,1,1,0,3,Cyber Crime,,,0.4,token_overlap
385,CRIME_REVIEW_FOR_THE_MONTH_OF_APRIL_2026.csv,4,2026,385,A - IPC Crime,"MISCHIEF (Sec.427 to 440 except 434, 435, 436, 438 IPC/324(4) TO 324(6) BNS)",NA,158,34,38,46,3,Cyber Crime,,,0.4,token_overlap
386,CRIME_REVIEW_FOR_THE_MONTH_OF_APRIL_2026.csv,4,2026,386,A - IPC Crime,MOLESTATION (Sec.354 IPC/74 BNS),Attempt to Commit,19,6,4,3,3,Cyber Crime,,,0.4,token_overlap
387,CRIME_REVIEW_FOR_THE_MONTH_OF_APRIL_2026.csv,4,2026,387,A - IPC Crime,MOLESTATION (Sec.354 IPC/74 BNS),Private Place,336,75,83,81,3,Cyber Crime,,,0.4,token_overlap
388,CRIME_REVIEW_FOR_THE_MONTH_OF_APRIL_2026.csv,4,2026,388,A - IPC Crime,MOLESTATION (Sec.354 IPC/74 BNS),Public Conveyance,4,0,0,1,3,Cyber Crime,,,0.4,token_overlap
389,CRIME_REVIEW_FOR_THE_MONTH_OF_APRIL_2026.csv,4,2026,389,A - IPC Crime,MOLESTATION (Sec.354 IPC/74 BNS),Public Place,863,187,234,212,3,Cyber Crime,,,0.4,token_overlap
390,CRIME_REVIEW_FOR_THE_MONTH_OF_APRIL_2026.csv,4,2026,390,A - IPC Crime,MOLESTATION (Sec.354 IPC/74 BNS),Other Places,942,229,268,257,3,Cyber Crime,,,0.4,token_overlap
391,CRIME_REVIEW_FOR_THE_MONTH_OF_APRIL_2026.csv,4,2026,391,A - IPC Crime,POISONING-PROFESSIONAL (Sec. 328 IPC/123 BNS),Attempt to Commit,5,1,1,2,3,Cyber Crime,,,0.4,token_overlap
392,CRIME_REVIEW_FOR_THE_MONTH_OF_APRIL_2026.csv,4,2026,392,A - IPC Crime,POISONING-PROFESSIONAL (Sec. 328 IPC/123 BNS),Fatal,0,0,0,0,3,Cyber Crime,,,0.4,token_overlap
393,CRIME_REVIEW_FOR_THE_MONTH_OF_APRIL_2026.csv,4,2026,393,A - IPC Crime,POISONING-PROFESSIONAL (Sec. 328 IPC/123 BNS),Non Fatal,1,0,0,0,3,Cyber Crime,,,0.4,token_overlap
394,CRIME_REVIEW_FOR_THE_MONTH_OF_APRIL_2026.csv,4,2026,394,A - IPC Crime,PORNOGRAPHY (Sec.292 to 294 IPC/294 TO 296 BNS),Advertisement,0,0,0,0,3,Cyber Crime,,,0.4,token_overlap
395,CRIME_REVIEW_FOR_THE_MONTH_OF_APRIL_2026.csv,4,2026,395,A - IPC Crime,PORNOGRAPHY (Sec.292 to 294 IPC/294 TO 296 BNS),Audio Tape,0,0,0,0,3,Cyber Crime,,,0.4,token_overlap
396,CRIME_REVIEW_FOR_THE_MONTH_OF_APRIL_2026.csv,4,2026,396,A - IPC Crime,PORNOGRAPHY (Sec.292 to 294 IPC/294 TO 296 BNS),Book,0,0,0,0,3,Cyber Crime,,,0.4,token_overlap
397,CRIME_REVIEW_FOR_THE_MONTH_OF_APRIL_2026.csv,4,2026,397,A - IPC Crime,PORNOGRAPHY (Sec.292 to 294 IPC/294 TO 296 BNS),Computer Software,0,0,0,0,3,Cyber Crime,,,0.4,token_overlap
398,CRIME_REVIEW_FOR_THE_MONTH_OF_APRIL_2026.csv,4,2026,398,A - IPC Crime,PORNOGRAPHY (Sec.292 to 294 IPC/294 TO 296 BNS),Figures,0,0,0,0,3,Cyber Crime,,,0.4,token_overlap
399,CRIME_REVIEW_FOR_THE_MONTH_OF_APRIL_2026.csv,4,2026,399,A - IPC Crime,PORNOGRAPHY (Sec.292 to 294 IPC/294 TO 296 BNS),Film (Blue),0,0,0,0,3,Cyber Crime,,,0.4,token_overlap
400,CRIME_REVIEW_FOR_THE_MONTH_OF_APRIL_2026.csv,4,2026,400,A - IPC Crime,PORNOGRAPHY (Sec.292 to 294 IPC/294 TO 296 BNS),Painting,0,0,0,0,3,Cyber Crime,,,0.4,token_overlap
401,CRIME_REVIEW_FOR_THE_MONTH_OF_APRIL_2026.csv,4,2026,401,A - IPC Crime,PORNOGRAPHY (Sec.292 to 294 IPC/294 TO 296 BNS),Pamphlet,0,0,0,0,3,Cyber Crime,,,0.4,token_overlap
402,CRIME_REVIEW_FOR_THE_MONTH_OF_APRIL_2026.csv,4,2026,402,A - IPC Crime,PORNOGRAPHY (Sec.292 to 294 IPC/294 TO 296 BNS),Paper,0,0,0,0,3,Cyber Crime,,,0.4,token_overlap
403,CRIME_REVIEW_FOR_THE_MONTH_OF_APRIL_2026.csv,4,2026,403,A - IPC Crime,PORNOGRAPHY (Sec.292 to 294 IPC/294 TO 296 BNS),Photography,0,0,0,0,3,Cyber Crime,,,0.4,token_overlap
404,CRIME_REVIEW_FOR_THE_MONTH_OF_APRIL_2026.csv,4,2026,404,A - IPC Crime,PORNOGRAPHY (Sec.292 to 294 IPC/294 TO 296 BNS),Poster,1,0,0,0,3,Cyber Crime,,,0.4,token_overlap
405,CRIME_REVIEW_FOR_THE_MONTH_OF_APRIL_2026.csv,4,2026,405,A - IPC Crime,PORNOGRAPHY (Sec.292 to 294 IPC/294 TO 296 BNS),Video Film(Blue),0,0,0,0,3,Cyber Crime,,,0.4,token_overlap
406,CRIME_REVIEW_FOR_THE_MONTH_OF_APRIL_2026.csv,4,2026,406,A - IPC Crime,PORNOGRAPHY (Sec.292 to 294 IPC/294 TO 296 BNS),Others,3,1,0,1,3,Cyber Crime,,,0.4,token_overlap
407,CRIME_REVIEW_FOR_THE_MONTH_OF_APRIL_2026.csv,4,2026,407,A - IPC Crime,PUBLIC JUSTICE (Sec.213 to 215 IPC/250 TO 252 BNS),NA,1,1,0,0,3,Cyber Crime,,,0.4,token_overlap
408,CRIME_REVIEW_FOR_THE_MONTH_OF_APRIL_2026.csv,4,2026,408,A - IPC Crime,"PUBLIC NUISANCE (Sec.291 and 510 IPC/293,355 BNS)",NA,364,31,63,67,3,Cyber Crime,,,0.4,token_overlap
409,CRIME_REVIEW_FOR_THE_MONTH_OF_APRIL_2026.csv,4,2026,409,A - IPC Crime,"PUBLIC SAFETY (Sec.269 to 271, 277, 283, 289 IPC/271 to 273, 279,285,291 BNS)",NA,816,145,279,97,3,Cyber Crime,,,0.4,token_overlap
410,CRIME_REVIEW_FOR_THE_MONTH_OF_APRIL_2026.csv,4,2026,410,A - IPC Crime,"OFFENCES AGAINST PUBLIC SERVANTS (Public servant is a victim) (Sec 182-188, 332, 333, 353 IPC/217-223,121(1),121(2), 132 BNS)",Attempt to Commit,5,0,2,2,2,Crimes Against Persons,,,0.4,token_overlap
411,CRIME_REVIEW_FOR_THE_MONTH_OF_APRIL_2026.csv,4,2026,411,A - IPC Crime,"OFFENCES AGAINST PUBLIC SERVANTS (Public servant is a victim) (Sec 182-188, 332, 333, 353 IPC/217-223,121(1),121(2), 132 BNS)",Defence Personnel,2,0,1,0,2,Crimes Against Persons,,,0.4,token_overlap
412,CRIME_REVIEW_FOR_THE_MONTH_OF_APRIL_2026.csv,4,2026,412,A - IPC Crime,"OFFENCES AGAINST PUBLIC SERVANTS (Public servant is a victim) (Sec 182-188, 332, 333, 353 IPC/217-223,121(1),121(2), 132 BNS)",Jail Personnel,5,1,1,2,2,Crimes Against Persons,,,0.4,token_overlap
413,CRIME_REVIEW_FOR_THE_MONTH_OF_APRIL_2026.csv,4,2026,413,A - IPC Crime,"OFFENCES AGAINST PUBLIC SERVANTS (Public servant is a victim) (Sec 182-188, 332, 333, 353 IPC/217-223,121(1),121(2), 132 BNS)",Judicial Official,5,2,0,1,2,Crimes Against Persons,,,0.4,token_overlap
414,CRIME_REVIEW_FOR_THE_MONTH_OF_APRIL_2026.csv,4,2026,414,A - IPC Crime,"OFFENCES AGAINST PUBLIC SERVANTS (Public servant is a victim) (Sec 182-188, 332, 333, 353 IPC/217-223,121(1),121(2), 132 BNS)",Minister,0,0,0,0,2,Crimes Against Persons,,,0.4,token_overlap
415,CRIME_REVIEW_FOR_THE_MONTH_OF_APRIL_2026.csv,4,2026,415,A - IPC Crime,"OFFENCES AGAINST PUBLIC SERVANTS (Public servant is a victim) (Sec 182-188, 332, 333, 353 IPC/217-223,121(1),121(2), 132 BNS)",MLA,0,0,0,0,2,Crimes Against Persons,,,0.4,token_overlap
416,CRIME_REVIEW_FOR_THE_MONTH_OF_APRIL_2026.csv,4,2026,416,A - IPC Crime,"OFFENCES AGAINST PUBLIC SERVANTS (Public servant is a victim) (Sec 182-188, 332, 333, 353 IPC/217-223,121(1),121(2), 132 BNS)",MP,0,0,0,0,2,Crimes Against Persons,,,0.4,token_overlap
417,CRIME_REVIEW_FOR_THE_MONTH_OF_APRIL_2026.csv,4,2026,417,A - IPC Crime,"OFFENCES AGAINST PUBLIC SERVANTS (Public servant is a victim) (Sec 182-188, 332, 333, 353 IPC/217-223,121(1),121(2), 132 BNS)",Nationalised Bank Personnel,1,0,0,0,2,Crimes Against Persons,,,0.4,token_overlap
418,CRIME_REVIEW_FOR_THE_MONTH_OF_APRIL_2026.csv,4,2026,418,A - IPC Crime,"OFFENCES AGAINST PUBLIC SERVANTS (Public servant is a victim) (Sec 182-188, 332, 333, 353 IPC/217-223,121(1),121(2), 132 BNS)",Other Elected Member,0,0,0,0,2,Crimes Against Persons,,,0.4,token_overlap
419,CRIME_REVIEW_FOR_THE_MONTH_OF_APRIL_2026.csv,4,2026,419,A - IPC Crime,"OFFENCES AGAINST PUBLIC SERVANTS (Public servant is a victim) (Sec 182-188, 332, 333, 353 IPC/217-223,121(1),121(2), 132 BNS)",Other Enforcement Official,0,0,0,0,2,Crimes Against Persons,,,0.4,token_overlap
420,CRIME_REVIEW_FOR_THE_MONTH_OF_APRIL_2026.csv,4,2026,420,A - IPC Crime,"OFFENCES AGAINST PUBLIC SERVANTS (Public servant is a victim) (Sec 182-188, 332, 333, 353 IPC/217-223,121(1),121(2), 132 BNS)",Other Govt. Official,138,39,38,32,2,Crimes Against Persons,,,0.4,token_overlap
421,CRIME_REVIEW_FOR_THE_MONTH_OF_APRIL_2026.csv,4,2026,421,A - IPC Crime,"OFFENCES AGAINST PUBLIC SERVANTS (Public servant is a victim) (Sec 182-188, 332, 333, 353 IPC/217-223,121(1),121(2), 132 BNS)",Para Military Personnel,0,0,0,0,2,Crimes Against Persons,,,0.4,token_overlap
422,CRIME_REVIEW_FOR_THE_MONTH_OF_APRIL_2026.csv,4,2026,422,A - IPC Crime,"OFFENCES AGAINST PUBLIC SERVANTS (Public servant is a victim) (Sec 182-188, 332, 333, 353 IPC/217-223,121(1),121(2), 132 BNS)",Police Personnel,155,47,38,48,2,Crimes Against Persons,,,0.4,token_overlap
423,CRIME_REVIEW_FOR_THE_MONTH_OF_APRIL_2026.csv,4,2026,423,A - IPC Crime,"OFFENCES AGAINST PUBLIC SERVANTS (Public servant is a victim) (Sec 182-188, 332, 333, 353 IPC/217-223,121(1),121(2), 132 BNS)",Public Sector Undertaking Official,29,10,7,7,2,Crimes Against Persons,,,0.4,token_overlap
424,CRIME_REVIEW_FOR_THE_MONTH_OF_APRIL_2026.csv,4,2026,424,A - IPC Crime,"OFFENCES BY PUBLIC SERVANTS (EXCEPT CORRUPTION) (Public servant is accused) (Sec.128, 129, 167, 218, 221, 222 IPC/156,157,201,256,259,260 BNS)",Defence Personnel,0,0,0,0,3,Cyber Crime,,,0.4,token_overlap
425,CRIME_REVIEW_FOR_THE_MONTH_OF_APRIL_2026.csv,4,2026,425,A - IPC Crime,"OFFENCES BY PUBLIC SERVANTS (EXCEPT CORRUPTION) (Public servant is accused) (Sec.128, 129, 167, 218, 221, 222 IPC/156,157,201,256,259,260 BNS)",Jail Personnel,0,0,0,0,3,Cyber Crime,,,0.4,token_overlap
426,CRIME_REVIEW_FOR_THE_MONTH_OF_APRIL_2026.csv,4,2026,426,A - IPC Crime,"OFFENCES BY PUBLIC SERVANTS (EXCEPT CORRUPTION) (Public servant is accused) (Sec.128, 129, 167, 218, 221, 222 IPC/156,157,201,256,259,260 BNS)",Judicial Official,0,0,0,0,3,Cyber Crime,,,0.4,token_overlap
427,CRIME_REVIEW_FOR_THE_MONTH_OF_APRIL_2026.csv,4,2026,427,A - IPC Crime,"OFFENCES BY PUBLIC SERVANTS (EXCEPT CORRUPTION) (Public servant is accused) (Sec.128, 129, 167, 218, 221, 222 IPC/156,157,201,256,259,260 BNS)",Minister,0,0,0,0,3,Cyber Crime,,,0.4,token_overlap
428,CRIME_REVIEW_FOR_THE_MONTH_OF_APRIL_2026.csv,4,2026,428,A - IPC Crime,"OFFENCES BY PUBLIC SERVANTS (EXCEPT CORRUPTION) (Public servant is accused) (Sec.128, 129, 167, 218, 221, 222 IPC/156,157,201,256,259,260 BNS)",MLA,0,0,0,0,3,Cyber Crime,,,0.4,token_overlap
429,CRIME_REVIEW_FOR_THE_MONTH_OF_APRIL_2026.csv,4,2026,429,A - IPC Crime,"OFFENCES BY PUBLIC SERVANTS (EXCEPT CORRUPTION) (Public servant is accused) (Sec.128, 129, 167, 218, 221, 222 IPC/156,157,201,256,259,260 BNS)",MP,0,0,0,0,3,Cyber Crime,,,0.4,token_overlap
430,CRIME_REVIEW_FOR_THE_MONTH_OF_APRIL_2026.csv,4,2026,430,A - IPC Crime,"OFFENCES BY PUBLIC SERVANTS (EXCEPT CORRUPTION) (Public servant is accused) (Sec.128, 129, 167, 218, 221, 222 IPC/156,157,201,256,259,260 BNS)",Nationalised Bank Personnel,0,0,0,0,3,Cyber Crime,,,0.4,token_overlap
431,CRIME_REVIEW_FOR_THE_MONTH_OF_APRIL_2026.csv,4,2026,431,A - IPC Crime,"OFFENCES BY PUBLIC SERVANTS (EXCEPT CORRUPTION) (Public servant is accused) (Sec.128, 129, 167, 218, 221, 222 IPC/156,157,201,256,259,260 BNS)",Other Elected Member,0,0,0,0,3,Cyber Crime,,,0.4,token_overlap
432,CRIME_REVIEW_FOR_THE_MONTH_OF_APRIL_2026.csv,4,2026,432,A - IPC Crime,"OFFENCES BY PUBLIC SERVANTS (EXCEPT CORRUPTION) (Public servant is accused) (Sec.128, 129, 167, 218, 221, 222 IPC/156,157,201,256,259,260 BNS)",Other Enforcement Official,0,0,0,0,3,Cyber Crime,,,0.4,token_overlap
433,CRIME_REVIEW_FOR_THE_MONTH_OF_APRIL_2026.csv,4,2026,433,A - IPC Crime,"OFFENCES BY PUBLIC SERVANTS (EXCEPT CORRUPTION) (Public servant is accused) (Sec.128, 129, 167, 218, 221, 222 IPC/156,157,201,256,259,260 BNS)",Other Govt. Official,1,0,1,0,3,Cyber Crime,,,0.4,token_overlap
434,CRIME_REVIEW_FOR_THE_MONTH_OF_APRIL_2026.csv,4,2026,434,A - IPC Crime,"OFFENCES BY PUBLIC SERVANTS (EXCEPT CORRUPTION) (Public servant is accused) (Sec.128, 129, 167, 218, 221, 222 IPC/156,157,201,256,259,260 BNS)",Para Military Personnel,0,0,0,0,3,Cyber Crime,,,0.4,token_overlap
435,CRIME_REVIEW_FOR_THE_MONTH_OF_APRIL_2026.csv,4,2026,435,A - IPC Crime,"OFFENCES BY PUBLIC SERVANTS (EXCEPT CORRUPTION) (Public servant is accused) (Sec.128, 129, 167, 218, 221, 222 IPC/156,157,201,256,259,260 BNS)",Police Personnel,0,0,0,0,3,Cyber Crime,,,0.4,token_overlap
436,CRIME_REVIEW_FOR_THE_MONTH_OF_APRIL_2026.csv,4,2026,436,A - IPC Crime,"OFFENCES BY PUBLIC SERVANTS (EXCEPT CORRUPTION) (Public servant is accused) (Sec.128, 129, 167, 218, 221, 222 IPC/156,157,201,256,259,260 BNS)",Public Sector Undertaking Official,0,0,0,0,3,Cyber Crime,,,0.4,token_overlap
437,CRIME_REVIEW_FOR_THE_MONTH_OF_APRIL_2026.csv,4,2026,437,A - IPC Crime,"OFFENCES BY PUBLIC SERVANTS (EXCEPT CORRUPTION) (Public servant is accused) (Sec.128, 129, 167, 218, 221, 222 IPC/156,157,201,256,259,260 BNS)",Others,0,0,0,0,3,Cyber Crime,,,0.4,token_overlap
438,CRIME_REVIEW_FOR_THE_MONTH_OF_APRIL_2026.csv,4,2026,438,A - IPC Crime,"NEGLIGENT ACT (Sec.280 to 289, 336 to 338 except 283 IPC/282 to 291,125 to 125(b) except 285 BNS)",Animal -Related,21,6,8,7,3,Cyber Crime,,,0.4,token_overlap
439,CRIME_REVIEW_FOR_THE_MONTH_OF_APRIL_2026.csv,4,2026,439,A - IPC Crime,"NEGLIGENT ACT (Sec.280 to 289, 336 to 338 except 283 IPC/282 to 291,125 to 125(b) except 285 BNS)",Boat/Vessel - Related,3,0,0,0,3,Cyber Crime,,,0.4,token_overlap
440,CRIME_REVIEW_FOR_THE_MONTH_OF_APRIL_2026.csv,4,2026,440,A - IPC Crime,"NEGLIGENT ACT (Sec.280 to 289, 336 to 338 except 283 IPC/282 to 291,125 to 125(b) except 285 BNS)",Explosive/Explosive Substances - Related,10,3,3,1,3,Cyber Crime,,,0.4,token_overlap
441,CRIME_REVIEW_FOR_THE_MONTH_OF_APRIL_2026.csv,4,2026,441,A - IPC Crime,"NEGLIGENT ACT (Sec.280 to 289, 336 to 338 except 283 IPC/282 to 291,125 to 125(b) except 285 BNS)",Inflammable Substance- Related,12,2,0,1,3,Cyber Crime,,,0.4,token_overlap
442,CRIME_REVIEW_FOR_THE_MONTH_OF_APRIL_2026.csv,4,2026,442,A - IPC Crime,"NEGLIGENT ACT (Sec.280 to 289, 336 to 338 except 283 IPC/282 to 291,125 to 125(b) except 285 BNS)",Machinery - Related,58,16,12,13,3,Cyber Crime,,,0.4,token_overlap
443,CRIME_REVIEW_FOR_THE_MONTH_OF_APRIL_2026.csv,4,2026,443,A - IPC Crime,"NEGLIGENT ACT (Sec.280 to 289, 336 to 338 except 283 IPC/282 to 291,125 to 125(b) except 285 BNS)",Poisonous Substance - Related,4,1,1,2,3,Cyber Crime,,,0.4,token_overlap
444,CRIME_REVIEW_FOR_THE_MONTH_OF_APRIL_2026.csv,4,2026,444,A - IPC Crime,"NEGLIGENT ACT (Sec.280 to 289, 336 to 338 except 283 IPC/282 to 291,125 to 125(b) except 285 BNS)",Other - Related,414,108,71,94,3,Cyber Crime,,,0.4,token_overlap
445,CRIME_REVIEW_FOR_THE_MONTH_OF_APRIL_2026.csv,4,2026,445,A - IPC Crime,"NEGLIGENT ACT (Sec.280 to 289, 336 to 338 except 283 IPC/282 to 291,125 to 125(b) except 285 BNS)",Human - Related,107,77,18,27,3,Cyber Crime,,,0.4,token_overlap
446,CRIME_REVIEW_FOR_THE_MONTH_OF_APRIL_2026.csv,4,2026,446,A - IPC Crime,"NEGLIGENT ACT (Sec.280 to 289, 336 to 338 except 283 IPC/282 to 291,125 to 125(b) except 285 BNS)",Wheeling,129,5,48,18,3,Cyber Crime,,,0.4,token_overlap
447,CRIME_REVIEW_FOR_THE_MONTH_OF_APRIL_2026.csv,4,2026,447,A - IPC Crime,"NEGLIGENT ACT (Sec.280 to 289, 336 to 338 except 283 IPC/282 to 291,125 to 125(b) except 285 BNS)",Drink & Drive Without DL,1,0,1,0,3,Cyber Crime,,,0.4,token_overlap
448,CRIME_REVIEW_FOR_THE_MONTH_OF_APRIL_2026.csv,4,2026,448,A - IPC Crime,"NEGLIGENT ACT (Sec.280 to 289, 336 to 338 except 283 IPC/282 to 291,125 to 125(b) except 285 BNS)",Death Causeed By Electric Shock,27,16,5,9,3,Cyber Crime,,,0.4,token_overlap
449,CRIME_REVIEW_FOR_THE_MONTH_OF_APRIL_2026.csv,4,2026,449,A - IPC Crime,"NEGLIGENT ACT (Sec.280 to 289, 336 to 338 except 283 IPC/282 to 291,125 to 125(b) except 285 BNS)",Defective Silencer,5,0,3,0,3,Cyber Crime,,,0.4,token_overlap
450,CRIME_REVIEW_FOR_THE_MONTH_OF_APRIL_2026.csv,4,2026,450,A - IPC Crime,"NEGLIGENT ACT (Sec.280 to 289, 336 to 338 except 283 IPC/282 to 291,125 to 125(b) except 285 BNS)",Footpath Riding,0,0,0,0,3,Cyber Crime,,,0.4,token_overlap
451,CRIME_REVIEW_FOR_THE_MONTH_OF_APRIL_2026.csv,4,2026,451,A - IPC Crime,"NEGLIGENT ACT (Sec.280 to 289, 336 to 338 except 283 IPC/282 to 291,125 to 125(b) except 285 BNS)",Racing & Trials of Speed,1,0,0,0,3,Cyber Crime,,,0.4,token_overlap
452,CRIME_REVIEW_FOR_THE_MONTH_OF_APRIL_2026.csv,4,2026,452,A - IPC Crime,"NEGLIGENT ACT (Sec.280 to 289, 336 to 338 except 283 IPC/282 to 291,125 to 125(b) except 285 BNS)",Rash & Negligence/Dangerous Driving,253,6,46,57,3,Cyber Crime,,,0.4,token_overlap
453,CRIME_REVIEW_FOR_THE_MONTH_OF_APRIL_2026.csv,4,2026,453,A - IPC Crime,RECEIVING OF STOLEN PROPERTY (Sec.411 to 414 IPC/317(2) TO 317(5) BNS),NA,0,0,0,0,3,Cyber Crime,,,0.4,token_overlap
454,CRIME_REVIEW_FOR_THE_MONTH_OF_APRIL_2026.csv,4,2026,454,A - IPC Crime,SEDITION (Sec. 124A IPC/IN BNS Deleted),Attempt to Commit,0,0,0,0,3,Cyber Crime,,,0.4,token_overlap
455,CRIME_REVIEW_FOR_THE_MONTH_OF_APRIL_2026.csv,4,2026,455,A - IPC Crime,SEDITION (Sec. 124A IPC/IN BNS Deleted),By Foreigner,0,0,0,0,3,Cyber Crime,,,0.4,token_overlap
456,CRIME_REVIEW_FOR_THE_MONTH_OF_APRIL_2026.csv,4,2026,456,A - IPC Crime,SEDITION (Sec. 124A IPC/IN BNS Deleted),By National,0,0,0,0,3,Cyber Crime,,,0.4,token_overlap
457,CRIME_REVIEW_FOR_THE_MONTH_OF_APRIL_2026.csv,4,2026,457,A - IPC Crime,SEDITION (Sec. 124A IPC/IN BNS Deleted),By National And Foreigner,0,0,0,0,3,Cyber Crime,,,0.4,token_overlap
458,CRIME_REVIEW_FOR_THE_MONTH_OF_APRIL_2026.csv,4,2026,458,A - IPC Crime,INSULTING MODESTY OF WOMEN (EVE TEASING) (Sec.509 IPC/79 BNS),Attempt to Commit,5,2,2,2,3,Cyber Crime,,,0.4,token_overlap
459,CRIME_REVIEW_FOR_THE_MONTH_OF_APRIL_2026.csv,4,2026,459,A - IPC Crime,INSULTING MODESTY OF WOMEN (EVE TEASING) (Sec.509 IPC/79 BNS),Office,7,0,1,2,3,Cyber Crime,,,0.4,token_overlap
460,CRIME_REVIEW_FOR_THE_MONTH_OF_APRIL_2026.csv,4,2026,460,A - IPC Crime,INSULTING MODESTY OF WOMEN (EVE TEASING) (Sec.509 IPC/79 BNS),Public Conveyance,2,0,0,1,3,Cyber Crime,,,0.4,token_overlap
461,CRIME_REVIEW_FOR_THE_MONTH_OF_APRIL_2026.csv,4,2026,461,A - IPC Crime,INSULTING MODESTY OF WOMEN (EVE TEASING) (Sec.509 IPC/79 BNS),Public Place,65,11,15,18,3,Cyber Crime,,,0.4,token_overlap
462,CRIME_REVIEW_FOR_THE_MONTH_OF_APRIL_2026.csv,4,2026,462,A - IPC Crime,INSULTING MODESTY OF WOMEN (EVE TEASING) (Sec.509 IPC/79 BNS),Other Places,74,23,22,16,3,Cyber Crime,,,0.4,token_overlap
463,CRIME_REVIEW_FOR_THE_MONTH_OF_APRIL_2026.csv,4,2026,463,A - IPC Crime,"SUICIDE (Sec.305, 306, 309 IPC/107,108 BNS)",Dowry,2,0,0,1,3,Cyber Crime,,,0.4,token_overlap
464,CRIME_REVIEW_FOR_THE_MONTH_OF_APRIL_2026.csv,4,2026,464,A - IPC Crime,"SUICIDE (Sec.305, 306, 309 IPC/107,108 BNS)",Abetment of Suicide,135,39,27,38,3,Cyber Crime,,,0.4,token_overlap
465,CRIME_REVIEW_FOR_THE_MONTH_OF_APRIL_2026.csv,4,2026,465,A - IPC Crime,"SUICIDE (Sec.305, 306, 309 IPC/107,108 BNS)",Other Reasons,89,24,24,32,3,Cyber Crime,,,0.4,token_overlap
466,CRIME_REVIEW_FOR_THE_MONTH_OF_APRIL_2026.csv,4,2026,466,A - IPC Crime,"SUICIDE (Sec.305, 306, 309 IPC/107,108 BNS)",Attempt to Commit suicide,22,7,4,4,3,Cyber Crime,,,0.4,token_overlap
467,CRIME_REVIEW_FOR_THE_MONTH_OF_APRIL_2026.csv,4,2026,467,A - IPC Crime,UNNATURAL SEX (Sec.377 IPC/IN BNS Deleted),Abetment,0,0,0,0,3,Cyber Crime,,,0.4,token_overlap
468,CRIME_REVIEW_FOR_THE_MONTH_OF_APRIL_2026.csv,4,2026,468,A - IPC Crime,UNNATURAL SEX (Sec.377 IPC/IN BNS Deleted),Animal,0,0,0,0,3,Cyber Crime,,,0.4,token_overlap
469,CRIME_REVIEW_FOR_THE_MONTH_OF_APRIL_2026.csv,4,2026,469,A - IPC Crime,UNNATURAL SEX (Sec.377 IPC/IN BNS Deleted),Attempt,0,0,0,0,3,Cyber Crime,,,0.4,token_overlap
470,CRIME_REVIEW_FOR_THE_MONTH_OF_APRIL_2026.csv,4,2026,470,A - IPC Crime,UNNATURAL SEX (Sec.377 IPC/IN BNS Deleted),Major - Man,0,0,0,0,3,Cyber Crime,,,0.4,token_overlap
471,CRIME_REVIEW_FOR_THE_MONTH_OF_APRIL_2026.csv,4,2026,471,A - IPC Crime,UNNATURAL SEX (Sec.377 IPC/IN BNS Deleted),Major - Woman,0,0,0,0,3,Cyber Crime,,,0.4,token_overlap
472,CRIME_REVIEW_FOR_THE_MONTH_OF_APRIL_2026.csv,4,2026,472,A - IPC Crime,UNNATURAL SEX (Sec.377 IPC/IN BNS Deleted),Minor - Boy,0,0,0,0,3,Cyber Crime,,,0.4,token_overlap
473,CRIME_REVIEW_FOR_THE_MONTH_OF_APRIL_2026.csv,4,2026,473,A - IPC Crime,UNNATURAL SEX (Sec.377 IPC/IN BNS Deleted),Minor - Girl,0,0,0,0,3,Cyber Crime,,,0.4,token_overlap
474,CRIME_REVIEW_FOR_THE_MONTH_OF_APRIL_2026.csv,4,2026,474,A - IPC Crime,"WRONGFUL RESTRAINT/CONFINEMENT (Sec.341 to 348 IPC/126(2),127(2)-127(8) BNS)",Attempt to Commit,7,1,1,3,3,Cyber Crime,,,0.4,token_overlap
475,CRIME_REVIEW_FOR_THE_MONTH_OF_APRIL_2026.csv,4,2026,475,A - IPC Crime,"WRONGFUL RESTRAINT/CONFINEMENT (Sec.341 to 348 IPC/126(2),127(2)-127(8) BNS)",To Extort Confession,4,2,1,1,3,Cyber Crime,,,0.4,token_overlap
476,CRIME_REVIEW_FOR_THE_MONTH_OF_APRIL_2026.csv,4,2026,476,A - IPC Crime,"WRONGFUL RESTRAINT/CONFINEMENT (Sec.341 to 348 IPC/126(2),127(2)-127(8) BNS)",To Extort Property,4,4,1,1,3,Cyber Crime,,,0.4,token_overlap
477,CRIME_REVIEW_FOR_THE_MONTH_OF_APRIL_2026.csv,4,2026,477,A - IPC Crime,"WRONGFUL RESTRAINT/CONFINEMENT (Sec.341 to 348 IPC/126(2),127(2)-127(8) BNS)",To settle Dispute,13,2,6,0,3,Cyber Crime,,,0.4,token_overlap
478,CRIME_REVIEW_FOR_THE_MONTH_OF_APRIL_2026.csv,4,2026,478,A - IPC Crime,"WRONGFUL RESTRAINT/CONFINEMENT (Sec.341 to 348 IPC/126(2),127(2)-127(8) BNS)",Others,175,24,38,59,3,Cyber Crime,,,0.4,token_overlap
479,CRIME_REVIEW_FOR_THE_MONTH_OF_APRIL_2026.csv,4,2026,479,A - IPC Crime,"INFANTICIDE (Sec.315, 316 IPC/91,92 BNS)",Male,2,0,2,0,3,Cyber Crime,,,0.4,token_overlap
480,CRIME_REVIEW_FOR_THE_MONTH_OF_APRIL_2026.csv,4,2026,480,A - IPC Crime,"INFANTICIDE (Sec.315, 316 IPC/91,92 BNS)",Female,1,0,1,0,3,Cyber Crime,,,0.4,token_overlap
481,CRIME_REVIEW_FOR_THE_MONTH_OF_APRIL_2026.csv,4,2026,481,A - IPC Crime,"OFFENCES RELATED TO MARRIAGE (Sec.493 to 498 IPC/81,84 BNS)",,10,3,1,4,3,Cyber Crime,,,0.4,token_overlap
482,CRIME_REVIEW_FOR_THE_MONTH_OF_APRIL_2026.csv,4,2026,482,A - IPC Crime,"BUYING & SELLING MINOR FOR PROSTITUTION (Sec.372, 373 IPC/98,99 BNS)",,0,0,0,0,3,Cyber Crime,,,0.4,token_overlap
483,CRIME_REVIEW_FOR_THE_MONTH_OF_APRIL_2026.csv,4,2026,483,A - IPC Crime,DOCUMENTS & PROPERTY MARKS (Sec.483 to 489 IPC/346-350(2) BNS),Documents,0,0,0,0,3,Cyber Crime,,,0.4,token_overlap
484,CRIME_REVIEW_FOR_THE_MONTH_OF_APRIL_2026.csv,4,2026,484,A - IPC Crime,DOCUMENTS & PROPERTY MARKS (Sec.483 to 489 IPC/346-350(2) BNS),Property,0,0,0,0,3,Cyber Crime,,,0.4,token_overlap
485,CRIME_REVIEW_FOR_THE_MONTH_OF_APRIL_2026.csv,4,2026,485,A - IPC Crime,DEFAMATION (Sec.500 to 502 IPC/350(2)-356(4) BNS),Persons,6,0,2,2,2,Crimes Against Persons,,,0.4,token_overlap
486,CRIME_REVIEW_FOR_THE_MONTH_OF_APRIL_2026.csv,4,2026,486,A - IPC Crime,DEFAMATION (Sec.500 to 502 IPC/350(2)-356(4) BNS),Printed Matter,0,0,0,0,3,Cyber Crime,,,0.4,token_overlap
487,CRIME_REVIEW_FOR_THE_MONTH_OF_APRIL_2026.csv,4,2026,487,A - IPC Crime,DEFAMATION (Sec.500 to 502 IPC/350(2)-356(4) BNS),Others,1,0,1,0,3,Cyber Crime,,,0.4,token_overlap
488,CRIME_REVIEW_FOR_THE_MONTH_OF_APRIL_2026.csv,4,2026,488,A - IPC Crime,ELECTION(Sec.171(E) to 171(1) IPC/173-177 BNS),Assembly,6,0,0,6,3,Cyber Crime,,,0.4,token_overlap
489,CRIME_REVIEW_FOR_THE_MONTH_OF_APRIL_2026.csv,4,2026,489,A - IPC Crime,ELECTION(Sec.171(E) to 171(1) IPC/173-177 BNS),Parliament,0,1,0,0,3,Cyber Crime,,,0.4,token_overlap
490,CRIME_REVIEW_FOR_THE_MONTH_OF_APRIL_2026.csv,4,2026,490,A - IPC Crime,ELECTION(Sec.171(E) to 171(1) IPC/173-177 BNS),Other Elected Bodies,1,0,1,0,3,Cyber Crime,,,0.4,token_overlap
491,CRIME_REVIEW_FOR_THE_MONTH_OF_APRIL_2026.csv,4,2026,491,A - IPC Crime,"SLAVERY (Sec.370, 371, 374 IPC/143,145,146 BNS)",Man,0,0,0,0,3,Cyber Crime,,,0.4,token_overlap
492,CRIME_REVIEW_FOR_THE_MONTH_OF_APRIL_2026.csv,4,2026,492,A - IPC Crime,"SLAVERY (Sec.370, 371, 374 IPC/143,145,146 BNS)",Woman,0,0,0,0,3,Cyber Crime,,,0.4,token_overlap
493,CRIME_REVIEW_FOR_THE_MONTH_OF_APRIL_2026.csv,4,2026,493,A - IPC Crime,"SLAVERY (Sec.370, 371, 374 IPC/143,145,146 BNS)",Boy,2,0,0,0,3,Cyber Crime,,,0.4,token_overlap
494,CRIME_REVIEW_FOR_THE_MONTH_OF_APRIL_2026.csv,4,2026,494,A - IPC Crime,"SLAVERY (Sec.370, 371, 374 IPC/143,145,146 BNS)",Girl,0,0,0,0,3,Cyber Crime,,,0.4,token_overlap
495,CRIME_REVIEW_FOR_THE_MONTH_OF_APRIL_2026.csv,4,2026,495,A - IPC Crime,Attempting to commit offences (Sec.511 IPC/62 BNS),Attempting to commit offences,11,22,0,0,3,Cyber Crime,,,0.4,token_overlap
496,CRIME_REVIEW_FOR_THE_MONTH_OF_APRIL_2026.csv,4,2026,496,A - IPC Crime,ILLEGAL DETENTION (Sec.342 IPC/127(2) BNS),NA,1,0,0,1,3,Cyber Crime,,,0.4,token_overlap
497,CRIME_REVIEW_FOR_THE_MONTH_OF_APRIL_2026.csv,4,2026,497,A - IPC Crime,FALSE EVIDENCE (Sec.191 to 205 IPC/227-242 BNS),NA,1,1,0,0,3,Cyber Crime,,,0.4,token_overlap
498,CRIME_REVIEW_FOR_THE_MONTH_OF_APRIL_2026.csv,4,2026,498,A - IPC Crime,EXPOSURE AND ABANDONMENT OF CHILD (Sec.317 IPC/93 BNS),Boy,5,2,2,2,3,Cyber Crime,,,0.4,token_overlap
499,CRIME_REVIEW_FOR_THE_MONTH_OF_APRIL_2026.csv,4,2026,499,A - IPC Crime,EXPOSURE AND ABANDONMENT OF CHILD (Sec.317 IPC/93 BNS),Girl,8,4,2,2,3,Cyber Crime,,,0.4,token_overlap
500,CRIME_REVIEW_FOR_THE_MONTH_OF_APRIL_2026.csv,4,2026,500,A - IPC Crime,OF ABETMENT (Sec.107 to 120 IPC/45-60 BNS),NA,2,1,1,1,3,Cyber Crime,,,0.4,token_overlap
501,CRIME_REVIEW_FOR_THE_MONTH_OF_APRIL_2026.csv,4,2026,501,A - IPC Crime,"FAILURE TO APPEAR TO COURT (Sec.174A, 229A IPC/209,269 BNS)",IPC 174 A/BNS 209,54,16,17,7,3,Cyber Crime,,,0.4,token_overlap
502,CRIME_REVIEW_FOR_THE_MONTH_OF_APRIL_2026.csv,4,2026,502,A - IPC Crime,"FAILURE TO APPEAR TO COURT (Sec.174A, 229A IPC/209,269 BNS)",IPC 229 A/BNS 269,208,41,56,44,3,Cyber Crime,,,0.4,token_overlap
503,CRIME_REVIEW_FOR_THE_MONTH_OF_APRIL_2026.csv,4,2026,503,A - IPC Crime,Concealment of birth by secret disposal of Child,Girl,8,2,1,3,3,Cyber Crime,,,0.4,token_overlap
504,CRIME_REVIEW_FOR_THE_MONTH_OF_APRIL_2026.csv,4,2026,504,A - IPC Crime,Concealment of birth by secret disposal of Child,Boy,11,5,4,3,3,Cyber Crime,,,0.4,token_overlap
505,CRIME_REVIEW_FOR_THE_MONTH_OF_APRIL_2026.csv,4,2026,505,A - IPC Crime,ASSAULT OR USE OF CRIMINAL FORCE TO DISROBE WOMEN,NA,2,0,1,0,2,Crimes Against Persons,5,Assault,0.95,substring
506,CRIME_REVIEW_FOR_THE_MONTH_OF_APRIL_2026.csv,4,2026,506,A - IPC Crime,Disobedience to Order Promulgated by Public/Servant,By Govt. Institution,1,0,0,0,3,Cyber Crime,,,0.4,token_overlap
507,CRIME_REVIEW_FOR_THE_MONTH_OF_APRIL_2026.csv,4,2026,507,A - IPC Crime,Disobedience to Order Promulgated by Public/Servant,By Others,9,0,2,0,3,Cyber Crime,,,0.4,token_overlap
508,CRIME_REVIEW_FOR_THE_MONTH_OF_APRIL_2026.csv,4,2026,508,A - IPC Crime,Disobedience to Order Promulgated by Public/Servant,By Private Institution,6,0,3,2,3,Cyber Crime,,,0.4,token_overlap
509,CRIME_REVIEW_FOR_THE_MONTH_OF_APRIL_2026.csv,4,2026,509,A - IPC Crime,Human Trafficking,Women,0,0,0,0,3,Cyber Crime,,,0.4,token_overlap
510,CRIME_REVIEW_FOR_THE_MONTH_OF_APRIL_2026.csv,4,2026,510,A - IPC Crime,Human Trafficking,Girl,3,0,0,1,3,Cyber Crime,,,0.4,token_overlap
511,CRIME_REVIEW_FOR_THE_MONTH_OF_APRIL_2026.csv,4,2026,511,A - IPC Crime,Human Trafficking,Eunuch,0,0,0,0,3,Cyber Crime,,,0.4,token_overlap
512,CRIME_REVIEW_FOR_THE_MONTH_OF_APRIL_2026.csv,4,2026,512,A - IPC Crime,Human Trafficking,Men,2,0,0,0,3,Cyber Crime,,,0.4,token_overlap
513,CRIME_REVIEW_FOR_THE_MONTH_OF_APRIL_2026.csv,4,2026,513,A - IPC Crime,Human Trafficking,Boy,2,0,0,0,3,Cyber Crime,,,0.4,token_overlap
514,CRIME_REVIEW_FOR_THE_MONTH_OF_APRIL_2026.csv,4,2026,514,A - IPC Crime,Giving false information respecting an offence committed,Giving false information respecting an offence committed,3,2,1,1,3,Cyber Crime,,,0.4,token_overlap
515,CRIME_REVIEW_FOR_THE_MONTH_OF_APRIL_2026.csv,4,2026,515,A - IPC Crime,Harbouring offender,NA,0,1,0,0,3,Cyber Crime,,,0.4,token_overlap
516,CRIME_REVIEW_FOR_THE_MONTH_OF_APRIL_2026.csv,4,2026,516,A - IPC Crime,Pettry Organised Crimes,Cargo Theft,0,0,0,0,1,Theft & Burglary,,,0.4,token_overlap
517,CRIME_REVIEW_FOR_THE_MONTH_OF_APRIL_2026.csv,4,2026,517,A - IPC Crime,Pettry Organised Crimes,Pick Pocketing,0,0,0,0,2,Crimes Against Persons,,,0.4,token_overlap
518,CRIME_REVIEW_FOR_THE_MONTH_OF_APRIL_2026.csv,4,2026,518,A - IPC Crime,Pettry Organised Crimes,Shop Lifting,0,0,0,0,2,Crimes Against Persons,,,0.4,token_overlap
519,CRIME_REVIEW_FOR_THE_MONTH_OF_APRIL_2026.csv,4,2026,519,A - IPC Crime,Pettry Organised Crimes,Theft Of ATM Machines,0,0,0,0,1,Theft & Burglary,,,0.4,token_overlap
520,CRIME_REVIEW_FOR_THE_MONTH_OF_APRIL_2026.csv,4,2026,520,A - IPC Crime,Pettry Organised Crimes,Theft From Vehicles,0,0,0,0,1,Theft & Burglary,,,0.4,token_overlap
521,CRIME_REVIEW_FOR_THE_MONTH_OF_APRIL_2026.csv,4,2026,521,A - IPC Crime,Pettry Organised Crimes,Unauthorised Betting/Gambling,41,30,2,30,2,Crimes Against Persons,,,0.4,token_overlap
522,CRIME_REVIEW_FOR_THE_MONTH_OF_APRIL_2026.csv,4,2026,522,A - IPC Crime,Pettry Organised Crimes,Others,4,1,2,2,2,Crimes Against Persons,,,0.4,token_overlap
523,CRIME_REVIEW_FOR_THE_MONTH_OF_APRIL_2026.csv,4,2026,523,A - IPC Crime,Public Servant in Judicial proceeding,Defence Personnel,0,0,0,0,3,Cyber Crime,,,0.4,token_overlap
524,CRIME_REVIEW_FOR_THE_MONTH_OF_APRIL_2026.csv,4,2026,524,A - IPC Crime,Public Servant in Judicial proceeding,Others,0,0,0,0,3,Cyber Crime,,,0.4,token_overlap
525,CRIME_REVIEW_FOR_THE_MONTH_OF_APRIL_2026.csv,4,2026,525,A - IPC Crime,Public Servant in Judicial proceeding,Jail Personnel,0,0,0,0,3,Cyber Crime,,,0.4,token_overlap
526,CRIME_REVIEW_FOR_THE_MONTH_OF_APRIL_2026.csv,4,2026,526,A - IPC Crime,Public Servant in Judicial proceeding,Para Military Personnel,0,0,0,0,3,Cyber Crime,,,0.4,token_overlap
527,CRIME_REVIEW_FOR_THE_MONTH_OF_APRIL_2026.csv,4,2026,527,A - IPC Crime,Public Servant in Judicial proceeding,Police Personnel,0,0,0,0,3,Cyber Crime,,,0.4,token_overlap
528,CRIME_REVIEW_FOR_THE_MONTH_OF_APRIL_2026.csv,4,2026,528,A - IPC Crime,Public Servant in Judicial proceeding,Public Sector Undertaking Official,0,0,0,0,3,Cyber Crime,,,0.4,token_overlap
529,CRIME_REVIEW_FOR_THE_MONTH_OF_APRIL_2026.csv,4,2026,529,A - IPC Crime,Public Servant in Judicial proceeding,Judicial Official,0,0,0,0,3,Cyber Crime,,,0.4,token_overlap
530,CRIME_REVIEW_FOR_THE_MONTH_OF_APRIL_2026.csv,4,2026,530,A - IPC Crime,Public Servant in Judicial proceeding,Minister,0,0,0,0,3,Cyber Crime,,,0.4,token_overlap
531,CRIME_REVIEW_FOR_THE_MONTH_OF_APRIL_2026.csv,4,2026,531,A - IPC Crime,Public Servant in Judicial proceeding,MLA,0,0,0,0,3,Cyber Crime,,,0.4,token_overlap
532,CRIME_REVIEW_FOR_THE_MONTH_OF_APRIL_2026.csv,4,2026,532,A - IPC Crime,Public Servant in Judicial proceeding,MP,0,0,0,0,3,Cyber Crime,,,0.4,token_overlap
533,CRIME_REVIEW_FOR_THE_MONTH_OF_APRIL_2026.csv,4,2026,533,A - IPC Crime,Public Servant in Judicial proceeding,Nationalised Bank Personnel,0,0,0,0,3,Cyber Crime,,,0.4,token_overlap
534,CRIME_REVIEW_FOR_THE_MONTH_OF_APRIL_2026.csv,4,2026,534,A - IPC Crime,Public Servant in Judicial proceeding,Other Elected Member,0,0,0,0,3,Cyber Crime,,,0.4,token_overlap
535,CRIME_REVIEW_FOR_THE_MONTH_OF_APRIL_2026.csv,4,2026,535,A - IPC Crime,Public Servant in Judicial proceeding,Other Enforcement Official,0,0,0,0,3,Cyber Crime,,,0.4,token_overlap
536,CRIME_REVIEW_FOR_THE_MONTH_OF_APRIL_2026.csv,4,2026,536,A - IPC Crime,Public Servant in Judicial proceeding,Other Govt Official,0,0,0,0,3,Cyber Crime,,,0.4,token_overlap
537,CRIME_REVIEW_FOR_THE_MONTH_OF_APRIL_2026.csv,4,2026,537,A - IPC Crime,"The Indian Stamp Act, 1899",NA,0,0,0,0,3,Cyber Crime,,,0.4,token_overlap
538,CRIME_REVIEW_FOR_THE_MONTH_OF_APRIL_2026.csv,4,2026,538,B - SPECIAL & LOCAL LAWS,ANTIQUES (CULTURAL PROPERTY),Antiques & Art Treasures Act 1972,0,0,0,0,,,,,,
539,CRIME_REVIEW_FOR_THE_MONTH_OF_APRIL_2026.csv,4,2026,539,B - SPECIAL & LOCAL LAWS,ANTIQUES (CULTURAL PROPERTY),Ancient Monument & Archaelogical Sites And Remains Act 1958,0,1,0,0,,,,,,
540,CRIME_REVIEW_FOR_THE_MONTH_OF_APRIL_2026.csv,4,2026,540,B - SPECIAL & LOCAL LAWS,ARMS ACT 1959,Country Made - Non Prohibited Bore - In Disturbed Area,9,2,2,2,,,,,,
541,CRIME_REVIEW_FOR_THE_MONTH_OF_APRIL_2026.csv,4,2026,541,B - SPECIAL & LOCAL LAWS,ARMS ACT 1960,Country Made - Non Prohibited Bore - In Other Area,53,14,20,12,,,,,,
542,CRIME_REVIEW_FOR_THE_MONTH_OF_APRIL_2026.csv,4,2026,542,B - SPECIAL & LOCAL LAWS,ARMS ACT 1961,Country Made - Prohibited Bore - In Disturbed Area,7,1,0,2,,,,,,
543,CRIME_REVIEW_FOR_THE_MONTH_OF_APRIL_2026.csv,4,2026,543,B - SPECIAL & LOCAL LAWS,ARMS ACT 1962,Country Made - Prohibited Bore - In Other Area,48,7,11,9,,,,,,
544,CRIME_REVIEW_FOR_THE_MONTH_OF_APRIL_2026.csv,4,2026,544,B - SPECIAL & LOCAL LAWS,ARMS ACT 1963,Factory Made - Non Prohibited Bore - In Disturbed Area,1,0,0,0,,,,,,
545,CRIME_REVIEW_FOR_THE_MONTH_OF_APRIL_2026.csv,4,2026,545,B - SPECIAL & LOCAL LAWS,ARMS ACT 1964,Factory Made - Non Prohibited Bore - In Other Area,17,3,4,2,,,,,,
546,CRIME_REVIEW_FOR_THE_MONTH_OF_APRIL_2026.csv,4,2026,546,B - SPECIAL & LOCAL LAWS,ARMS ACT 1965,Factory Made - Prohibited Bore - In Disturbed Area,0,0,0,0,,,,,,
547,CRIME_REVIEW_FOR_THE_MONTH_OF_APRIL_2026.csv,4,2026,547,B - SPECIAL & LOCAL LAWS,ARMS ACT 1966,Factory Made - Prohibited Bore - In Other Area,15,3,6,1,,,,,,
548,CRIME_REVIEW_FOR_THE_MONTH_OF_APRIL_2026.csv,4,2026,548,B - SPECIAL & LOCAL LAWS,ANIMAL,The Karnataka Prevention of Slaughter and Preservation of Cattle Ordinance 2020,67,9,25,21,,,,,,
549,CRIME_REVIEW_FOR_THE_MONTH_OF_APRIL_2026.csv,4,2026,549,B - SPECIAL & LOCAL LAWS,ANIMAL,Wild Life Preservation Act 1972,0,0,0,0,,,,,,
550,CRIME_REVIEW_FOR_THE_MONTH_OF_APRIL_2026.csv,4,2026,550,B - SPECIAL & LOCAL LAWS,ANIMAL,Wild Life Protection Act 1972,2,0,2,0,,,,,,
551,CRIME_REVIEW_FOR_THE_MONTH_OF_APRIL_2026.csv,4,2026,551,B - SPECIAL & LOCAL LAWS,ANIMAL,Prevention of Cruelty to Animals Act 1960,129,16,36,35,,,,,,
552,CRIME_REVIEW_FOR_THE_MONTH_OF_APRIL_2026.csv,4,2026,552,B - SPECIAL & LOCAL LAWS,ANIMAL,Elephant (Preservation) Act 1879,0,0,0,0,,,,,,
553,CRIME_REVIEW_FOR_THE_MONTH_OF_APRIL_2026.csv,4,2026,553,B - SPECIAL & LOCAL LAWS,ANIMAL,Cattle Tresspass Act 1871,2,1,0,1,,,,,,
554,CRIME_REVIEW_FOR_THE_MONTH_OF_APRIL_2026.csv,4,2026,554,B - SPECIAL & LOCAL LAWS,CINEMATOGRAPHY ACT 1952,Films,1,0,1,0,,,,,,
555,CRIME_REVIEW_FOR_THE_MONTH_OF_APRIL_2026.csv,4,2026,555,B - SPECIAL & LOCAL LAWS,CINEMATOGRAPHY ACT 1953,Video,0,0,0,0,,,,,,
556,CRIME_REVIEW_FOR_THE_MONTH_OF_APRIL_2026.csv,4,2026,556,B - SPECIAL & LOCAL LAWS,CONSUMER,Liquified Petroleum Gas Supply & Control Order 2000,33,11,16,3,,,,,,
557,CRIME_REVIEW_FOR_THE_MONTH_OF_APRIL_2026.csv,4,2026,557,B - SPECIAL & LOCAL LAWS,CONSUMER,Consumer (Protection) Act 1986,3,1,0,1,,,,,,
558,CRIME_REVIEW_FOR_THE_MONTH_OF_APRIL_2026.csv,4,2026,558,B - SPECIAL & LOCAL LAWS,CONSUMER,Essential Commodities Act 1955,314,54,86,65,,,,,,
559,CRIME_REVIEW_FOR_THE_MONTH_OF_APRIL_2026.csv,4,2026,559,B - SPECIAL & LOCAL LAWS,CONSUMER,Prevention of Food Adulternation Act 1954,1,1,0,0,,,,,,
560,CRIME_REVIEW_FOR_THE_MONTH_OF_APRIL_2026.csv,4,2026,560,B - SPECIAL & LOCAL LAWS,CONSUMER,Packaged Commodities (Regulation) order 1975,0,0,0,0,,,,,,
561,CRIME_REVIEW_FOR_THE_MONTH_OF_APRIL_2026.csv,4,2026,561,B - SPECIAL & LOCAL LAWS,COPY RIGHT ACT 1957,By Company,44,8,13,14,,,,,,
562,CRIME_REVIEW_FOR_THE_MONTH_OF_APRIL_2026.csv,4,2026,562,B - SPECIAL & LOCAL LAWS,COPY RIGHT ACT 1958,By Individual,23,6,7,7,,,,,,
563,CRIME_REVIEW_FOR_THE_MONTH_OF_APRIL_2026.csv,4,2026,563,B - SPECIAL & LOCAL LAWS,CIVIL RIGHTS,Protection of Civil Rights Act 1955,1,3,0,0,,,,,,
564,CRIME_REVIEW_FOR_THE_MONTH_OF_APRIL_2026.csv,4,2026,564,B - SPECIAL & LOCAL LAWS,SCHEDULED CASTE AND THE SCHEDULED TRIBES,Scheduled Caste,546,103,142,140,,,,,,
565,CRIME_REVIEW_FOR_THE_MONTH_OF_APRIL_2026.csv,4,2026,565,B - SPECIAL & LOCAL LAWS,SCHEDULED CASTE AND THE SCHEDULED TRIBES,Scheduled Tribes,114,30,38,32,,,,,,
566,CRIME_REVIEW_FOR_THE_MONTH_OF_APRIL_2026.csv,4,2026,566,B - SPECIAL & LOCAL LAWS,SCHEDULED CASTE AND THE SCHEDULED TRIBES,Scheduled Caste Women,203,47,43,50,6,Women & Child Safety,,,0.4,token_overlap
567,CRIME_REVIEW_FOR_THE_MONTH_OF_APRIL_2026.csv,4,2026,567,B - SPECIAL & LOCAL LAWS,SCHEDULED CASTE AND THE SCHEDULED TRIBES,Scheduled Tribes Women,46,9,7,15,6,Women & Child Safety,,,0.4,token_overlap
568,CRIME_REVIEW_FOR_THE_MONTH_OF_APRIL_2026.csv,4,2026,568,B - SPECIAL & LOCAL LAWS,CHILDREN ACT,Child Labour (Prohibition & Regulation) Act1986,23,2,5,3,6,Women & Child Safety,,,0.4,token_overlap
569,CRIME_REVIEW_FOR_THE_MONTH_OF_APRIL_2026.csv,4,2026,569,B - SPECIAL & LOCAL LAWS,CHILDREN ACT,Child Marriage (Restraint) Act - 1929,54,19,12,13,6,Women & Child Safety,,,0.4,token_overlap
570,CRIME_REVIEW_FOR_THE_MONTH_OF_APRIL_2026.csv,4,2026,570,B - SPECIAL & LOCAL LAWS,CHILDREN ACT,Juvenile Justice Act 1986,39,8,13,7,,,,,,
571,CRIME_REVIEW_FOR_THE_MONTH_OF_APRIL_2026.csv,4,2026,571,B - SPECIAL & LOCAL LAWS,CHILDREN ACT,Probation of offenders Act 1958,0,0,0,0,,,,,,
572,CRIME_REVIEW_FOR_THE_MONTH_OF_APRIL_2026.csv,4,2026,572,B - SPECIAL & LOCAL LAWS,CHILDREN ACT,Protection of Children from Sexual Offences Act 2012 (POCSO),0,0,0,0,,,,,,
573,CRIME_REVIEW_FOR_THE_MONTH_OF_APRIL_2026.csv,4,2026,573,B - SPECIAL & LOCAL LAWS,PREVENTION OF CORRUPTION ACT 1988,Public Servant - Elected,1,0,1,0,,,,,,
574,CRIME_REVIEW_FOR_THE_MONTH_OF_APRIL_2026.csv,4,2026,574,B - SPECIAL & LOCAL LAWS,PREVENTION OF CORRUPTION ACT 1989,Public Servant - Gazetted - Central,0,0,0,0,,,,,,
575,CRIME_REVIEW_FOR_THE_MONTH_OF_APRIL_2026.csv,4,2026,575,B - SPECIAL & LOCAL LAWS,PREVENTION OF CORRUPTION ACT 1990,Public Servant - Gazetted - Defence,0,0,0,0,,,,,,
576,CRIME_REVIEW_FOR_THE_MONTH_OF_APRIL_2026.csv,4,2026,576,B - SPECIAL & LOCAL LAWS,PREVENTION OF CORRUPTION ACT 1991,Public Servant - Gazetted - Public Sector Undertaking,0,0,0,0,,,,,,
577,CRIME_REVIEW_FOR_THE_MONTH_OF_APRIL_2026.csv,4,2026,577,B - SPECIAL & LOCAL LAWS,PREVENTION OF CORRUPTION ACT 1992,Public Servant - Gazetted - State,0,0,0,0,,,,,,
578,CRIME_REVIEW_FOR_THE_MONTH_OF_APRIL_2026.csv,4,2026,578,B - SPECIAL & LOCAL LAWS,PREVENTION OF CORRUPTION ACT 1993,Public Servant - Non-Gazetted - Central,0,0,0,0,,,,,,
579,CRIME_REVIEW_FOR_THE_MONTH_OF_APRIL_2026.csv,4,2026,579,B - SPECIAL & LOCAL LAWS,PREVENTION OF CORRUPTION ACT 1994,Public Servant - Non-Gazetted - Defence,0,0,0,0,,,,,,
580,CRIME_REVIEW_FOR_THE_MONTH_OF_APRIL_2026.csv,4,2026,580,B - SPECIAL & LOCAL LAWS,PREVENTION OF CORRUPTION ACT 1995,Public Servant - Non-Gazetted - State,0,0,0,0,,,,,,
581,CRIME_REVIEW_FOR_THE_MONTH_OF_APRIL_2026.csv,4,2026,581,B - SPECIAL & LOCAL LAWS,CUSTOMS,Customs Act 1962,0,0,0,0,,,,,,
582,CRIME_REVIEW_FOR_THE_MONTH_OF_APRIL_2026.csv,4,2026,582,B - SPECIAL & LOCAL LAWS,CUSTOMS,Import/Export (Control) Act 1947,0,0,0,0,,,,,,
583,CRIME_REVIEW_FOR_THE_MONTH_OF_APRIL_2026.csv,4,2026,583,B - SPECIAL & LOCAL LAWS,Explosives,Explosives Substances Act 1908,17,4,4,3,,,,,,
584,CRIME_REVIEW_FOR_THE_MONTH_OF_APRIL_2026.csv,4,2026,584,B - SPECIAL & LOCAL LAWS,Explosives,Explosives Act 1884,22,2,7,2,,,,,,
585,CRIME_REVIEW_FOR_THE_MONTH_OF_APRIL_2026.csv,4,2026,585,B - SPECIAL & LOCAL LAWS,Explosives,Inflammable Substance Act 1952,0,0,0,0,,,,,,
586,CRIME_REVIEW_FOR_THE_MONTH_OF_APRIL_2026.csv,4,2026,586,B - SPECIAL & LOCAL LAWS,FOREIGN EXCHANGE,Smugglers and Foreign Exchange Manipulator Act 1976,0,0,0,0,,,,,,
587,CRIME_REVIEW_FOR_THE_MONTH_OF_APRIL_2026.csv,4,2026,587,B - SPECIAL & LOCAL LAWS,FOREIGN EXCHANGE,Foreign Exchange Regulation Act 1973,0,0,0,0,,,,,,
588,CRIME_REVIEW_FOR_THE_MONTH_OF_APRIL_2026.csv,4,2026,588,B - SPECIAL & LOCAL LAWS,FOREIGN EXCHANGE,Foreign Exchange Regulation Act 1952,0,0,0,0,,,,,,
589,CRIME_REVIEW_FOR_THE_MONTH_OF_APRIL_2026.csv,4,2026,589,B - SPECIAL & LOCAL LAWS,FOREIGNER,Foreigners Act 1946,52,2,12,4,,,,,,
590,CRIME_REVIEW_FOR_THE_MONTH_OF_APRIL_2026.csv,4,2026,590,B - SPECIAL & LOCAL LAWS,FOREIGNER,Registration of Foreigners Act 1939,1,0,1,0,,,,,,
591,CRIME_REVIEW_FOR_THE_MONTH_OF_APRIL_2026.csv,4,2026,591,B - SPECIAL & LOCAL LAWS,FOREST,Indian Forest Act 1927,1,0,1,0,,,,,,
592,CRIME_REVIEW_FOR_THE_MONTH_OF_APRIL_2026.csv,4,2026,592,B - SPECIAL & LOCAL LAWS,FOREST,Forest (Conservation) Act 1980,2,0,1,0,,,,,,
593,CRIME_REVIEW_FOR_THE_MONTH_OF_APRIL_2026.csv,4,2026,593,B - SPECIAL & LOCAL LAWS,HIJACKING,Foreign Aircraft - In India,0,0,0,0,,,,,,
594,CRIME_REVIEW_FOR_THE_MONTH_OF_APRIL_2026.csv,4,2026,594,B - SPECIAL & LOCAL LAWS,HIJACKING,Foreign Aircraft - Outside India,0,0,0,0,,,,,,
595,CRIME_REVIEW_FOR_THE_MONTH_OF_APRIL_2026.csv,4,2026,595,B - SPECIAL & LOCAL LAWS,HIJACKING,Indian Aircraft - In India,0,0,0,0,,,,,,
596,CRIME_REVIEW_FOR_THE_MONTH_OF_APRIL_2026.csv,4,2026,596,B - SPECIAL & LOCAL LAWS,HIJACKING,Indian Aircraft - Outside India,0,0,0,0,,,,,,
597,CRIME_REVIEW_FOR_THE_MONTH_OF_APRIL_2026.csv,4,2026,597,B - SPECIAL & LOCAL LAWS,IMMORAL TRAFFIC,Organised,59,10,19,20,,,,,,
598,CRIME_REVIEW_FOR_THE_MONTH_OF_APRIL_2026.csv,4,2026,598,B - SPECIAL & LOCAL LAWS,IMMORAL TRAFFIC,Un-Organised,28,3,9,9,,,,,,
599,CRIME_REVIEW_FOR_THE_MONTH_OF_APRIL_2026.csv,4,2026,599,B - SPECIAL & LOCAL LAWS,BONDED LABOUR SYSTEM,NA,4,0,0,0,,,,,,
600,CRIME_REVIEW_FOR_THE_MONTH_OF_APRIL_2026.csv,4,2026,600,B - SPECIAL & LOCAL LAWS,INDIAN MOTOR VEHICLE,NA,21,13,6,2,,,,,,
601,CRIME_REVIEW_FOR_THE_MONTH_OF_APRIL_2026.csv,4,2026,601,B - SPECIAL & LOCAL LAWS,NARCOTIC DRUGS & PSYCHOTROPIC SUBSTANCES ACT,Cultivated/Processed,2455,204,571,524,,,,,,
602,CRIME_REVIEW_FOR_THE_MONTH_OF_APRIL_2026.csv,4,2026,602,B - SPECIAL & LOCAL LAWS,NARCOTIC DRUGS & PSYCHOTROPIC SUBSTANCES ACT,Synthetic,1882,313,447,416,,,,,,
603,CRIME_REVIEW_FOR_THE_MONTH_OF_APRIL_2026.csv,4,2026,603,B - SPECIAL & LOCAL LAWS,PASSPORT ACT,Foreigner,2,0,0,0,,,,,,
604,CRIME_REVIEW_FOR_THE_MONTH_OF_APRIL_2026.csv,4,2026,604,B - SPECIAL & LOCAL LAWS,PASSPORT ACT,Indian,3,0,0,0,,,,,,
605,CRIME_REVIEW_FOR_THE_MONTH_OF_APRIL_2026.csv,4,2026,605,B - SPECIAL & LOCAL LAWS,REPRESENTATIVE OF PEOPLE ACT 1951 & 1988,Assembly,0,0,0,0,,,,,,
606,CRIME_REVIEW_FOR_THE_MONTH_OF_APRIL_2026.csv,4,2026,606,B - SPECIAL & LOCAL LAWS,REPRESENTATIVE OF PEOPLE ACT 1951 & 1989,Parliament,0,0,0,0,,,,,,
607,CRIME_REVIEW_FOR_THE_MONTH_OF_APRIL_2026.csv,4,2026,607,B - SPECIAL & LOCAL LAWS,REPRESENTATIVE OF PEOPLE ACT 1951 & 1990,Other Elected Bodies,2,0,0,2,,,,,,
608,CRIME_REVIEW_FOR_THE_MONTH_OF_APRIL_2026.csv,4,2026,608,B - SPECIAL & LOCAL LAWS,KARNATAKA POLICE ACT 1963,Gambling - Matka (78 Class C),2037,529,513,479,,,,,,
609,CRIME_REVIEW_FOR_THE_MONTH_OF_APRIL_2026.csv,4,2026,609,B - SPECIAL & LOCAL LAWS,KARNATAKA POLICE ACT 1964,Street Gambling (87),2950,679,1291,599,,,,,,
610,CRIME_REVIEW_FOR_THE_MONTH_OF_APRIL_2026.csv,4,2026,610,B - SPECIAL & LOCAL LAWS,KARNATAKA POLICE ACT 1965,House Gambling (79 & 80),90,20,40,13,,,,,,
611,CRIME_REVIEW_FOR_THE_MONTH_OF_APRIL_2026.csv,4,2026,611,B - SPECIAL & LOCAL LAWS,KARNATAKA POLICE ACT 1966,Betting,273,330,28,196,,,,,,
612,CRIME_REVIEW_FOR_THE_MONTH_OF_APRIL_2026.csv,4,2026,612,B - SPECIAL & LOCAL LAWS,KARNATAKA POLICE ACT 1967,Others,174,45,53,35,,,,,,
613,CRIME_REVIEW_FOR_THE_MONTH_OF_APRIL_2026.csv,4,2026,613,B - SPECIAL & LOCAL LAWS,PREVENTION OF DAMAGE TO PUBLIC PROPERTY ACT 1984,NA,42,12,6,11,,,,,,
614,CRIME_REVIEW_FOR_THE_MONTH_OF_APRIL_2026.csv,4,2026,614,B - SPECIAL & LOCAL LAWS,"POST & TELEGRAPH, TELEGRAPH WIRES (UNLAWFUL POSSESSION) ACT 1980",NA,2,0,0,0,,,,,,
615,CRIME_REVIEW_FOR_THE_MONTH_OF_APRIL_2026.csv,4,2026,615,B - SPECIAL & LOCAL LAWS,OFFICIAL SECURITY RELATED ACTS,Official Secrets Act 1923,1,0,0,0,,,,,,
616,CRIME_REVIEW_FOR_THE_MONTH_OF_APRIL_2026.csv,4,2026,616,B - SPECIAL & LOCAL LAWS,OFFICIAL SECURITY RELATED ACTS,Essential Services Maintenance Act 1981,17,0,17,0,,,,,,
617,CRIME_REVIEW_FOR_THE_MONTH_OF_APRIL_2026.csv,4,2026,617,B - SPECIAL & LOCAL LAWS,PREVENTION OF TERRORISM ACT (POTA),NA,0,0,0,0,,,,,,
618,CRIME_REVIEW_FOR_THE_MONTH_OF_APRIL_2026.csv,4,2026,618,B - SPECIAL & LOCAL LAWS,RAILWAYS ACT,Indian Railways Act 1989,1,1,0,1,,,,,,
619,CRIME_REVIEW_FOR_THE_MONTH_OF_APRIL_2026.csv,4,2026,619,B - SPECIAL & LOCAL LAWS,RAILWAYS ACT,Railway Property (Unlawful Possession) Act 1966,0,0,0,0,,,,,,
620,CRIME_REVIEW_FOR_THE_MONTH_OF_APRIL_2026.csv,4,2026,620,B - SPECIAL & LOCAL LAWS,UNLAWFUL ACTIVITIES (Prevention) Act 1967,NA,0,0,0,0,,,,,,
621,CRIME_REVIEW_FOR_THE_MONTH_OF_APRIL_2026.csv,4,2026,621,B - SPECIAL & LOCAL LAWS,CRIMES RELATED TO WOMEN,Dowry Prohibition,631,168,155,173,2,Crimes Against Persons,,,0.4,token_overlap
622,CRIME_REVIEW_FOR_THE_MONTH_OF_APRIL_2026.csv,4,2026,622,B - SPECIAL & LOCAL LAWS,CRIMES RELATED TO WOMEN,Commission of SATI (Prevention) Act 1987,0,0,0,0,2,Crimes Against Persons,,,0.4,token_overlap
623,CRIME_REVIEW_FOR_THE_MONTH_OF_APRIL_2026.csv,4,2026,623,B - SPECIAL & LOCAL LAWS,CRIMES RELATED TO WOMEN,Indecent Representation of Women (Prohibition) Act 1986,0,0,0,0,2,Crimes Against Persons,,,0.4,token_overlap
624,CRIME_REVIEW_FOR_THE_MONTH_OF_APRIL_2026.csv,4,2026,624,B - SPECIAL & LOCAL LAWS,INDIAN LUNACY ACT,NA,0,0,0,0,,,,,,
625,CRIME_REVIEW_FOR_THE_MONTH_OF_APRIL_2026.csv,4,2026,625,B - SPECIAL & LOCAL LAWS,INDIAN ELECTRICITY ACT,NA,3,1,0,1,,,,,,
626,CRIME_REVIEW_FOR_THE_MONTH_OF_APRIL_2026.csv,4,2026,626,B - SPECIAL & LOCAL LAWS,"COTPA, CIGARETTES AND OTHER TOBACCO PRODUCTS",NA,803,65,307,140,,,,,,
627,CRIME_REVIEW_FOR_THE_MONTH_OF_APRIL_2026.csv,4,2026,627,B - SPECIAL & LOCAL LAWS,KARNATAKA STATE LOCAL ACTS,Prevention of Insult to National Hounours Act 1971,1,0,1,0,,,,,,
628,CRIME_REVIEW_FOR_THE_MONTH_OF_APRIL_2026.csv,4,2026,628,B - SPECIAL & LOCAL LAWS,KARNATAKA STATE LOCAL ACTS,"Prevention of violence against Doctors, Medical professionals and Medical institutions",1,0,0,0,2,Crimes Against Persons,,,0.4,token_overlap
629,CRIME_REVIEW_FOR_THE_MONTH_OF_APRIL_2026.csv,4,2026,629,B - SPECIAL & LOCAL LAWS,KARNATAKA STATE LOCAL ACTS,"The Karnataka Prevention of Dangerous Activities of Bootleggers, Drug-offenders, Gamblers, Goonda Act",0,0,0,0,,,,,,
630,CRIME_REVIEW_FOR_THE_MONTH_OF_APRIL_2026.csv,4,2026,630,B - SPECIAL & LOCAL LAWS,KARNATAKA STATE LOCAL ACTS,Karnataka Cow Slaughters Act,53,17,22,7,,,,,,
631,CRIME_REVIEW_FOR_THE_MONTH_OF_APRIL_2026.csv,4,2026,631,B - SPECIAL & LOCAL LAWS,KARNATAKA STATE LOCAL ACTS,Banning of Unregulated Deposit Schemes Act,9,1,0,1,,,,,,
632,CRIME_REVIEW_FOR_THE_MONTH_OF_APRIL_2026.csv,4,2026,632,B - SPECIAL & LOCAL LAWS,KARNATAKA STATE LOCAL ACTS,"Motor Spirit and High Speed Diesel (Regulation of upply, Distribution and Prevention of Malpractice",0,0,0,0,,,,,,
633,CRIME_REVIEW_FOR_THE_MONTH_OF_APRIL_2026.csv,4,2026,633,B - SPECIAL & LOCAL LAWS,KARNATAKA STATE LOCAL ACTS,Karnataka Epidemic Deseases Act 2020,0,0,0,0,,,,,,
634,CRIME_REVIEW_FOR_THE_MONTH_OF_APRIL_2026.csv,4,2026,634,B - SPECIAL & LOCAL LAWS,KARNATAKA STATE LOCAL ACTS,Karnataka Prevention of Slaughter and Preservation of Cattle Act 2020,75,15,27,13,,,,,,
635,CRIME_REVIEW_FOR_THE_MONTH_OF_APRIL_2026.csv,4,2026,635,B - SPECIAL & LOCAL LAWS,KARNATAKA STATE LOCAL ACTS,Disaster Management Act 2005,0,0,0,0,,,,,,
636,CRIME_REVIEW_FOR_THE_MONTH_OF_APRIL_2026.csv,4,2026,636,B - SPECIAL & LOCAL LAWS,KARNATAKA STATE LOCAL ACTS,Karnataka Excise Act 1965,4059,982,1299,955,,,,,,
637,CRIME_REVIEW_FOR_THE_MONTH_OF_APRIL_2026.csv,4,2026,637,B - SPECIAL & LOCAL LAWS,KARNATAKA STATE LOCAL ACTS,Karnataka Forest Act 1963,17,3,4,2,,,,,,
638,CRIME_REVIEW_FOR_THE_MONTH_OF_APRIL_2026.csv,4,2026,638,B - SPECIAL & LOCAL LAWS,KARNATAKA STATE LOCAL ACTS,Karnataka Education Act 1983 As Amended Upto Date,9,1,2,1,,,,,,
639,CRIME_REVIEW_FOR_THE_MONTH_OF_APRIL_2026.csv,4,2026,639,B - SPECIAL & LOCAL LAWS,KARNATAKA STATE LOCAL ACTS,Karnataka Kerosene Restriction Unuse Act 1956,0,0,0,0,,,,,,
640,CRIME_REVIEW_FOR_THE_MONTH_OF_APRIL_2026.csv,4,2026,640,B - SPECIAL & LOCAL LAWS,KARNATAKA STATE LOCAL ACTS,Karnataka University Act,0,0,0,0,,,,,,
641,CRIME_REVIEW_FOR_THE_MONTH_OF_APRIL_2026.csv,4,2026,641,B - SPECIAL & LOCAL LAWS,KARNATAKA STATE LOCAL ACTS,Karnataka Corruption Act,0,0,0,0,,,,,,
642,CRIME_REVIEW_FOR_THE_MONTH_OF_APRIL_2026.csv,4,2026,642,B - SPECIAL & LOCAL LAWS,KARNATAKA STATE LOCAL ACTS,Karnataka Medical Registration Act 1965,2,0,1,0,,,,,,
643,CRIME_REVIEW_FOR_THE_MONTH_OF_APRIL_2026.csv,4,2026,643,B - SPECIAL & LOCAL LAWS,KARNATAKA STATE LOCAL ACTS,Karnataka Land & Revenue Act 1964 & 2007,10,2,2,1,,,,,,
644,CRIME_REVIEW_FOR_THE_MONTH_OF_APRIL_2026.csv,4,2026,644,B - SPECIAL & LOCAL LAWS,KARNATAKA STATE LOCAL ACTS,Karnataka Kerosene Dealers License Order 1969,0,0,0,0,,,,,,
645,CRIME_REVIEW_FOR_THE_MONTH_OF_APRIL_2026.csv,4,2026,645,B - SPECIAL & LOCAL LAWS,KARNATAKA STATE LOCAL ACTS,Karnataka Society Registration Act,0,0,0,0,,,,,,
646,CRIME_REVIEW_FOR_THE_MONTH_OF_APRIL_2026.csv,4,2026,646,B - SPECIAL & LOCAL LAWS,KARNATAKA STATE LOCAL ACTS,Karnataka Minor Mineral Consistent Rule 1994,6,0,2,3,,,,,,
647,CRIME_REVIEW_FOR_THE_MONTH_OF_APRIL_2026.csv,4,2026,647,B - SPECIAL & LOCAL LAWS,KARNATAKA STATE LOCAL ACTS,Bangalore Development Authority Act,0,0,0,0,,,,,,
648,CRIME_REVIEW_FOR_THE_MONTH_OF_APRIL_2026.csv,4,2026,648,B - SPECIAL & LOCAL LAWS,KARNATAKA STATE LOCAL ACTS,Karnataka Prohibition of Beggery Act 1975,0,0,0,0,,,,,,
649,CRIME_REVIEW_FOR_THE_MONTH_OF_APRIL_2026.csv,4,2026,649,B - SPECIAL & LOCAL LAWS,KARNATAKA STATE LOCAL ACTS,Karnataka Municipalities Act 1964,0,0,0,0,,,,,,
650,CRIME_REVIEW_FOR_THE_MONTH_OF_APRIL_2026.csv,4,2026,650,B - SPECIAL & LOCAL LAWS,KARNATAKA STATE LOCAL ACTS,Karnataka Irrigation Act 1963,1,1,0,1,,,,,,
651,CRIME_REVIEW_FOR_THE_MONTH_OF_APRIL_2026.csv,4,2026,651,B - SPECIAL & LOCAL LAWS,KARNATAKA STATE LOCAL ACTS,Karnataka Fire Force act 1964,1,0,0,0,,,,,,
652,CRIME_REVIEW_FOR_THE_MONTH_OF_APRIL_2026.csv,4,2026,652,B - SPECIAL & LOCAL LAWS,KARNATAKA STATE LOCAL ACTS,Karnataka Consumer Protection Act 1986,0,0,0,0,,,,,,
653,CRIME_REVIEW_FOR_THE_MONTH_OF_APRIL_2026.csv,4,2026,653,B - SPECIAL & LOCAL LAWS,KARNATAKA STATE LOCAL ACTS,Karnataka Lottery Act,70,2,22,17,,,,,,
654,CRIME_REVIEW_FOR_THE_MONTH_OF_APRIL_2026.csv,4,2026,654,B - SPECIAL & LOCAL LAWS,KARNATAKA STATE LOCAL ACTS,Karnataka Weight & Measurement Act,0,0,0,0,,,,,,
655,CRIME_REVIEW_FOR_THE_MONTH_OF_APRIL_2026.csv,4,2026,655,B - SPECIAL & LOCAL LAWS,KARNATAKA STATE LOCAL ACTS,Karnataka Agriculture Marketing Regulation Act,0,0,0,0,,,,,,
656,CRIME_REVIEW_FOR_THE_MONTH_OF_APRIL_2026.csv,4,2026,656,B - SPECIAL & LOCAL LAWS,KARNATAKA STATE LOCAL ACTS,Karnataka Revenue Act,1,0,0,1,,,,,,
657,CRIME_REVIEW_FOR_THE_MONTH_OF_APRIL_2026.csv,4,2026,657,B - SPECIAL & LOCAL LAWS,KARNATAKA STATE LOCAL ACTS,Karnataka Mining Act,0,0,0,0,,,,,,
658,CRIME_REVIEW_FOR_THE_MONTH_OF_APRIL_2026.csv,4,2026,658,B - SPECIAL & LOCAL LAWS,KARNATAKA STATE LOCAL ACTS,Karnataka Betting Tax Act,0,0,0,0,,,,,,
659,CRIME_REVIEW_FOR_THE_MONTH_OF_APRIL_2026.csv,4,2026,659,B - SPECIAL & LOCAL LAWS,KARNATAKA STATE LOCAL ACTS,Karnataka Panchayat Raj Act,0,0,0,0,,,,,,
660,CRIME_REVIEW_FOR_THE_MONTH_OF_APRIL_2026.csv,4,2026,660,B - SPECIAL & LOCAL LAWS,KARNATAKA STATE LOCAL ACTS,Karnataka Open Place Disfigurement Act 1951,46,17,3,9,,,,,,
661,CRIME_REVIEW_FOR_THE_MONTH_OF_APRIL_2026.csv,4,2026,661,B - SPECIAL & LOCAL LAWS,KARNATAKA STATE LOCAL ACTS,Karnataka Right To Information Act 2000 & 2008,1,0,1,0,,,,,,
662,CRIME_REVIEW_FOR_THE_MONTH_OF_APRIL_2026.csv,4,2026,662,B - SPECIAL & LOCAL LAWS,KARNATAKA STATE LOCAL ACTS,Karnataka Urban Development Act 1987,0,0,0,0,,,,,,
663,CRIME_REVIEW_FOR_THE_MONTH_OF_APRIL_2026.csv,4,2026,663,B - SPECIAL & LOCAL LAWS,KARNATAKA STATE LOCAL ACTS,Karnataka Town & City Planning Act 1961,0,0,0,0,,,,,,
664,CRIME_REVIEW_FOR_THE_MONTH_OF_APRIL_2026.csv,4,2026,664,B - SPECIAL & LOCAL LAWS,KARNATAKA STATE LOCAL ACTS,Karnataka Race Betting Act,0,0,0,0,,,,,,
665,CRIME_REVIEW_FOR_THE_MONTH_OF_APRIL_2026.csv,4,2026,665,B - SPECIAL & LOCAL LAWS,KARNATAKA STATE LOCAL ACTS,Karnataka Devadasi's (Prohibition Of Dedication) Act 1982,0,0,0,0,,,,,,
666,CRIME_REVIEW_FOR_THE_MONTH_OF_APRIL_2026.csv,4,2026,666,B - SPECIAL & LOCAL LAWS,KARNATAKA STATE LOCAL ACTS,Cooperative Society Act,0,0,0,0,,,,,,
667,CRIME_REVIEW_FOR_THE_MONTH_OF_APRIL_2026.csv,4,2026,667,B - SPECIAL & LOCAL LAWS,KARNATAKA STATE LOCAL ACTS,Karnataka Entertainment Tax Act 1958,3,1,1,1,,,,,,
668,CRIME_REVIEW_FOR_THE_MONTH_OF_APRIL_2026.csv,4,2026,668,B - SPECIAL & LOCAL LAWS,KARNATAKA STATE LOCAL ACTS,Karnataka Land Acquisition (Prohibition) Act 2007,0,0,0,0,,,,,,
669,CRIME_REVIEW_FOR_THE_MONTH_OF_APRIL_2026.csv,4,2026,669,B - SPECIAL & LOCAL LAWS,KARNATAKA STATE LOCAL ACTS,Karnataka Money Lender Act 1961,1,6,1,0,,,,,,
670,CRIME_REVIEW_FOR_THE_MONTH_OF_APRIL_2026.csv,4,2026,670,B - SPECIAL & LOCAL LAWS,KARNATAKA STATE LOCAL ACTS,Karnataka Stamp Act 1957,0,0,0,0,,,,,,
671,CRIME_REVIEW_FOR_THE_MONTH_OF_APRIL_2026.csv,4,2026,671,B - SPECIAL & LOCAL LAWS,KARNATAKA STATE LOCAL ACTS,Karnataka Prisoners Act 1963 & 1974,85,4,22,27,,,,,,
672,CRIME_REVIEW_FOR_THE_MONTH_OF_APRIL_2026.csv,4,2026,672,B - SPECIAL & LOCAL LAWS,KARNATAKA STATE LOCAL ACTS,Karnataka Private Medical Institution Act 2007,0,0,0,0,,,,,,
673,CRIME_REVIEW_FOR_THE_MONTH_OF_APRIL_2026.csv,4,2026,673,B - SPECIAL & LOCAL LAWS,KARNATAKA STATE LOCAL ACTS,MMRD (Mines & Minerals Regulation Development ) Act 1957,18,7,5,2,,,,,,
674,CRIME_REVIEW_FOR_THE_MONTH_OF_APRIL_2026.csv,4,2026,674,B - SPECIAL & LOCAL LAWS,KARNATAKA STATE LOCAL ACTS,Karnataka Treasure Trove Act 1962,1,0,0,0,,,,,,
675,CRIME_REVIEW_FOR_THE_MONTH_OF_APRIL_2026.csv,4,2026,675,B - SPECIAL & LOCAL LAWS,KARNATAKA STATE LOCAL ACTS,Karnataka Prohibition of Charging Exorbitant Interest Act 2004,5,0,0,4,,,,,,
676,CRIME_REVIEW_FOR_THE_MONTH_OF_APRIL_2026.csv,4,2026,676,B - SPECIAL & LOCAL LAWS,KARNATAKA STATE LOCAL ACTS,Karnataka Ayurvedic And Unani Pract. Regis. & Medical Prac. Misc. Prov. Act,0,0,0,0,,,,,,
677,CRIME_REVIEW_FOR_THE_MONTH_OF_APRIL_2026.csv,4,2026,677,B - SPECIAL & LOCAL LAWS,KARNATAKA STATE LOCAL ACTS,Other Local Acts,57,8,18,15,,,,,,
678,CRIME_REVIEW_FOR_THE_MONTH_OF_APRIL_2026.csv,4,2026,678,B - SPECIAL & LOCAL LAWS,KARNATAKA STATE LOCAL ACTS,The Karnataka Micro Loan And Small Loan (Prevention of Coercive Actions) Ordinance 2025,2,4,1,0,,,,,,
679,CRIME_REVIEW_FOR_THE_MONTH_OF_APRIL_2026.csv,4,2026,679,B - SPECIAL & LOCAL LAWS,KARNATAKA STATE LOCAL ACTS,Sub Total,4534,1071,1434,1060,,,,,,
680,CRIME_REVIEW_FOR_THE_MONTH_OF_APRIL_2026.csv,4,2026,680,B - SPECIAL & LOCAL LAWS,KARNATAKA STATE LOCAL ACTS,CYBER CRIME (INFORMATION TECHNOLOGY ACT),,,,,3,Cyber Crime,,,0.9,substring
681,CRIME_REVIEW_FOR_THE_MONTH_OF_APRIL_2026.csv,4,2026,681,B - SPECIAL & LOCAL LAWS,KARNATAKA STATE LOCAL ACTS,"Information Technology Act 2000, 2009",31,15,9,6,,,,,,
682,CRIME_REVIEW_FOR_THE_MONTH_OF_APRIL_2026.csv,4,2026,682,B - SPECIAL & LOCAL LAWS,KARNATAKA STATE LOCAL ACTS,CSAM (Child Pornography). Cyber Tip Line,53,0,29,12,3,Cyber Crime,,,0.4,token_overlap
683,CRIME_REVIEW_FOR_THE_MONTH_OF_APRIL_2026.csv,4,2026,683,B - SPECIAL & LOCAL LAWS,KARNATAKA STATE LOCAL ACTS,Online Money Transfer,563,101,157,128,,,,,,
684,CRIME_REVIEW_FOR_THE_MONTH_OF_APRIL_2026.csv,4,2026,684,B - SPECIAL & LOCAL LAWS,KARNATAKA STATE LOCAL ACTS,Credit Card Fraud,176,48,49,35,,,,,,
685,CRIME_REVIEW_FOR_THE_MONTH_OF_APRIL_2026.csv,4,2026,685,B - SPECIAL & LOCAL LAWS,KARNATAKA STATE LOCAL ACTS,Loan App,74,11,17,15,,,,,,
686,CRIME_REVIEW_FOR_THE_MONTH_OF_APRIL_2026.csv,4,2026,686,B - SPECIAL & LOCAL LAWS,KARNATAKA STATE LOCAL ACTS,"Ransomeware Attack, Installing Spyware & Troman, Using Other Malware & Viruses to infect degital serv",8,0,0,3,,,,,,
687,CRIME_REVIEW_FOR_THE_MONTH_OF_APRIL_2026.csv,4,2026,687,B - SPECIAL & LOCAL LAWS,KARNATAKA STATE LOCAL ACTS,"Gifts, iPhone & Lottery Fraud",42,11,7,9,,,,,,
688,CRIME_REVIEW_FOR_THE_MONTH_OF_APRIL_2026.csv,4,2026,688,B - SPECIAL & LOCAL LAWS,KARNATAKA STATE LOCAL ACTS,Deep Fake/Deep Nudes,25,2,3,4,,,,,,
689,CRIME_REVIEW_FOR_THE_MONTH_OF_APRIL_2026.csv,4,2026,689,B - SPECIAL & LOCAL LAWS,KARNATAKA STATE LOCAL ACTS,"Investment Fraud (Part Time Job, Task, Review)",369,227,74,70,,,,,,
690,CRIME_REVIEW_FOR_THE_MONTH_OF_APRIL_2026.csv,4,2026,690,B - SPECIAL & LOCAL LAWS,KARNATAKA STATE LOCAL ACTS,Card Skimming,1,1,1,0,,,,,,
691,CRIME_REVIEW_FOR_THE_MONTH_OF_APRIL_2026.csv,4,2026,691,B - SPECIAL & LOCAL LAWS,KARNATAKA STATE LOCAL ACTS,Job Fraud,120,72,28,25,,,,,,
692,CRIME_REVIEW_FOR_THE_MONTH_OF_APRIL_2026.csv,4,2026,692,B - SPECIAL & LOCAL LAWS,KARNATAKA STATE LOCAL ACTS,Business Fraud,50,15,15,11,,,,,,
693,CRIME_REVIEW_FOR_THE_MONTH_OF_APRIL_2026.csv,4,2026,693,B - SPECIAL & LOCAL LAWS,KARNATAKA STATE LOCAL ACTS,Hacking of Accounts & Ids,86,9,18,26,,,,,,
694,CRIME_REVIEW_FOR_THE_MONTH_OF_APRIL_2026.csv,4,2026,694,B - SPECIAL & LOCAL LAWS,KARNATAKA STATE LOCAL ACTS,Phishing (Taking Password & Information),6,6,1,1,,,,,,
695,CRIME_REVIEW_FOR_THE_MONTH_OF_APRIL_2026.csv,4,2026,695,B - SPECIAL & LOCAL LAWS,KARNATAKA STATE LOCAL ACTS,Email Spoofing / Fraud,13,3,1,1,,,,,,
696,CRIME_REVIEW_FOR_THE_MONTH_OF_APRIL_2026.csv,4,2026,696,B - SPECIAL & LOCAL LAWS,KARNATAKA STATE LOCAL ACTS,SIM card Swapping / SIM Jacking / SIM Cloning,10,0,3,4,,,,,,
697,CRIME_REVIEW_FOR_THE_MONTH_OF_APRIL_2026.csv,4,2026,697,B - SPECIAL & LOCAL LAWS,KARNATAKA STATE LOCAL ACTS,Social Media Cases (Instagram/Facebook/Whatsapp/X /Telegram etc),207,42,40,57,,,,,,
698,CRIME_REVIEW_FOR_THE_MONTH_OF_APRIL_2026.csv,4,2026,698,B - SPECIAL & LOCAL LAWS,KARNATAKA STATE LOCAL ACTS,"Crypto Currency, Bitcoin, etc.",26,4,6,4,,,,,,
699,CRIME_REVIEW_FOR_THE_MONTH_OF_APRIL_2026.csv,4,2026,699,B - SPECIAL & LOCAL LAWS,KARNATAKA STATE LOCAL ACTS,Remote Access Fraud  (Any Desk/ Team Viewer),2,0,0,0,,,,,,
700,CRIME_REVIEW_FOR_THE_MONTH_OF_APRIL_2026.csv,4,2026,700,B - SPECIAL & LOCAL LAWS,KARNATAKA STATE LOCAL ACTS,OLX Fraud,44,13,12,7,,,,,,
701,CRIME_REVIEW_FOR_THE_MONTH_OF_APRIL_2026.csv,4,2026,701,B - SPECIAL & LOCAL LAWS,KARNATAKA STATE LOCAL ACTS,Data Theft,23,7,5,6,1,Theft & Burglary,,,0.4,token_overlap
702,CRIME_REVIEW_FOR_THE_MONTH_OF_APRIL_2026.csv,4,2026,702,B - SPECIAL & LOCAL LAWS,KARNATAKA STATE LOCAL ACTS,Fedex,1,2,0,0,,,,,,
703,CRIME_REVIEW_FOR_THE_MONTH_OF_APRIL_2026.csv,4,2026,703,B - SPECIAL & LOCAL LAWS,KARNATAKA STATE LOCAL ACTS,"OTP Frauds (KYC Update, Apk Link)",458,46,101,110,,,,,,
704,CRIME_REVIEW_FOR_THE_MONTH_OF_APRIL_2026.csv,4,2026,704,B - SPECIAL & LOCAL LAWS,KARNATAKA STATE LOCAL ACTS,Matrimony Fraud,32,7,2,5,,,,,,
705,CRIME_REVIEW_FOR_THE_MONTH_OF_APRIL_2026.csv,4,2026,705,B - SPECIAL & LOCAL LAWS,KARNATAKA STATE LOCAL ACTS,Sextortion and Revenge Porn,30,12,8,9,,,,,,
706,CRIME_REVIEW_FOR_THE_MONTH_OF_APRIL_2026.csv,4,2026,706,B - SPECIAL & LOCAL LAWS,KARNATAKA STATE LOCAL ACTS,Advertising Frauds,33,6,8,5,,,,,,
707,CRIME_REVIEW_FOR_THE_MONTH_OF_APRIL_2026.csv,4,2026,707,B - SPECIAL & LOCAL LAWS,KARNATAKA STATE LOCAL ACTS,Investment Fraud (Trading & Share Trading),956,206,223,173,,,,,,
708,CRIME_REVIEW_FOR_THE_MONTH_OF_APRIL_2026.csv,4,2026,708,B - SPECIAL & LOCAL LAWS,KARNATAKA STATE LOCAL ACTS,Fake Customer Care,162,16,31,40,,,,,,
709,CRIME_REVIEW_FOR_THE_MONTH_OF_APRIL_2026.csv,4,2026,709,B - SPECIAL & LOCAL LAWS,KARNATAKA STATE LOCAL ACTS,ATM Fraud,9,1,1,6,,,,,,
710,CRIME_REVIEW_FOR_THE_MONTH_OF_APRIL_2026.csv,4,2026,710,B - SPECIAL & LOCAL LAWS,KARNATAKA STATE LOCAL ACTS,Digital Arrest,61,10,17,15,,,,,,
711,CRIME_REVIEW_FOR_THE_MONTH_OF_APRIL_2026.csv,4,2026,711,B - SPECIAL & LOCAL LAWS,KARNATAKA STATE LOCAL ACTS,AEPS (Aadhaar),0,0,0,0,,,,,,
712,CRIME_REVIEW_FOR_THE_MONTH_OF_APRIL_2026.csv,4,2026,712,B - SPECIAL & LOCAL LAWS,KARNATAKA STATE LOCAL ACTS,Others,561,115,146,141,,,,,,
713,CRIME_REVIEW_FOR_THE_MONTH_OF_APRIL_2026.csv,4,2026,713,B - SPECIAL & LOCAL LAWS,NATIONAL SECURITY ACT,NA,0,0,0,0,,,,,,
714,CRIME_REVIEW_FOR_THE_MONTH_OF_APRIL_2026.csv,4,2026,714,B - SPECIAL & LOCAL LAWS,POCSO,Gang Rape,3,0,0,1,,,,,,
715,CRIME_REVIEW_FOR_THE_MONTH_OF_APRIL_2026.csv,4,2026,715,B - SPECIAL & LOCAL LAWS,POCSO,Custodial Rape,0,0,0,0,,,,,,
716,CRIME_REVIEW_FOR_THE_MONTH_OF_APRIL_2026.csv,4,2026,716,B - SPECIAL & LOCAL LAWS,POCSO,Rape with Murder,0,1,0,0,2,Crimes Against Persons,7,Murder,0.95,substring
717,CRIME_REVIEW_FOR_THE_MONTH_OF_APRIL_2026.csv,4,2026,717,B - SPECIAL & LOCAL LAWS,POCSO,Rape,1168,273,318,287,,,,,,
718,CRIME_REVIEW_FOR_THE_MONTH_OF_APRIL_2026.csv,4,2026,718,B - SPECIAL & LOCAL LAWS,POCSO,Others,425,108,104,106,,,,,,
719,CRIME_REVIEW_FOR_THE_MONTH_OF_APRIL_2026.csv,4,2026,719,B - SPECIAL & LOCAL LAWS,Aadhar Act,Impersonation,0,0,0,0,,,,,,
720,CRIME_REVIEW_FOR_THE_MONTH_OF_APRIL_2026.csv,4,2026,720,B - SPECIAL & LOCAL LAWS,Aadhar Act,Offence by Individual,1,0,0,0,,,,,,
721,CRIME_REVIEW_FOR_THE_MONTH_OF_APRIL_2026.csv,4,2026,721,B - SPECIAL & LOCAL LAWS,Aadhar Act,Offence by Company,1,0,1,0,,,,,,
722,CRIME_REVIEW_FOR_THE_MONTH_OF_APRIL_2026.csv,4,2026,722,C. CRIMES AGAINST WOMEN,Rape (Sec. 376 IPC),1.1  Custodial Rape,0,0,0,0,2,Crimes Against Persons,,,0.6000000000000001,token_overlap
723,CRIME_REVIEW_FOR_THE_MONTH_OF_APRIL_2026.csv,4,2026,723,C. CRIMES AGAINST WOMEN,Rape (Sec. 376 IPC),1.2  Gang Rape,6,2,1,1,2,Crimes Against Persons,,,0.6000000000000001,token_overlap
724,CRIME_REVIEW_FOR_THE_MONTH_OF_APRIL_2026.csv,4,2026,724,C. CRIMES AGAINST WOMEN,Rape (Sec. 376 IPC),1.3  other Cases of Rape,191,54,50,55,2,Crimes Against Persons,,,0.6000000000000001,token_overlap
725,CRIME_REVIEW_FOR_THE_MONTH_OF_APRIL_2026.csv,4,2026,725,C. CRIMES AGAINST WOMEN,Outraging modesty (Molestation) (sec.354 IPC),NA,2164,497,589,554,2,Crimes Against Persons,,,0.6000000000000001,token_overlap
726,CRIME_REVIEW_FOR_THE_MONTH_OF_APRIL_2026.csv,4,2026,726,C. CRIMES AGAINST WOMEN,Kidnapping & Abduction of Women: (Sec.366 IPC),NA,31,9,6,13,2,Crimes Against Persons,8,Kidnapping,0.95,substring
727,CRIME_REVIEW_FOR_THE_MONTH_OF_APRIL_2026.csv,4,2026,727,C. CRIMES AGAINST WOMEN,Insulting modesty (Eve-Teasing) (Sec.294 & 509 IPC if victim is a woman),NA,153,36,40,39,2,Crimes Against Persons,,,0.6000000000000001,token_overlap
728,CRIME_REVIEW_FOR_THE_MONTH_OF_APRIL_2026.csv,4,2026,728,C. CRIMES AGAINST WOMEN,Murder for Dowry - by burning (Sec.302 IPC),NA,0,0,0,0,2,Crimes Against Persons,7,Murder,0.95,substring
729,CRIME_REVIEW_FOR_THE_MONTH_OF_APRIL_2026.csv,4,2026,729,C. CRIMES AGAINST WOMEN,"Murder for Dowry - by other means
(Sec.302 IPC)",NA,2,1,0,1,2,Crimes Against Persons,7,Murder,0.95,substring
730,CRIME_REVIEW_FOR_THE_MONTH_OF_APRIL_2026.csv,4,2026,730,C. CRIMES AGAINST WOMEN,Murder for other reasons,NA,122,42,36,20,2,Crimes Against Persons,7,Murder,0.95,substring
731,CRIME_REVIEW_FOR_THE_MONTH_OF_APRIL_2026.csv,4,2026,731,C. CRIMES AGAINST WOMEN,Attempt to Commit Murder for dowry by burning (Sec.307 IPC),NA,0,0,0,0,2,Crimes Against Persons,7,Murder,0.95,substring
732,CRIME_REVIEW_FOR_THE_MONTH_OF_APRIL_2026.csv,4,2026,732,C. CRIMES AGAINST WOMEN,Attempt to Commit Murder for dowry by other means (Sec.307 IPC),NA,11,1,1,5,2,Crimes Against Persons,7,Murder,0.95,substring
733,CRIME_REVIEW_FOR_THE_MONTH_OF_APRIL_2026.csv,4,2026,733,C. CRIMES AGAINST WOMEN,Attempt to Commit murder for other reasons,NA,362,86,123,97,2,Crimes Against Persons,7,Murder,0.95,substring
734,CRIME_REVIEW_FOR_THE_MONTH_OF_APRIL_2026.csv,4,2026,734,C. CRIMES AGAINST WOMEN,"Dowry Death-by burning
(Sec.304-B IPC)",NA,1,1,1,0,2,Crimes Against Persons,,,0.6000000000000001,token_overlap
735,CRIME_REVIEW_FOR_THE_MONTH_OF_APRIL_2026.csv,4,2026,735,C. CRIMES AGAINST WOMEN,Dowry Death-by other Means (Sec.304(B) IPC),NA,50,15,17,15,2,Crimes Against Persons,,,0.6000000000000001,token_overlap
736,CRIME_REVIEW_FOR_THE_MONTH_OF_APRIL_2026.csv,4,2026,736,C. CRIMES AGAINST WOMEN,Cruelty by Husband or Relatives of Husband (Sec.498-A IPC),NA,951,231,222,289,2,Crimes Against Persons,,,0.6000000000000001,token_overlap
737,CRIME_REVIEW_FOR_THE_MONTH_OF_APRIL_2026.csv,4,2026,737,C. CRIMES AGAINST WOMEN,Abetment of Suicide (Sec.306 IPC),NA,63,21,16,13,2,Crimes Against Persons,,,0.6000000000000001,token_overlap
738,CRIME_REVIEW_FOR_THE_MONTH_OF_APRIL_2026.csv,4,2026,738,C. CRIMES AGAINST WOMEN,Immoral Traffic (prevention) Act.,NA,87,13,28,29,2,Crimes Against Persons,,,0.6000000000000001,token_overlap
739,CRIME_REVIEW_FOR_THE_MONTH_OF_APRIL_2026.csv,4,2026,739,C. CRIMES AGAINST WOMEN,Indecent Representation of Women(Prohibition) Act-1986,NA,0,0,0,0,2,Crimes Against Persons,,,0.6000000000000001,token_overlap
740,CRIME_REVIEW_FOR_THE_MONTH_OF_APRIL_2026.csv,4,2026,740,C. CRIMES AGAINST WOMEN,Pornography,NA,0,0,0,0,2,Crimes Against Persons,,,0.6000000000000001,token_overlap
741,CRIME_REVIEW_FOR_THE_MONTH_OF_APRIL_2026.csv,4,2026,741,C. CRIMES AGAINST WOMEN,Offences against Public Servants (Sec.182-188-333-353 IPC),NA,49,14,12,13,2,Crimes Against Persons,,,0.6000000000000001,token_overlap
742,CRIME_REVIEW_FOR_THE_MONTH_OF_APRIL_2026.csv,4,2026,742,C. CRIMES AGAINST WOMEN,Offences related to Marriage,NA,8,2,1,3,2,Crimes Against Persons,,,0.6000000000000001,token_overlap
743,CRIME_REVIEW_FOR_THE_MONTH_OF_APRIL_2026.csv,4,2026,743,C. CRIMES AGAINST WOMEN,Cyber Crimes,NA,978,328,258,209,3,Cyber Crime,,,0.9,substring
744,CRIME_REVIEW_FOR_THE_MONTH_OF_APRIL_2026.csv,4,2026,744,D.CRIME AGAINST CHILDREN,"Infanticide/ Foeticide 
(Sec. 315 & 316 IPC/ 91, 92 BNS)",NA,3,0,3,0,2,Crimes Against Persons,,,0.4,token_overlap
745,CRIME_REVIEW_FOR_THE_MONTH_OF_APRIL_2026.csv,4,2026,745,D.CRIME AGAINST CHILDREN,Rape on Minor,NA,0,0,0,0,2,Crimes Against Persons,,,0.4,token_overlap
746,CRIME_REVIEW_FOR_THE_MONTH_OF_APRIL_2026.csv,4,2026,746,D.CRIME AGAINST CHILDREN,Exposure & abandonment (Sec. 317 IPC),NA,13,6,6,4,2,Crimes Against Persons,,,0.4,token_overlap
747,CRIME_REVIEW_FOR_THE_MONTH_OF_APRIL_2026.csv,4,2026,747,D.CRIME AGAINST CHILDREN,Kidnapping & Abduction of Children,NA,1409,369,329,420,2,Crimes Against Persons,8,Kidnapping,0.95,substring
748,CRIME_REVIEW_FOR_THE_MONTH_OF_APRIL_2026.csv,4,2026,748,D.CRIME AGAINST CHILDREN,For Ransom - of Children,NA,2,0,1,0,2,Crimes Against Persons,,,0.4,token_overlap
749,CRIME_REVIEW_FOR_THE_MONTH_OF_APRIL_2026.csv,4,2026,749,D.CRIME AGAINST CHILDREN,of Children - for begging,NA,0,0,0,0,2,Crimes Against Persons,,,0.4,token_overlap
750,CRIME_REVIEW_FOR_THE_MONTH_OF_APRIL_2026.csv,4,2026,750,D.CRIME AGAINST CHILDREN,of Girls - Immoral Purpose,NA,1,0,0,0,2,Crimes Against Persons,,,0.4,token_overlap
751,CRIME_REVIEW_FOR_THE_MONTH_OF_APRIL_2026.csv,4,2026,751,D.CRIME AGAINST CHILDREN,With intent to Steal from Child,NA,0,0,0,0,2,Crimes Against Persons,,,0.4,token_overlap
752,CRIME_REVIEW_FOR_THE_MONTH_OF_APRIL_2026.csv,4,2026,752,D.CRIME AGAINST CHILDREN,Lawful Guardianship,NA,1,0,0,0,2,Crimes Against Persons,,,0.4,token_overlap
753,CRIME_REVIEW_FOR_THE_MONTH_OF_APRIL_2026.csv,4,2026,753,D.CRIME AGAINST CHILDREN,Procuration of Minor Girls - For Prostitution,NA,0,0,0,0,2,Crimes Against Persons,,,0.4,token_overlap
754,CRIME_REVIEW_FOR_THE_MONTH_OF_APRIL_2026.csv,4,2026,754,D.CRIME AGAINST CHILDREN,Procuration of Minor Girls - Importing of Girl,NA,0,0,0,0,2,Crimes Against Persons,,,0.4,token_overlap
755,CRIME_REVIEW_FOR_THE_MONTH_OF_APRIL_2026.csv,4,2026,755,D.CRIME AGAINST CHILDREN,Procuration of Minor Girls - For Other Purposes,NA,0,1,0,0,2,Crimes Against Persons,,,0.4,token_overlap
756,CRIME_REVIEW_FOR_THE_MONTH_OF_APRIL_2026.csv,4,2026,756,D.CRIME AGAINST CHILDREN,"Selling of girls for Prostitution (Sec.372, 373 IPC/ 98, 99 BNS)",NA,0,0,0,0,2,Crimes Against Persons,,,0.4,token_overlap
757,CRIME_REVIEW_FOR_THE_MONTH_OF_APRIL_2026.csv,4,2026,757,D.CRIME AGAINST CHILDREN,The Prohibition of Child Marriage Act - 2006,NA,54,19,12,13,2,Crimes Against Persons,,,0.4,token_overlap
758,CRIME_REVIEW_FOR_THE_MONTH_OF_APRIL_2026.csv,4,2026,758,D.CRIME AGAINST CHILDREN,POCSO Act,NA,1596,382,422,394,2,Crimes Against Persons,,,0.4,token_overlap
759,CRIME_REVIEW_FOR_THE_MONTH_OF_APRIL_2026.csv,4,2026,759,D.CRIME AGAINST CHILDREN,Death of Children due to miscarriage,NA,6,3,2,2,2,Crimes Against Persons,,,0.4,token_overlap
760,CRIME_REVIEW_FOR_THE_MONTH_OF_APRIL_2026.csv,4,2026,760,D.CRIME AGAINST CHILDREN,Juvenile Justice Act,NA,39,8,13,7,2,Crimes Against Persons,,,0.4,token_overlap
761,CRIME_REVIEW_FOR_THE_MONTH_OF_APRIL_2026.csv,4,2026,761,D.CRIME AGAINST CHILDREN,Child Labour (Pro.& Reg.) Act,NA,23,2,5,3,2,Crimes Against Persons,,,0.4,token_overlap
762,CRIME_REVIEW_FOR_THE_MONTH_OF_APRIL_2026.csv,4,2026,762,D.CRIME AGAINST CHILDREN,Probation of Offenders Act,NA,0,0,0,0,2,Crimes Against Persons,,,0.4,token_overlap
763,CRIME_REVIEW_FOR_THE_MONTH_OF_APRIL_2026.csv,4,2026,763,E. CRIME AGAINST SCHEDULED CASTES /TRIBES BY NON SCs/STs,Murder,NA,27,8,7,3,2,Crimes Against Persons,7,Murder,0.95,substring
764,CRIME_REVIEW_FOR_THE_MONTH_OF_APRIL_2026.csv,4,2026,764,E. CRIME AGAINST SCHEDULED CASTES /TRIBES BY NON SCs/STs,Rape,NA,29,6,3,4,2,Crimes Against Persons,,,0.4,token_overlap
765,CRIME_REVIEW_FOR_THE_MONTH_OF_APRIL_2026.csv,4,2026,765,E. CRIME AGAINST SCHEDULED CASTES /TRIBES BY NON SCs/STs,Kidnapping,NA,76,8,17,16,2,Crimes Against Persons,8,Kidnapping,0.95,substring
766,CRIME_REVIEW_FOR_THE_MONTH_OF_APRIL_2026.csv,4,2026,766,E. CRIME AGAINST SCHEDULED CASTES /TRIBES BY NON SCs/STs,Offences under the Protection of Civil Rights Act.,NA,1,3,0,0,2,Crimes Against Persons,,,0.4,token_overlap
767,CRIME_REVIEW_FOR_THE_MONTH_OF_APRIL_2026.csv,4,2026,767,E. CRIME AGAINST SCHEDULED CASTES /TRIBES BY NON SCs/STs,Offences under the SC & ST  (prevention of Atrocities)Act 1989 (if the victim is SC),NA,776,164,203,214,2,Crimes Against Persons,,,0.4,token_overlap
768,CRIME_REVIEW_FOR_THE_MONTH_OF_MAY_2026.csv,5,2026,1,A - IPC Crime,"Murder (Sec.302/303 IPC/103,104 BNS)",For gain,15,4,2,3,2,Crimes Against Persons,7,Murder,0.95,substring
769,CRIME_REVIEW_FOR_THE_MONTH_OF_MAY_2026.csv,5,2026,2,A - IPC Crime,"Murder (Sec.302/303 IPC/103,104 BNS)",Over Property Dispute,6,2,2,0,2,Crimes Against Persons,7,Murder,0.95,substring
770,CRIME_REVIEW_FOR_THE_MONTH_OF_MAY_2026.csv,5,2026,3,A - IPC Crime,"Murder (Sec.302/303 IPC/103,104 BNS)",Due to Personal Vendetta or enemity,9,6,5,1,2,Crimes Against Persons,7,Murder,0.95,substring
771,CRIME_REVIEW_FOR_THE_MONTH_OF_MAY_2026.csv,5,2026,4,A - IPC Crime,"Murder (Sec.302/303 IPC/103,104 BNS)",Due to Sexual jealousy,7,0,0,4,2,Crimes Against Persons,7,Murder,0.95,substring
772,CRIME_REVIEW_FOR_THE_MONTH_OF_MAY_2026.csv,5,2026,5,A - IPC Crime,"Murder (Sec.302/303 IPC/103,104 BNS)",For dowry by burning,0,0,0,0,2,Crimes Against Persons,7,Murder,0.95,substring
773,CRIME_REVIEW_FOR_THE_MONTH_OF_MAY_2026.csv,5,2026,6,A - IPC Crime,"Murder (Sec.302/303 IPC/103,104 BNS)",For dowry by other means,3,0,1,1,2,Crimes Against Persons,7,Murder,0.95,substring
774,CRIME_REVIEW_FOR_THE_MONTH_OF_MAY_2026.csv,5,2026,7,A - IPC Crime,"Murder (Sec.302/303 IPC/103,104 BNS)",Due to Communalism,0,1,0,0,2,Crimes Against Persons,7,Murder,0.95,substring
775,CRIME_REVIEW_FOR_THE_MONTH_OF_MAY_2026.csv,5,2026,8,A - IPC Crime,"Murder (Sec.302/303 IPC/103,104 BNS)",Due to Casteism,1,0,1,0,2,Crimes Against Persons,7,Murder,0.95,substring
776,CRIME_REVIEW_FOR_THE_MONTH_OF_MAY_2026.csv,5,2026,9,A - IPC Crime,"Murder (Sec.302/303 IPC/103,104 BNS)",Witch Craft (Sorcery),0,0,0,0,2,Crimes Against Persons,7,Murder,0.95,substring
777,CRIME_REVIEW_FOR_THE_MONTH_OF_MAY_2026.csv,5,2026,10,A - IPC Crime,"Murder (Sec.302/303 IPC/103,104 BNS)",For Human Sacrifice,0,0,0,0,2,Crimes Against Persons,7,Murder,0.95,substring
778,CRIME_REVIEW_FOR_THE_MONTH_OF_MAY_2026.csv,5,2026,11,A - IPC Crime,"Murder (Sec.302/303 IPC/103,104 BNS)",Due to Terrorism/Naxalism / Extremism,0,0,0,0,2,Crimes Against Persons,7,Murder,0.95,substring
779,CRIME_REVIEW_FOR_THE_MONTH_OF_MAY_2026.csv,5,2026,12,A - IPC Crime,"Murder (Sec.302/303 IPC/103,104 BNS)",For Political Reasons,1,0,1,0,2,Crimes Against Persons,7,Murder,0.95,substring
780,CRIME_REVIEW_FOR_THE_MONTH_OF_MAY_2026.csv,5,2026,13,A - IPC Crime,"Murder (Sec.302/303 IPC/103,104 BNS)",Due to Adultery,7,1,1,0,2,Crimes Against Persons,7,Murder,0.95,substring
781,CRIME_REVIEW_FOR_THE_MONTH_OF_MAY_2026.csv,5,2026,14,A - IPC Crime,"Murder (Sec.302/303 IPC/103,104 BNS)",Civil Disputes,22,6,4,6,2,Crimes Against Persons,7,Murder,0.95,substring
782,CRIME_REVIEW_FOR_THE_MONTH_OF_MAY_2026.csv,5,2026,15,A - IPC Crime,"Murder (Sec.302/303 IPC/103,104 BNS)",Electoral Gain,0,0,0,0,2,Crimes Against Persons,7,Murder,0.95,substring
783,CRIME_REVIEW_FOR_THE_MONTH_OF_MAY_2026.csv,5,2026,16,A - IPC Crime,"Murder (Sec.302/303 IPC/103,104 BNS)",Gang Rivalry,0,0,0,0,2,Crimes Against Persons,7,Murder,0.95,substring
784,CRIME_REVIEW_FOR_THE_MONTH_OF_MAY_2026.csv,5,2026,17,A - IPC Crime,"Murder (Sec.302/303 IPC/103,104 BNS)",Love Intrigue,5,1,1,0,2,Crimes Against Persons,7,Murder,0.95,substring
785,CRIME_REVIEW_FOR_THE_MONTH_OF_MAY_2026.csv,5,2026,18,A - IPC Crime,"Murder (Sec.302/303 IPC/103,104 BNS)",Professional,0,0,0,0,2,Crimes Against Persons,7,Murder,0.95,substring
786,CRIME_REVIEW_FOR_THE_MONTH_OF_MAY_2026.csv,5,2026,19,A - IPC Crime,"Murder (Sec.302/303 IPC/103,104 BNS)",Psychopathic/Serial Killer/Lunacy,0,0,0,0,2,Crimes Against Persons,7,Murder,0.95,substring
787,CRIME_REVIEW_FOR_THE_MONTH_OF_MAY_2026.csv,5,2026,20,A - IPC Crime,"Murder (Sec.302/303 IPC/103,104 BNS)",Rape with Murder,5,1,0,0,2,Crimes Against Persons,7,Murder,0.95,substring
788,CRIME_REVIEW_FOR_THE_MONTH_OF_MAY_2026.csv,5,2026,21,A - IPC Crime,"Murder (Sec.302/303 IPC/103,104 BNS)",Revenge/Enemity,18,5,4,8,2,Crimes Against Persons,7,Murder,0.95,substring
789,CRIME_REVIEW_FOR_THE_MONTH_OF_MAY_2026.csv,5,2026,22,A - IPC Crime,"Murder (Sec.302/303 IPC/103,104 BNS)",Sudden Quarrel,33,11,7,8,2,Crimes Against Persons,7,Murder,0.95,substring
790,CRIME_REVIEW_FOR_THE_MONTH_OF_MAY_2026.csv,5,2026,23,A - IPC Crime,"Murder (Sec.302/303 IPC/103,104 BNS)",Village Dispute,0,0,0,0,2,Crimes Against Persons,7,Murder,0.95,substring
791,CRIME_REVIEW_FOR_THE_MONTH_OF_MAY_2026.csv,5,2026,24,A - IPC Crime,"Murder (Sec.302/303 IPC/103,104 BNS)",Custodial,0,0,0,0,2,Crimes Against Persons,7,Murder,0.95,substring
792,CRIME_REVIEW_FOR_THE_MONTH_OF_MAY_2026.csv,5,2026,25,A - IPC Crime,"Murder (Sec.302/303 IPC/103,104 BNS)",Due to Other Causes,329,76,50,63,2,Crimes Against Persons,7,Murder,0.95,substring
793,CRIME_REVIEW_FOR_THE_MONTH_OF_MAY_2026.csv,5,2026,26,A - IPC Crime,ATTEMPT TO MURDER (Sec. 307 IPC/109BNS),For Gain,12,1,2,4,2,Crimes Against Persons,7,Murder,0.95,substring
794,CRIME_REVIEW_FOR_THE_MONTH_OF_MAY_2026.csv,5,2026,27,A - IPC Crime,ATTEMPT TO MURDER (Sec. 307 IPC/109BNS),Over Property Dispute,39,6,11,16,2,Crimes Against Persons,7,Murder,0.95,substring
795,CRIME_REVIEW_FOR_THE_MONTH_OF_MAY_2026.csv,5,2026,28,A - IPC Crime,ATTEMPT TO MURDER (Sec. 307 IPC/109BNS),Due to Personal Vendetta or enemity,43,10,9,8,2,Crimes Against Persons,7,Murder,0.95,substring
796,CRIME_REVIEW_FOR_THE_MONTH_OF_MAY_2026.csv,5,2026,29,A - IPC Crime,ATTEMPT TO MURDER (Sec. 307 IPC/109BNS),Due to Sexual jealousy,5,0,0,2,2,Crimes Against Persons,7,Murder,0.95,substring
797,CRIME_REVIEW_FOR_THE_MONTH_OF_MAY_2026.csv,5,2026,30,A - IPC Crime,ATTEMPT TO MURDER (Sec. 307 IPC/109BNS),For Dowry other Means,12,2,4,3,2,Crimes Against Persons,7,Murder,0.95,substring
798,CRIME_REVIEW_FOR_THE_MONTH_OF_MAY_2026.csv,5,2026,31,A - IPC Crime,ATTEMPT TO MURDER (Sec. 307 IPC/109BNS),Dowry By Burning,0,0,0,0,2,Crimes Against Persons,7,Murder,0.95,substring
799,CRIME_REVIEW_FOR_THE_MONTH_OF_MAY_2026.csv,5,2026,32,A - IPC Crime,ATTEMPT TO MURDER (Sec. 307 IPC/109BNS),Due to Communalism,2,1,0,0,2,Crimes Against Persons,7,Murder,0.95,substring
800,CRIME_REVIEW_FOR_THE_MONTH_OF_MAY_2026.csv,5,2026,33,A - IPC Crime,ATTEMPT TO MURDER (Sec. 307 IPC/109BNS),Due to Casteism,3,0,0,1,2,Crimes Against Persons,7,Murder,0.95,substring
801,CRIME_REVIEW_FOR_THE_MONTH_OF_MAY_2026.csv,5,2026,34,A - IPC Crime,ATTEMPT TO MURDER (Sec. 307 IPC/109BNS),Witch Craft (Sorcery),0,0,0,0,2,Crimes Against Persons,7,Murder,0.95,substring
802,CRIME_REVIEW_FOR_THE_MONTH_OF_MAY_2026.csv,5,2026,35,A - IPC Crime,ATTEMPT TO MURDER (Sec. 307 IPC/109BNS),For Human Sacrifice,0,0,0,0,2,Crimes Against Persons,7,Murder,0.95,substring
803,CRIME_REVIEW_FOR_THE_MONTH_OF_MAY_2026.csv,5,2026,36,A - IPC Crime,ATTEMPT TO MURDER (Sec. 307 IPC/109BNS),Terrorism /Naxalism / Extremism,0,0,0,0,2,Crimes Against Persons,7,Murder,0.95,substring
804,CRIME_REVIEW_FOR_THE_MONTH_OF_MAY_2026.csv,5,2026,37,A - IPC Crime,ATTEMPT TO MURDER (Sec. 307 IPC/109BNS),For Political Reasons,2,2,1,0,2,Crimes Against Persons,7,Murder,0.95,substring
805,CRIME_REVIEW_FOR_THE_MONTH_OF_MAY_2026.csv,5,2026,38,A - IPC Crime,ATTEMPT TO MURDER (Sec. 307 IPC/109BNS),Adultery,5,0,1,1,2,Crimes Against Persons,7,Murder,0.95,substring
806,CRIME_REVIEW_FOR_THE_MONTH_OF_MAY_2026.csv,5,2026,39,A - IPC Crime,ATTEMPT TO MURDER (Sec. 307 IPC/109BNS),Electoral Gain,0,0,0,0,2,Crimes Against Persons,7,Murder,0.95,substring
807,CRIME_REVIEW_FOR_THE_MONTH_OF_MAY_2026.csv,5,2026,40,A - IPC Crime,ATTEMPT TO MURDER (Sec. 307 IPC/109BNS),Gang Rivalry,3,0,1,0,2,Crimes Against Persons,7,Murder,0.95,substring
808,CRIME_REVIEW_FOR_THE_MONTH_OF_MAY_2026.csv,5,2026,41,A - IPC Crime,ATTEMPT TO MURDER (Sec. 307 IPC/109BNS),Love Intrigue,8,1,1,3,2,Crimes Against Persons,7,Murder,0.95,substring
809,CRIME_REVIEW_FOR_THE_MONTH_OF_MAY_2026.csv,5,2026,42,A - IPC Crime,ATTEMPT TO MURDER (Sec. 307 IPC/109BNS),Professional,0,2,0,0,2,Crimes Against Persons,7,Murder,0.95,substring
810,CRIME_REVIEW_FOR_THE_MONTH_OF_MAY_2026.csv,5,2026,43,A - IPC Crime,ATTEMPT TO MURDER (Sec. 307 IPC/109BNS),Rape,0,0,0,0,2,Crimes Against Persons,7,Murder,0.95,substring
811,CRIME_REVIEW_FOR_THE_MONTH_OF_MAY_2026.csv,5,2026,44,A - IPC Crime,ATTEMPT TO MURDER (Sec. 307 IPC/109BNS),Revenge/Enemity,94,18,13,25,2,Crimes Against Persons,7,Murder,0.95,substring
812,CRIME_REVIEW_FOR_THE_MONTH_OF_MAY_2026.csv,5,2026,45,A - IPC Crime,ATTEMPT TO MURDER (Sec. 307 IPC/109BNS),Sudden Quarrel,169,22,33,30,2,Crimes Against Persons,7,Murder,0.95,substring
813,CRIME_REVIEW_FOR_THE_MONTH_OF_MAY_2026.csv,5,2026,46,A - IPC Crime,ATTEMPT TO MURDER (Sec. 307 IPC/109BNS),Village Dispute,12,0,2,4,2,Crimes Against Persons,7,Murder,0.95,substring
814,CRIME_REVIEW_FOR_THE_MONTH_OF_MAY_2026.csv,5,2026,47,A - IPC Crime,ATTEMPT TO MURDER (Sec. 307 IPC/109BNS),Due to Other Causes,1066,160,209,257,2,Crimes Against Persons,7,Murder,0.95,substring
815,CRIME_REVIEW_FOR_THE_MONTH_OF_MAY_2026.csv,5,2026,48,A - IPC Crime,ATTEMPT TO MURDER (Sec. 307 IPC/109BNS),Civil Disputes,151,20,31,40,2,Crimes Against Persons,7,Murder,0.95,substring
816,CRIME_REVIEW_FOR_THE_MONTH_OF_MAY_2026.csv,5,2026,49,A - IPC Crime,CULPABLE HOMICIDE NOT AMOUNTING TO MUDER (Sec.304 IPC/105 BNS),For Gain,0,0,0,0,3,Cyber Crime,,,0.4,token_overlap
817,CRIME_REVIEW_FOR_THE_MONTH_OF_MAY_2026.csv,5,2026,50,A - IPC Crime,CULPABLE HOMICIDE NOT AMOUNTING TO MUDER (Sec.304 IPC/105 BNS),Over Civil Dispute,0,0,0,0,3,Cyber Crime,,,0.4,token_overlap
818,CRIME_REVIEW_FOR_THE_MONTH_OF_MAY_2026.csv,5,2026,51,A - IPC Crime,CULPABLE HOMICIDE NOT AMOUNTING TO MUDER (Sec.304 IPC/105 BNS),Due to Personal Vendetta or enemity,0,0,0,0,3,Cyber Crime,,,0.4,token_overlap
819,CRIME_REVIEW_FOR_THE_MONTH_OF_MAY_2026.csv,5,2026,52,A - IPC Crime,CULPABLE HOMICIDE NOT AMOUNTING TO MUDER (Sec.304 IPC/105 BNS),Due to Sexual jealousy,0,0,0,0,3,Cyber Crime,,,0.4,token_overlap
820,CRIME_REVIEW_FOR_THE_MONTH_OF_MAY_2026.csv,5,2026,53,A - IPC Crime,CULPABLE HOMICIDE NOT AMOUNTING TO MUDER (Sec.304 IPC/105 BNS),For Dowry,0,0,0,0,3,Cyber Crime,,,0.4,token_overlap
821,CRIME_REVIEW_FOR_THE_MONTH_OF_MAY_2026.csv,5,2026,54,A - IPC Crime,CULPABLE HOMICIDE NOT AMOUNTING TO MUDER (Sec.304 IPC/105 BNS),Due to Communalism,0,0,0,0,3,Cyber Crime,,,0.4,token_overlap
822,CRIME_REVIEW_FOR_THE_MONTH_OF_MAY_2026.csv,5,2026,55,A - IPC Crime,CULPABLE HOMICIDE NOT AMOUNTING TO MUDER (Sec.304 IPC/105 BNS),Due to Casteism,0,0,0,0,3,Cyber Crime,,,0.4,token_overlap
823,CRIME_REVIEW_FOR_THE_MONTH_OF_MAY_2026.csv,5,2026,56,A - IPC Crime,CULPABLE HOMICIDE NOT AMOUNTING TO MUDER (Sec.304 IPC/105 BNS),Witch Craft (Sorcery),0,0,0,0,3,Cyber Crime,,,0.4,token_overlap
824,CRIME_REVIEW_FOR_THE_MONTH_OF_MAY_2026.csv,5,2026,57,A - IPC Crime,CULPABLE HOMICIDE NOT AMOUNTING TO MUDER (Sec.304 IPC/105 BNS),For Human Sacrifice,0,0,0,0,3,Cyber Crime,,,0.4,token_overlap
825,CRIME_REVIEW_FOR_THE_MONTH_OF_MAY_2026.csv,5,2026,58,A - IPC Crime,CULPABLE HOMICIDE NOT AMOUNTING TO MUDER (Sec.304 IPC/105 BNS),Terrorism /Naxalism / Extremism,0,0,0,0,3,Cyber Crime,,,0.4,token_overlap
826,CRIME_REVIEW_FOR_THE_MONTH_OF_MAY_2026.csv,5,2026,59,A - IPC Crime,CULPABLE HOMICIDE NOT AMOUNTING TO MUDER (Sec.304 IPC/105 BNS),For Political Reasons,0,0,0,0,3,Cyber Crime,,,0.4,token_overlap
827,CRIME_REVIEW_FOR_THE_MONTH_OF_MAY_2026.csv,5,2026,60,A - IPC Crime,CULPABLE HOMICIDE NOT AMOUNTING TO MUDER (Sec.304 IPC/105 BNS),Adultery,0,0,0,0,3,Cyber Crime,,,0.4,token_overlap
828,CRIME_REVIEW_FOR_THE_MONTH_OF_MAY_2026.csv,5,2026,61,A - IPC Crime,CULPABLE HOMICIDE NOT AMOUNTING TO MUDER (Sec.304 IPC/105 BNS),Property Disputes,0,0,0,0,3,Cyber Crime,,,0.4,token_overlap
829,CRIME_REVIEW_FOR_THE_MONTH_OF_MAY_2026.csv,5,2026,62,A - IPC Crime,CULPABLE HOMICIDE NOT AMOUNTING TO MUDER (Sec.304 IPC/105 BNS),Electoral Gain,0,1,0,0,3,Cyber Crime,,,0.4,token_overlap
830,CRIME_REVIEW_FOR_THE_MONTH_OF_MAY_2026.csv,5,2026,63,A - IPC Crime,CULPABLE HOMICIDE NOT AMOUNTING TO MUDER (Sec.304 IPC/105 BNS),Gang Rivalry,0,0,0,0,3,Cyber Crime,,,0.4,token_overlap
831,CRIME_REVIEW_FOR_THE_MONTH_OF_MAY_2026.csv,5,2026,64,A - IPC Crime,CULPABLE HOMICIDE NOT AMOUNTING TO MUDER (Sec.304 IPC/105 BNS),Love Intrigue,0,0,0,0,3,Cyber Crime,,,0.4,token_overlap
832,CRIME_REVIEW_FOR_THE_MONTH_OF_MAY_2026.csv,5,2026,65,A - IPC Crime,CULPABLE HOMICIDE NOT AMOUNTING TO MUDER (Sec.304 IPC/105 BNS),Professional,0,0,0,0,3,Cyber Crime,,,0.4,token_overlap
833,CRIME_REVIEW_FOR_THE_MONTH_OF_MAY_2026.csv,5,2026,66,A - IPC Crime,CULPABLE HOMICIDE NOT AMOUNTING TO MUDER (Sec.304 IPC/105 BNS),Sudden Quarrel,1,0,0,0,3,Cyber Crime,,,0.4,token_overlap
834,CRIME_REVIEW_FOR_THE_MONTH_OF_MAY_2026.csv,5,2026,67,A - IPC Crime,CULPABLE HOMICIDE NOT AMOUNTING TO MUDER (Sec.304 IPC/105 BNS),Due to Other Causes,29,4,5,5,3,Cyber Crime,,,0.4,token_overlap
835,CRIME_REVIEW_FOR_THE_MONTH_OF_MAY_2026.csv,5,2026,68,A - IPC Crime,CULPABLE HOMICIDE NOT AMOUNTING TO MUDER (Sec.304 IPC/105 BNS),Fatal (Drink & Drive),13,4,4,1,3,Cyber Crime,,,0.4,token_overlap
836,CRIME_REVIEW_FOR_THE_MONTH_OF_MAY_2026.csv,5,2026,69,A - IPC Crime,ATTEMPT TO CULPABLE HOMICIDE NOT AMOUNTING TO MURDER (Sec. 308 IPC/110 BNS),For Gain,0,0,0,0,2,Crimes Against Persons,7,Murder,0.95,substring
837,CRIME_REVIEW_FOR_THE_MONTH_OF_MAY_2026.csv,5,2026,70,A - IPC Crime,ATTEMPT TO CULPABLE HOMICIDE NOT AMOUNTING TO MURDER (Sec. 308 IPC/110 BNS),Over Civil Dispute,1,0,0,1,2,Crimes Against Persons,7,Murder,0.95,substring
838,CRIME_REVIEW_FOR_THE_MONTH_OF_MAY_2026.csv,5,2026,71,A - IPC Crime,ATTEMPT TO CULPABLE HOMICIDE NOT AMOUNTING TO MURDER (Sec. 308 IPC/110 BNS),Due to Personal Vendetta or enemity,0,0,0,0,2,Crimes Against Persons,7,Murder,0.95,substring
839,CRIME_REVIEW_FOR_THE_MONTH_OF_MAY_2026.csv,5,2026,72,A - IPC Crime,ATTEMPT TO CULPABLE HOMICIDE NOT AMOUNTING TO MURDER (Sec. 308 IPC/110 BNS),Due to Sexual jealousy,0,0,0,0,2,Crimes Against Persons,7,Murder,0.95,substring
840,CRIME_REVIEW_FOR_THE_MONTH_OF_MAY_2026.csv,5,2026,73,A - IPC Crime,ATTEMPT TO CULPABLE HOMICIDE NOT AMOUNTING TO MURDER (Sec. 308 IPC/110 BNS),For Dowry,0,0,0,0,2,Crimes Against Persons,7,Murder,0.95,substring
841,CRIME_REVIEW_FOR_THE_MONTH_OF_MAY_2026.csv,5,2026,74,A - IPC Crime,ATTEMPT TO CULPABLE HOMICIDE NOT AMOUNTING TO MURDER (Sec. 308 IPC/110 BNS),Due to Communalism,0,0,0,0,2,Crimes Against Persons,7,Murder,0.95,substring
842,CRIME_REVIEW_FOR_THE_MONTH_OF_MAY_2026.csv,5,2026,75,A - IPC Crime,ATTEMPT TO CULPABLE HOMICIDE NOT AMOUNTING TO MURDER (Sec. 308 IPC/110 BNS),Due to Casteism,0,0,0,0,2,Crimes Against Persons,7,Murder,0.95,substring
843,CRIME_REVIEW_FOR_THE_MONTH_OF_MAY_2026.csv,5,2026,76,A - IPC Crime,ATTEMPT TO CULPABLE HOMICIDE NOT AMOUNTING TO MURDER (Sec. 308 IPC/110 BNS),Witch Craft (Sorcery),0,0,0,0,2,Crimes Against Persons,7,Murder,0.95,substring
844,CRIME_REVIEW_FOR_THE_MONTH_OF_MAY_2026.csv,5,2026,77,A - IPC Crime,ATTEMPT TO CULPABLE HOMICIDE NOT AMOUNTING TO MURDER (Sec. 308 IPC/110 BNS),For Human Sacrifice,0,0,0,0,2,Crimes Against Persons,7,Murder,0.95,substring
845,CRIME_REVIEW_FOR_THE_MONTH_OF_MAY_2026.csv,5,2026,78,A - IPC Crime,ATTEMPT TO CULPABLE HOMICIDE NOT AMOUNTING TO MURDER (Sec. 308 IPC/110 BNS),Terrorism /Naxalism / Extremism,0,0,0,0,2,Crimes Against Persons,7,Murder,0.95,substring
846,CRIME_REVIEW_FOR_THE_MONTH_OF_MAY_2026.csv,5,2026,79,A - IPC Crime,ATTEMPT TO CULPABLE HOMICIDE NOT AMOUNTING TO MURDER (Sec. 308 IPC/110 BNS),For Political Reasons,0,0,0,0,2,Crimes Against Persons,7,Murder,0.95,substring
847,CRIME_REVIEW_FOR_THE_MONTH_OF_MAY_2026.csv,5,2026,80,A - IPC Crime,ATTEMPT TO CULPABLE HOMICIDE NOT AMOUNTING TO MURDER (Sec. 308 IPC/110 BNS),Due to Other Causes,26,10,5,5,2,Crimes Against Persons,7,Murder,0.95,substring
848,CRIME_REVIEW_FOR_THE_MONTH_OF_MAY_2026.csv,5,2026,81,A - IPC Crime,ATTEMPT TO CULPABLE HOMICIDE NOT AMOUNTING TO MURDER (Sec. 308 IPC/110 BNS),Adultery,0,0,0,0,2,Crimes Against Persons,7,Murder,0.95,substring
849,CRIME_REVIEW_FOR_THE_MONTH_OF_MAY_2026.csv,5,2026,82,A - IPC Crime,ATTEMPT TO CULPABLE HOMICIDE NOT AMOUNTING TO MURDER (Sec. 308 IPC/110 BNS),Property Disputes,1,0,0,1,2,Crimes Against Persons,7,Murder,0.95,substring
850,CRIME_REVIEW_FOR_THE_MONTH_OF_MAY_2026.csv,5,2026,83,A - IPC Crime,ATTEMPT TO CULPABLE HOMICIDE NOT AMOUNTING TO MURDER (Sec. 308 IPC/110 BNS),Electoral Gain,0,0,0,0,2,Crimes Against Persons,7,Murder,0.95,substring
851,CRIME_REVIEW_FOR_THE_MONTH_OF_MAY_2026.csv,5,2026,84,A - IPC Crime,ATTEMPT TO CULPABLE HOMICIDE NOT AMOUNTING TO MURDER (Sec. 308 IPC/110 BNS),Gang Rivalry,0,0,0,0,2,Crimes Against Persons,7,Murder,0.95,substring
852,CRIME_REVIEW_FOR_THE_MONTH_OF_MAY_2026.csv,5,2026,85,A - IPC Crime,ATTEMPT TO CULPABLE HOMICIDE NOT AMOUNTING TO MURDER (Sec. 308 IPC/110 BNS),Love Intrigue,0,0,0,0,2,Crimes Against Persons,7,Murder,0.95,substring
853,CRIME_REVIEW_FOR_THE_MONTH_OF_MAY_2026.csv,5,2026,86,A - IPC Crime,ATTEMPT TO CULPABLE HOMICIDE NOT AMOUNTING TO MURDER (Sec. 308 IPC/110 BNS),Professional,0,0,0,0,2,Crimes Against Persons,7,Murder,0.95,substring
854,CRIME_REVIEW_FOR_THE_MONTH_OF_MAY_2026.csv,5,2026,87,A - IPC Crime,ATTEMPT TO CULPABLE HOMICIDE NOT AMOUNTING TO MURDER (Sec. 308 IPC/110 BNS),Sudden Quarrel,5,1,1,1,2,Crimes Against Persons,7,Murder,0.95,substring
855,CRIME_REVIEW_FOR_THE_MONTH_OF_MAY_2026.csv,5,2026,88,A - IPC Crime,"RAPE (Sec.376, 376(A) to 376 (D) IPC/64 TO 71 BNS)",Custodial Rape,0,0,0,0,3,Cyber Crime,,,0.4,token_overlap
856,CRIME_REVIEW_FOR_THE_MONTH_OF_MAY_2026.csv,5,2026,89,A - IPC Crime,"RAPE (Sec.376, 376(A) to 376 (D) IPC/64 TO 71 BNS)",Attempt to Commit,9,1,3,3,3,Cyber Crime,,,0.4,token_overlap
857,CRIME_REVIEW_FOR_THE_MONTH_OF_MAY_2026.csv,5,2026,90,A - IPC Crime,"RAPE (Sec.376, 376(A) to 376 (D) IPC/64 TO 71 BNS)",By a Gang,7,2,1,1,3,Cyber Crime,,,0.4,token_overlap
858,CRIME_REVIEW_FOR_THE_MONTH_OF_MAY_2026.csv,5,2026,91,A - IPC Crime,"RAPE (Sec.376, 376(A) to 376 (D) IPC/64 TO 71 BNS)",By Parents,0,0,0,0,3,Cyber Crime,,,0.4,token_overlap
859,CRIME_REVIEW_FOR_THE_MONTH_OF_MAY_2026.csv,5,2026,92,A - IPC Crime,"RAPE (Sec.376, 376(A) to 376 (D) IPC/64 TO 71 BNS)",By Hospital Staff,1,0,1,0,3,Cyber Crime,,,0.4,token_overlap
860,CRIME_REVIEW_FOR_THE_MONTH_OF_MAY_2026.csv,5,2026,93,A - IPC Crime,"RAPE (Sec.376, 376(A) to 376 (D) IPC/64 TO 71 BNS)",By Husband During Sepearation,1,1,0,1,3,Cyber Crime,,,0.4,token_overlap
861,CRIME_REVIEW_FOR_THE_MONTH_OF_MAY_2026.csv,5,2026,94,A - IPC Crime,"RAPE (Sec.376, 376(A) to 376 (D) IPC/64 TO 71 BNS)",By Neighbours,17,4,3,3,3,Cyber Crime,,,0.4,token_overlap
862,CRIME_REVIEW_FOR_THE_MONTH_OF_MAY_2026.csv,5,2026,95,A - IPC Crime,"RAPE (Sec.376, 376(A) to 376 (D) IPC/64 TO 71 BNS)",By Relatives,14,3,4,2,3,Cyber Crime,,,0.4,token_overlap
863,CRIME_REVIEW_FOR_THE_MONTH_OF_MAY_2026.csv,5,2026,96,A - IPC Crime,"RAPE (Sec.376, 376(A) to 376 (D) IPC/64 TO 71 BNS)",In Jail Custody,0,0,0,0,3,Cyber Crime,,,0.4,token_overlap
864,CRIME_REVIEW_FOR_THE_MONTH_OF_MAY_2026.csv,5,2026,97,A - IPC Crime,"RAPE (Sec.376, 376(A) to 376 (D) IPC/64 TO 71 BNS)",In Remand Home,0,0,0,0,3,Cyber Crime,,,0.4,token_overlap
865,CRIME_REVIEW_FOR_THE_MONTH_OF_MAY_2026.csv,5,2026,98,A - IPC Crime,"RAPE (Sec.376, 376(A) to 376 (D) IPC/64 TO 71 BNS)",InCest,0,0,0,0,3,Cyber Crime,,,0.4,token_overlap
866,CRIME_REVIEW_FOR_THE_MONTH_OF_MAY_2026.csv,5,2026,99,A - IPC Crime,"RAPE (Sec.376, 376(A) to 376 (D) IPC/64 TO 71 BNS)",Known Person,117,30,27,25,3,Cyber Crime,,,0.4,token_overlap
867,CRIME_REVIEW_FOR_THE_MONTH_OF_MAY_2026.csv,5,2026,100,A - IPC Crime,"RAPE (Sec.376, 376(A) to 376 (D) IPC/64 TO 71 BNS)",Unknown Person,5,5,1,1,3,Cyber Crime,,,0.4,token_overlap
868,CRIME_REVIEW_FOR_THE_MONTH_OF_MAY_2026.csv,5,2026,101,A - IPC Crime,"RAPE (Sec.376, 376(A) to 376 (D) IPC/64 TO 71 BNS)",Due to Other Causes,82,17,14,21,3,Cyber Crime,,,0.4,token_overlap
869,CRIME_REVIEW_FOR_THE_MONTH_OF_MAY_2026.csv,5,2026,102,A - IPC Crime,"RAPE (Sec.376, 376(A) to 376 (D) IPC/64 TO 71 BNS)",On Minor,0,0,0,0,3,Cyber Crime,,,0.4,token_overlap
870,CRIME_REVIEW_FOR_THE_MONTH_OF_MAY_2026.csv,5,2026,103,A - IPC Crime,Sexual Intercourse by employing deceitful means (Se 69 BNS),False promises of marriage,178,23,33,43,3,Cyber Crime,,,0.4,token_overlap
871,CRIME_REVIEW_FOR_THE_MONTH_OF_MAY_2026.csv,5,2026,104,A - IPC Crime,Sexual Intercourse by employing deceitful means (Se 69 BNS),Falsely claiming a job promotion or employment,1,1,0,0,3,Cyber Crime,,,0.4,token_overlap
872,CRIME_REVIEW_FOR_THE_MONTH_OF_MAY_2026.csv,5,2026,105,A - IPC Crime,Sexual Intercourse by employing deceitful means (Se 69 BNS),Suppressing identity to induce marriage,1,0,0,0,3,Cyber Crime,,,0.4,token_overlap
873,CRIME_REVIEW_FOR_THE_MONTH_OF_MAY_2026.csv,5,2026,106,A - IPC Crime,Sexual Intercourse by employing deceitful means (Se 69 BNS),Other,3,0,2,0,3,Cyber Crime,,,0.4,token_overlap
874,CRIME_REVIEW_FOR_THE_MONTH_OF_MAY_2026.csv,5,2026,107,A - IPC Crime,"KIDNAPPING AND ABDUCTION (Sec.360, 361, 363 to 369 IPC/137(1)(A),137(1)(B),137(2),140 TO 142,97 BNS)",Missing - Boy,1237,231,280,293,2,Crimes Against Persons,8,Kidnapping,0.95,substring
875,CRIME_REVIEW_FOR_THE_MONTH_OF_MAY_2026.csv,5,2026,108,A - IPC Crime,"KIDNAPPING AND ABDUCTION (Sec.360, 361, 363 to 369 IPC/137(1)(A),137(1)(B),137(2),140 TO 142,97 BNS)",Missing - Girl,417,84,68,83,2,Crimes Against Persons,8,Kidnapping,0.95,substring
876,CRIME_REVIEW_FOR_THE_MONTH_OF_MAY_2026.csv,5,2026,109,A - IPC Crime,"KIDNAPPING AND ABDUCTION (Sec.360, 361, 363 to 369 IPC/137(1)(A),137(1)(B),137(2),140 TO 142,97 BNS)",For Ransom - of Children,2,1,0,0,2,Crimes Against Persons,8,Kidnapping,0.95,substring
877,CRIME_REVIEW_FOR_THE_MONTH_OF_MAY_2026.csv,5,2026,110,A - IPC Crime,"KIDNAPPING AND ABDUCTION (Sec.360, 361, 363 to 369 IPC/137(1)(A),137(1)(B),137(2),140 TO 142,97 BNS)",For Ransom - of Cildren for Begging,0,0,0,0,2,Crimes Against Persons,8,Kidnapping,0.95,substring
878,CRIME_REVIEW_FOR_THE_MONTH_OF_MAY_2026.csv,5,2026,111,A - IPC Crime,"KIDNAPPING AND ABDUCTION (Sec.360, 361, 363 to 369 IPC/137(1)(A),137(1)(B),137(2),140 TO 142,97 BNS)",For Ransom - of Women,1,2,1,0,2,Crimes Against Persons,8,Kidnapping,0.95,substring
879,CRIME_REVIEW_FOR_THE_MONTH_OF_MAY_2026.csv,5,2026,112,A - IPC Crime,"KIDNAPPING AND ABDUCTION (Sec.360, 361, 363 to 369 IPC/137(1)(A),137(1)(B),137(2),140 TO 142,97 BNS)",For Ransom - of Girls for Immoral Purpose,1,0,0,0,2,Crimes Against Persons,8,Kidnapping,0.95,substring
880,CRIME_REVIEW_FOR_THE_MONTH_OF_MAY_2026.csv,5,2026,113,A - IPC Crime,"KIDNAPPING AND ABDUCTION (Sec.360, 361, 363 to 369 IPC/137(1)(A),137(1)(B),137(2),140 TO 142,97 BNS)",For Ransom - of  Others,20,4,6,4,2,Crimes Against Persons,8,Kidnapping,0.95,substring
881,CRIME_REVIEW_FOR_THE_MONTH_OF_MAY_2026.csv,5,2026,114,A - IPC Crime,"KIDNAPPING AND ABDUCTION (Sec.360, 361, 363 to 369 IPC/137(1)(A),137(1)(B),137(2),140 TO 142,97 BNS)",Procuration of Minor Girls - For Prostitution,0,0,0,0,2,Crimes Against Persons,8,Kidnapping,0.95,substring
882,CRIME_REVIEW_FOR_THE_MONTH_OF_MAY_2026.csv,5,2026,115,A - IPC Crime,"KIDNAPPING AND ABDUCTION (Sec.360, 361, 363 to 369 IPC/137(1)(A),137(1)(B),137(2),140 TO 142,97 BNS)",Procuration of Minor Girls - Importring of Girl,0,0,0,0,2,Crimes Against Persons,8,Kidnapping,0.95,substring
883,CRIME_REVIEW_FOR_THE_MONTH_OF_MAY_2026.csv,5,2026,116,A - IPC Crime,"KIDNAPPING AND ABDUCTION (Sec.360, 361, 363 to 369 IPC/137(1)(A),137(1)(B),137(2),140 TO 142,97 BNS)",Procuration of Minor Girls - For other Purpose,1,0,0,1,2,Crimes Against Persons,8,Kidnapping,0.95,substring
884,CRIME_REVIEW_FOR_THE_MONTH_OF_MAY_2026.csv,5,2026,117,A - IPC Crime,"KIDNAPPING AND ABDUCTION (Sec.360, 361, 363 to 369 IPC/137(1)(A),137(1)(B),137(2),140 TO 142,97 BNS)",Espionage,0,0,0,0,2,Crimes Against Persons,8,Kidnapping,0.95,substring
885,CRIME_REVIEW_FOR_THE_MONTH_OF_MAY_2026.csv,5,2026,118,A - IPC Crime,"KIDNAPPING AND ABDUCTION (Sec.360, 361, 363 to 369 IPC/137(1)(A),137(1)(B),137(2),140 TO 142,97 BNS)",Intent to Steal From Child,0,0,0,0,2,Crimes Against Persons,8,Kidnapping,0.95,substring
886,CRIME_REVIEW_FOR_THE_MONTH_OF_MAY_2026.csv,5,2026,119,A - IPC Crime,"KIDNAPPING AND ABDUCTION (Sec.360, 361, 363 to 369 IPC/137(1)(A),137(1)(B),137(2),140 TO 142,97 BNS)",Murder (Homicide),0,0,0,0,2,Crimes Against Persons,7,Murder,0.95,substring
887,CRIME_REVIEW_FOR_THE_MONTH_OF_MAY_2026.csv,5,2026,120,A - IPC Crime,"KIDNAPPING AND ABDUCTION (Sec.360, 361, 363 to 369 IPC/137(1)(A),137(1)(B),137(2),140 TO 142,97 BNS)",Obtain Signature Forcibly,1,0,0,0,2,Crimes Against Persons,8,Kidnapping,0.95,substring
888,CRIME_REVIEW_FOR_THE_MONTH_OF_MAY_2026.csv,5,2026,121,A - IPC Crime,"KIDNAPPING AND ABDUCTION (Sec.360, 361, 363 to 369 IPC/137(1)(A),137(1)(B),137(2),140 TO 142,97 BNS)",Recovering Loan,2,0,0,1,2,Crimes Against Persons,8,Kidnapping,0.95,substring
889,CRIME_REVIEW_FOR_THE_MONTH_OF_MAY_2026.csv,5,2026,122,A - IPC Crime,"KIDNAPPING AND ABDUCTION (Sec.360, 361, 363 to 369 IPC/137(1)(A),137(1)(B),137(2),140 TO 142,97 BNS)",Settling any Disputes,0,1,0,0,2,Crimes Against Persons,8,Kidnapping,0.95,substring
890,CRIME_REVIEW_FOR_THE_MONTH_OF_MAY_2026.csv,5,2026,123,A - IPC Crime,"KIDNAPPING AND ABDUCTION (Sec.360, 361, 363 to 369 IPC/137(1)(A),137(1)(B),137(2),140 TO 142,97 BNS)",Unnatural Lust / Illicit Intercourse,0,0,0,0,2,Crimes Against Persons,8,Kidnapping,0.95,substring
891,CRIME_REVIEW_FOR_THE_MONTH_OF_MAY_2026.csv,5,2026,124,A - IPC Crime,"KIDNAPPING AND ABDUCTION (Sec.360, 361, 363 to 369 IPC/137(1)(A),137(1)(B),137(2),140 TO 142,97 BNS)",Wrongful Confinement,13,0,2,4,2,Crimes Against Persons,8,Kidnapping,0.95,substring
892,CRIME_REVIEW_FOR_THE_MONTH_OF_MAY_2026.csv,5,2026,125,A - IPC Crime,"KIDNAPPING AND ABDUCTION (Sec.360, 361, 363 to 369 IPC/137(1)(A),137(1)(B),137(2),140 TO 142,97 BNS)",For Exporting,0,0,0,0,2,Crimes Against Persons,8,Kidnapping,0.95,substring
893,CRIME_REVIEW_FOR_THE_MONTH_OF_MAY_2026.csv,5,2026,126,A - IPC Crime,"KIDNAPPING AND ABDUCTION (Sec.360, 361, 363 to 369 IPC/137(1)(A),137(1)(B),137(2),140 TO 142,97 BNS)",From Lawful Guardianship,3,1,1,1,2,Crimes Against Persons,8,Kidnapping,0.95,substring
894,CRIME_REVIEW_FOR_THE_MONTH_OF_MAY_2026.csv,5,2026,127,A - IPC Crime,"KIDNAPPING AND ABDUCTION (Sec.360, 361, 363 to 369 IPC/137(1)(A),137(1)(B),137(2),140 TO 142,97 BNS)",For Camel Racing Etc.,0,0,0,0,2,Crimes Against Persons,8,Kidnapping,0.95,substring
895,CRIME_REVIEW_FOR_THE_MONTH_OF_MAY_2026.csv,5,2026,128,A - IPC Crime,"KIDNAPPING AND ABDUCTION (Sec.360, 361, 363 to 369 IPC/137(1)(A),137(1)(B),137(2),140 TO 142,97 BNS)",To Compel For Marriage,1,1,0,0,2,Crimes Against Persons,8,Kidnapping,0.95,substring
896,CRIME_REVIEW_FOR_THE_MONTH_OF_MAY_2026.csv,5,2026,129,A - IPC Crime,"KIDNAPPING AND ABDUCTION (Sec.360, 361, 363 to 369 IPC/137(1)(A),137(1)(B),137(2),140 TO 142,97 BNS)",For Slavery,0,0,0,0,2,Crimes Against Persons,8,Kidnapping,0.95,substring
897,CRIME_REVIEW_FOR_THE_MONTH_OF_MAY_2026.csv,5,2026,130,A - IPC Crime,"KIDNAPPING AND ABDUCTION (Sec.360, 361, 363 to 369 IPC/137(1)(A),137(1)(B),137(2),140 TO 142,97 BNS)",For Stealing From its Person,0,0,0,0,2,Crimes Against Persons,8,Kidnapping,0.95,substring
898,CRIME_REVIEW_FOR_THE_MONTH_OF_MAY_2026.csv,5,2026,131,A - IPC Crime,"KIDNAPPING AND ABDUCTION (Sec.360, 361, 363 to 369 IPC/137(1)(A),137(1)(B),137(2),140 TO 142,97 BNS)",Others,156,28,29,51,2,Crimes Against Persons,8,Kidnapping,0.95,substring
899,CRIME_REVIEW_FOR_THE_MONTH_OF_MAY_2026.csv,5,2026,132,A - IPC Crime,"DACOITY (Sec. 395 to 398 IPC/310(2),310(4),311,312 BNS)",At ATM,0,0,0,0,3,Cyber Crime,,,0.4,token_overlap
900,CRIME_REVIEW_FOR_THE_MONTH_OF_MAY_2026.csv,5,2026,133,A - IPC Crime,"DACOITY (Sec. 395 to 398 IPC/310(2),310(4),311,312 BNS)",At Residential Premises,18,1,5,6,3,Cyber Crime,,,0.4,token_overlap
901,CRIME_REVIEW_FOR_THE_MONTH_OF_MAY_2026.csv,5,2026,134,A - IPC Crime,"DACOITY (Sec. 395 to 398 IPC/310(2),310(4),311,312 BNS)",On Highways,11,0,0,2,3,Cyber Crime,,,0.4,token_overlap
902,CRIME_REVIEW_FOR_THE_MONTH_OF_MAY_2026.csv,5,2026,135,A - IPC Crime,"DACOITY (Sec. 395 to 398 IPC/310(2),310(4),311,312 BNS)",In Trains,0,0,0,0,3,Cyber Crime,,,0.4,token_overlap
903,CRIME_REVIEW_FOR_THE_MONTH_OF_MAY_2026.csv,5,2026,136,A - IPC Crime,"DACOITY (Sec. 395 to 398 IPC/310(2),310(4),311,312 BNS)",At Banks,0,0,0,0,3,Cyber Crime,,,0.4,token_overlap
904,CRIME_REVIEW_FOR_THE_MONTH_OF_MAY_2026.csv,5,2026,137,A - IPC Crime,"DACOITY (Sec. 395 to 398 IPC/310(2),310(4),311,312 BNS)",At Commercial Places / Establishments,2,1,0,1,3,Cyber Crime,,,0.4,token_overlap
905,CRIME_REVIEW_FOR_THE_MONTH_OF_MAY_2026.csv,5,2026,138,A - IPC Crime,"DACOITY (Sec. 395 to 398 IPC/310(2),310(4),311,312 BNS)",On Other Roads,11,3,1,2,3,Cyber Crime,,,0.4,token_overlap
906,CRIME_REVIEW_FOR_THE_MONTH_OF_MAY_2026.csv,5,2026,139,A - IPC Crime,"DACOITY (Sec. 395 to 398 IPC/310(2),310(4),311,312 BNS)",In Other Places,21,0,2,4,3,Cyber Crime,,,0.4,token_overlap
907,CRIME_REVIEW_FOR_THE_MONTH_OF_MAY_2026.csv,5,2026,140,A - IPC Crime,"DACOITY (Sec. 395 to 398 IPC/310(2),310(4),311,312 BNS)",River & Sea,0,0,0,0,3,Cyber Crime,,,0.4,token_overlap
908,CRIME_REVIEW_FOR_THE_MONTH_OF_MAY_2026.csv,5,2026,141,A - IPC Crime,"DACOITY (Sec. 395 to 398 IPC/310(2),310(4),311,312 BNS)",Preparation And Assembly for Dacoity,10,8,2,1,3,Cyber Crime,,,0.4,token_overlap
909,CRIME_REVIEW_FOR_THE_MONTH_OF_MAY_2026.csv,5,2026,142,A - IPC Crime,"Robbery (Sec.392 to 394 IPC/309(4),309(5),309(6) BNS)",At ATM,0,0,0,0,3,Cyber Crime,,,0.4,token_overlap
910,CRIME_REVIEW_FOR_THE_MONTH_OF_MAY_2026.csv,5,2026,143,A - IPC Crime,"Robbery (Sec.392 to 394 IPC/309(4),309(5),309(6) BNS)",At Residential Premises,44,7,8,8,3,Cyber Crime,,,0.4,token_overlap
911,CRIME_REVIEW_FOR_THE_MONTH_OF_MAY_2026.csv,5,2026,144,A - IPC Crime,"Robbery (Sec.392 to 394 IPC/309(4),309(5),309(6) BNS)",On Highways,30,2,7,9,3,Cyber Crime,,,0.4,token_overlap
912,CRIME_REVIEW_FOR_THE_MONTH_OF_MAY_2026.csv,5,2026,145,A - IPC Crime,"Robbery (Sec.392 to 394 IPC/309(4),309(5),309(6) BNS)",In Trains,1,0,0,1,3,Cyber Crime,,,0.4,token_overlap
913,CRIME_REVIEW_FOR_THE_MONTH_OF_MAY_2026.csv,5,2026,146,A - IPC Crime,"Robbery (Sec.392 to 394 IPC/309(4),309(5),309(6) BNS)",At Banks,0,0,0,0,3,Cyber Crime,,,0.4,token_overlap
914,CRIME_REVIEW_FOR_THE_MONTH_OF_MAY_2026.csv,5,2026,147,A - IPC Crime,"Robbery (Sec.392 to 394 IPC/309(4),309(5),309(6) BNS)",At Commercial Places / Establishments,22,3,3,4,3,Cyber Crime,,,0.4,token_overlap
915,CRIME_REVIEW_FOR_THE_MONTH_OF_MAY_2026.csv,5,2026,148,A - IPC Crime,"Robbery (Sec.392 to 394 IPC/309(4),309(5),309(6) BNS)",In Other Places,173,30,25,38,3,Cyber Crime,,,0.4,token_overlap
916,CRIME_REVIEW_FOR_THE_MONTH_OF_MAY_2026.csv,5,2026,149,A - IPC Crime,"Robbery (Sec.392 to 394 IPC/309(4),309(5),309(6) BNS)",Chain Snatching,167,40,31,36,1,Theft & Burglary,3,Chain Snatching,0.95,substring
917,CRIME_REVIEW_FOR_THE_MONTH_OF_MAY_2026.csv,5,2026,150,A - IPC Crime,"Robbery (Sec.392 to 394 IPC/309(4),309(5),309(6) BNS)",Attempt to Commit,24,2,7,5,3,Cyber Crime,,,0.4,token_overlap
918,CRIME_REVIEW_FOR_THE_MONTH_OF_MAY_2026.csv,5,2026,151,A - IPC Crime,"BURGLARY - NIGHT (Sec. 380 IPC R/W 453 TO 460, 462 IPC/305,R/W 331(1) TO 331(8),334(2) BNS)",At Residential Premises,1057,212,231,236,1,Theft & Burglary,,,0.4,token_overlap
919,CRIME_REVIEW_FOR_THE_MONTH_OF_MAY_2026.csv,5,2026,152,A - IPC Crime,"BURGLARY - NIGHT (Sec. 380 IPC R/W 453 TO 460, 462 IPC/305,R/W 331(1) TO 331(8),334(2) BNS)",On Highways,1,0,0,0,1,Theft & Burglary,,,0.4,token_overlap
920,CRIME_REVIEW_FOR_THE_MONTH_OF_MAY_2026.csv,5,2026,153,A - IPC Crime,"BURGLARY - NIGHT (Sec. 380 IPC R/W 453 TO 460, 462 IPC/305,R/W 331(1) TO 331(8),334(2) BNS)",In Trains,0,0,0,0,1,Theft & Burglary,,,0.4,token_overlap
921,CRIME_REVIEW_FOR_THE_MONTH_OF_MAY_2026.csv,5,2026,154,A - IPC Crime,"BURGLARY - NIGHT (Sec. 380 IPC R/W 453 TO 460, 462 IPC/305,R/W 331(1) TO 331(8),334(2) BNS)",At Banks,15,1,3,1,1,Theft & Burglary,,,0.4,token_overlap
922,CRIME_REVIEW_FOR_THE_MONTH_OF_MAY_2026.csv,5,2026,155,A - IPC Crime,"BURGLARY - NIGHT (Sec. 380 IPC R/W 453 TO 460, 462 IPC/305,R/W 331(1) TO 331(8),334(2) BNS)",At Commercial Places / Establishments,201,57,37,33,1,Theft & Burglary,,,0.4,token_overlap
923,CRIME_REVIEW_FOR_THE_MONTH_OF_MAY_2026.csv,5,2026,156,A - IPC Crime,"BURGLARY - NIGHT (Sec. 380 IPC R/W 453 TO 460, 462 IPC/305,R/W 331(1) TO 331(8),334(2) BNS)",In Other Places,134,29,28,30,1,Theft & Burglary,,,0.4,token_overlap
924,CRIME_REVIEW_FOR_THE_MONTH_OF_MAY_2026.csv,5,2026,157,A - IPC Crime,"BURGLARY - NIGHT (Sec. 380 IPC R/W 453 TO 460, 462 IPC/305,R/W 331(1) TO 331(8),334(2) BNS)",Temple Theft,165,34,30,24,1,Theft & Burglary,,,0.9,substring
925,CRIME_REVIEW_FOR_THE_MONTH_OF_MAY_2026.csv,5,2026,158,A - IPC Crime,"BURGLARY - DAY (Sec. 380 IPC R/W 453 TO 460, 462 IPC/305,R/W 331(1) TO 331(8), 334(2) BNS)",At Residential Premises,351,81,69,51,1,Theft & Burglary,,,0.4,token_overlap
926,CRIME_REVIEW_FOR_THE_MONTH_OF_MAY_2026.csv,5,2026,159,A - IPC Crime,"BURGLARY - DAY (Sec. 380 IPC R/W 453 TO 460, 462 IPC/305,R/W 331(1) TO 331(8), 334(2) BNS)",On Highways,0,0,0,0,1,Theft & Burglary,,,0.4,token_overlap
927,CRIME_REVIEW_FOR_THE_MONTH_OF_MAY_2026.csv,5,2026,160,A - IPC Crime,"BURGLARY - DAY (Sec. 380 IPC R/W 453 TO 460, 462 IPC/305,R/W 331(1) TO 331(8), 334(2) BNS)",In Trains,0,0,0,0,1,Theft & Burglary,,,0.4,token_overlap
928,CRIME_REVIEW_FOR_THE_MONTH_OF_MAY_2026.csv,5,2026,161,A - IPC Crime,"BURGLARY - DAY (Sec. 380 IPC R/W 453 TO 460, 462 IPC/305,R/W 331(1) TO 331(8), 334(2) BNS)",At Banks,0,0,0,0,1,Theft & Burglary,,,0.4,token_overlap
929,CRIME_REVIEW_FOR_THE_MONTH_OF_MAY_2026.csv,5,2026,162,A - IPC Crime,"BURGLARY - DAY (Sec. 380 IPC R/W 453 TO 460, 462 IPC/305,R/W 331(1) TO 331(8), 334(2) BNS)",At Commercial Places / Establishments,16,5,0,4,1,Theft & Burglary,,,0.4,token_overlap
930,CRIME_REVIEW_FOR_THE_MONTH_OF_MAY_2026.csv,5,2026,163,A - IPC Crime,"BURGLARY - DAY (Sec. 380 IPC R/W 453 TO 460, 462 IPC/305,R/W 331(1) TO 331(8), 334(2) BNS)",In Other Places,12,3,2,1,1,Theft & Burglary,,,0.4,token_overlap
931,CRIME_REVIEW_FOR_THE_MONTH_OF_MAY_2026.csv,5,2026,164,A - IPC Crime,"BURGLARY - DAY (Sec. 380 IPC R/W 453 TO 460, 462 IPC/305,R/W 331(1) TO 331(8), 334(2) BNS)",Temple Theft,8,0,3,1,1,Theft & Burglary,,,0.9,substring
932,CRIME_REVIEW_FOR_THE_MONTH_OF_MAY_2026.csv,5,2026,165,A - IPC Crime,THEFT (Sec.379 to 389 IPC/303(2) TO 308(7) BNS),Attempt to commit,36,9,7,8,1,Theft & Burglary,,,0.4,token_overlap
933,CRIME_REVIEW_FOR_THE_MONTH_OF_MAY_2026.csv,5,2026,166,A - IPC Crime,THEFT (Sec.379 to 389 IPC/303(2) TO 308(7) BNS),Of Automobiles - Of Tractors,25,8,4,6,1,Theft & Burglary,,,0.4,token_overlap
934,CRIME_REVIEW_FOR_THE_MONTH_OF_MAY_2026.csv,5,2026,167,A - IPC Crime,THEFT (Sec.379 to 389 IPC/303(2) TO 308(7) BNS),In Running Bus,60,7,22,9,1,Theft & Burglary,,,0.4,token_overlap
935,CRIME_REVIEW_FOR_THE_MONTH_OF_MAY_2026.csv,5,2026,168,A - IPC Crime,THEFT (Sec.379 to 389 IPC/303(2) TO 308(7) BNS),Of Snatching,196,43,26,48,1,Theft & Burglary,,,0.4,token_overlap
936,CRIME_REVIEW_FOR_THE_MONTH_OF_MAY_2026.csv,5,2026,169,A - IPC Crime,THEFT (Sec.379 to 389 IPC/303(2) TO 308(7) BNS),At ATM,10,4,1,0,1,Theft & Burglary,,,0.4,token_overlap
937,CRIME_REVIEW_FOR_THE_MONTH_OF_MAY_2026.csv,5,2026,170,A - IPC Crime,THEFT (Sec.379 to 389 IPC/303(2) TO 308(7) BNS),Of Sand,839,106,139,186,1,Theft & Burglary,,,0.4,token_overlap
938,CRIME_REVIEW_FOR_THE_MONTH_OF_MAY_2026.csv,5,2026,171,A - IPC Crime,THEFT (Sec.379 to 389 IPC/303(2) TO 308(7) BNS),Government Office,14,3,4,3,1,Theft & Burglary,,,0.4,token_overlap
939,CRIME_REVIEW_FOR_THE_MONTH_OF_MAY_2026.csv,5,2026,172,A - IPC Crime,THEFT (Sec.379 to 389 IPC/303(2) TO 308(7) BNS),Of Mines,35,4,7,10,1,Theft & Burglary,,,0.4,token_overlap
940,CRIME_REVIEW_FOR_THE_MONTH_OF_MAY_2026.csv,5,2026,173,A - IPC Crime,THEFT (Sec.379 to 389 IPC/303(2) TO 308(7) BNS),Communication And Elec. Wire,155,15,37,23,1,Theft & Burglary,,,0.4,token_overlap
941,CRIME_REVIEW_FOR_THE_MONTH_OF_MAY_2026.csv,5,2026,174,A - IPC Crime,THEFT (Sec.379 to 389 IPC/303(2) TO 308(7) BNS),Of Cattle,245,35,36,52,1,Theft & Burglary,,,0.4,token_overlap
942,CRIME_REVIEW_FOR_THE_MONTH_OF_MAY_2026.csv,5,2026,175,A - IPC Crime,THEFT (Sec.379 to 389 IPC/303(2) TO 308(7) BNS),Of Cycle,10,2,2,1,1,Theft & Burglary,,,0.4,token_overlap
943,CRIME_REVIEW_FOR_THE_MONTH_OF_MAY_2026.csv,5,2026,176,A - IPC Crime,THEFT (Sec.379 to 389 IPC/303(2) TO 308(7) BNS),Of Automobiles - Of Lorries/Trucks,32,13,8,8,1,Theft & Burglary,,,0.4,token_overlap
944,CRIME_REVIEW_FOR_THE_MONTH_OF_MAY_2026.csv,5,2026,177,A - IPC Crime,THEFT (Sec.379 to 389 IPC/303(2) TO 308(7) BNS),Of Automobiles - Of Buses,5,0,2,2,1,Theft & Burglary,,,0.4,token_overlap
945,CRIME_REVIEW_FOR_THE_MONTH_OF_MAY_2026.csv,5,2026,178,A - IPC Crime,THEFT (Sec.379 to 389 IPC/303(2) TO 308(7) BNS),Of Automobiles - Of Cars / Jeeps,80,32,17,18,1,Theft & Burglary,,,0.4,token_overlap
946,CRIME_REVIEW_FOR_THE_MONTH_OF_MAY_2026.csv,5,2026,179,A - IPC Crime,THEFT (Sec.379 to 389 IPC/303(2) TO 308(7) BNS),Of Automobiles - Of Two Wheelers,3549,706,751,716,1,Theft & Burglary,,,0.4,token_overlap
947,CRIME_REVIEW_FOR_THE_MONTH_OF_MAY_2026.csv,5,2026,180,A - IPC Crime,THEFT (Sec.379 to 389 IPC/303(2) TO 308(7) BNS),Of Automobies - of Three Wheelers,76,20,20,11,1,Theft & Burglary,,,0.4,token_overlap
948,CRIME_REVIEW_FOR_THE_MONTH_OF_MAY_2026.csv,5,2026,181,A - IPC Crime,THEFT (Sec.379 to 389 IPC/303(2) TO 308(7) BNS),Of Accessories of Motor Vehicle,49,22,8,6,1,Theft & Burglary,2,Vehicle Theft,0.95,substring
949,CRIME_REVIEW_FOR_THE_MONTH_OF_MAY_2026.csv,5,2026,182,A - IPC Crime,THEFT (Sec.379 to 389 IPC/303(2) TO 308(7) BNS),Govt. Vehicle,0,0,0,0,1,Theft & Burglary,2,Vehicle Theft,0.95,substring
950,CRIME_REVIEW_FOR_THE_MONTH_OF_MAY_2026.csv,5,2026,183,A - IPC Crime,THEFT (Sec.379 to 389 IPC/303(2) TO 308(7) BNS),"Electronic Goods (Radio, TV, VCR, Acs, Office Automation Equipments)",354,88,67,70,1,Theft & Burglary,,,0.4,token_overlap
951,CRIME_REVIEW_FOR_THE_MONTH_OF_MAY_2026.csv,5,2026,184,A - IPC Crime,THEFT (Sec.379 to 389 IPC/303(2) TO 308(7) BNS),Of Fire Arms,1,1,0,0,1,Theft & Burglary,,,0.4,token_overlap
952,CRIME_REVIEW_FOR_THE_MONTH_OF_MAY_2026.csv,5,2026,185,A - IPC Crime,THEFT (Sec.379 to 389 IPC/303(2) TO 308(7) BNS),Of Explosives,0,0,0,0,1,Theft & Burglary,,,0.4,token_overlap
953,CRIME_REVIEW_FOR_THE_MONTH_OF_MAY_2026.csv,5,2026,186,A - IPC Crime,THEFT (Sec.379 to 389 IPC/303(2) TO 308(7) BNS),Of Cultural - Idols,2,3,1,0,1,Theft & Burglary,,,0.4,token_overlap
954,CRIME_REVIEW_FOR_THE_MONTH_OF_MAY_2026.csv,5,2026,187,A - IPC Crime,THEFT (Sec.379 to 389 IPC/303(2) TO 308(7) BNS),Of Cultural - Painting,0,0,0,0,1,Theft & Burglary,,,0.4,token_overlap
955,CRIME_REVIEW_FOR_THE_MONTH_OF_MAY_2026.csv,5,2026,188,A - IPC Crime,THEFT (Sec.379 to 389 IPC/303(2) TO 308(7) BNS),Of Cultrual - Others,80,13,17,15,1,Theft & Burglary,,,0.4,token_overlap
956,CRIME_REVIEW_FOR_THE_MONTH_OF_MAY_2026.csv,5,2026,189,A - IPC Crime,THEFT (Sec.379 to 389 IPC/303(2) TO 308(7) BNS),Cash,172,44,30,37,1,Theft & Burglary,,,0.4,token_overlap
957,CRIME_REVIEW_FOR_THE_MONTH_OF_MAY_2026.csv,5,2026,190,A - IPC Crime,THEFT (Sec.379 to 389 IPC/303(2) TO 308(7) BNS),Jewellery,605,150,133,133,1,Theft & Burglary,,,0.4,token_overlap
958,CRIME_REVIEW_FOR_THE_MONTH_OF_MAY_2026.csv,5,2026,191,A - IPC Crime,THEFT (Sec.379 to 389 IPC/303(2) TO 308(7) BNS),Other Items Not Included Above,702,140,138,140,1,Theft & Burglary,,,0.4,token_overlap
959,CRIME_REVIEW_FOR_THE_MONTH_OF_MAY_2026.csv,5,2026,192,A - IPC Crime,THEFT (Sec.379 to 389 IPC/303(2) TO 308(7) BNS),In Running Train,12,3,3,4,1,Theft & Burglary,,,0.4,token_overlap
960,CRIME_REVIEW_FOR_THE_MONTH_OF_MAY_2026.csv,5,2026,193,A - IPC Crime,THEFT (Sec.379 to 389 IPC/303(2) TO 308(7) BNS),Extortion,95,21,11,27,1,Theft & Burglary,,,0.4,token_overlap
961,CRIME_REVIEW_FOR_THE_MONTH_OF_MAY_2026.csv,5,2026,194,A - IPC Crime,THEFT (Sec.379 to 389 IPC/303(2) TO 308(7) BNS),House Theft,823,167,139,170,1,Theft & Burglary,,,0.4,token_overlap
962,CRIME_REVIEW_FOR_THE_MONTH_OF_MAY_2026.csv,5,2026,195,A - IPC Crime,THEFT (Sec.379 to 389 IPC/303(2) TO 308(7) BNS),Servant Theft,249,48,55,37,1,Theft & Burglary,,,0.4,token_overlap
963,CRIME_REVIEW_FOR_THE_MONTH_OF_MAY_2026.csv,5,2026,196,A - IPC Crime,"RIOTS (Sec.141 to 153 IPC/189(1) TO 189(6),191(1)TO 191(3), 190,192,195 BNS))",Land Dispute,439,87,85,114,3,Cyber Crime,,,0.4,token_overlap
964,CRIME_REVIEW_FOR_THE_MONTH_OF_MAY_2026.csv,5,2026,197,A - IPC Crime,"RIOTS (Sec.141 to 153 IPC/189(1) TO 189(6),191(1)TO 191(3), 190,192,195 BNS))",Employee - Govt.,0,0,0,0,3,Cyber Crime,,,0.4,token_overlap
965,CRIME_REVIEW_FOR_THE_MONTH_OF_MAY_2026.csv,5,2026,198,A - IPC Crime,"RIOTS (Sec.141 to 153 IPC/189(1) TO 189(6),191(1)TO 191(3), 190,192,195 BNS))",Labour - Private Sector,1,0,0,0,3,Cyber Crime,,,0.4,token_overlap
966,CRIME_REVIEW_FOR_THE_MONTH_OF_MAY_2026.csv,5,2026,199,A - IPC Crime,"RIOTS (Sec.141 to 153 IPC/189(1) TO 189(6),191(1)TO 191(3), 190,192,195 BNS))",Labour - Public Sector,0,0,0,0,3,Cyber Crime,,,0.4,token_overlap
967,CRIME_REVIEW_FOR_THE_MONTH_OF_MAY_2026.csv,5,2026,200,A - IPC Crime,"RIOTS (Sec.141 to 153 IPC/189(1) TO 189(6),191(1)TO 191(3), 190,192,195 BNS))",Linguistic,1,0,0,1,3,Cyber Crime,,,0.4,token_overlap
968,CRIME_REVIEW_FOR_THE_MONTH_OF_MAY_2026.csv,5,2026,201,A - IPC Crime,"RIOTS (Sec.141 to 153 IPC/189(1) TO 189(6),191(1)TO 191(3), 190,192,195 BNS))",Political,3,0,2,0,3,Cyber Crime,,,0.4,token_overlap
969,CRIME_REVIEW_FOR_THE_MONTH_OF_MAY_2026.csv,5,2026,202,A - IPC Crime,"RIOTS (Sec.141 to 153 IPC/189(1) TO 189(6),191(1)TO 191(3), 190,192,195 BNS))",Regional,3,0,0,0,3,Cyber Crime,,,0.4,token_overlap
970,CRIME_REVIEW_FOR_THE_MONTH_OF_MAY_2026.csv,5,2026,203,A - IPC Crime,"RIOTS (Sec.141 to 153 IPC/189(1) TO 189(6),191(1)TO 191(3), 190,192,195 BNS))",Sectarian,0,0,0,0,3,Cyber Crime,,,0.4,token_overlap
971,CRIME_REVIEW_FOR_THE_MONTH_OF_MAY_2026.csv,5,2026,204,A - IPC Crime,"RIOTS (Sec.141 to 153 IPC/189(1) TO 189(6),191(1)TO 191(3), 190,192,195 BNS))",Students,2,0,1,0,3,Cyber Crime,,,0.4,token_overlap
972,CRIME_REVIEW_FOR_THE_MONTH_OF_MAY_2026.csv,5,2026,205,A - IPC Crime,"RIOTS (Sec.141 to 153 IPC/189(1) TO 189(6),191(1)TO 191(3), 190,192,195 BNS))",Tribal,0,0,0,0,3,Cyber Crime,,,0.4,token_overlap
973,CRIME_REVIEW_FOR_THE_MONTH_OF_MAY_2026.csv,5,2026,206,A - IPC Crime,"RIOTS (Sec.141 to 153 IPC/189(1) TO 189(6),191(1)TO 191(3), 190,192,195 BNS))",Due to Village Disputes,9,3,3,2,3,Cyber Crime,,,0.4,token_overlap
974,CRIME_REVIEW_FOR_THE_MONTH_OF_MAY_2026.csv,5,2026,207,A - IPC Crime,"RIOTS (Sec.141 to 153 IPC/189(1) TO 189(6),191(1)TO 191(3), 190,192,195 BNS))",Communal,4,0,0,0,3,Cyber Crime,,,0.4,token_overlap
975,CRIME_REVIEW_FOR_THE_MONTH_OF_MAY_2026.csv,5,2026,208,A - IPC Crime,"RIOTS (Sec.141 to 153 IPC/189(1) TO 189(6),191(1)TO 191(3), 190,192,195 BNS))",Industrial,4,0,2,0,3,Cyber Crime,,,0.4,token_overlap
976,CRIME_REVIEW_FOR_THE_MONTH_OF_MAY_2026.csv,5,2026,209,A - IPC Crime,"RIOTS (Sec.141 to 153 IPC/189(1) TO 189(6),191(1)TO 191(3), 190,192,195 BNS))",Caste,1,0,1,0,3,Cyber Crime,,,0.4,token_overlap
977,CRIME_REVIEW_FOR_THE_MONTH_OF_MAY_2026.csv,5,2026,210,A - IPC Crime,"RIOTS (Sec.141 to 153 IPC/189(1) TO 189(6),191(1)TO 191(3), 190,192,195 BNS))",Agrarian,0,0,0,0,3,Cyber Crime,,,0.4,token_overlap
978,CRIME_REVIEW_FOR_THE_MONTH_OF_MAY_2026.csv,5,2026,211,A - IPC Crime,"RIOTS (Sec.141 to 153 IPC/189(1) TO 189(6),191(1)TO 191(3), 190,192,195 BNS))",Others,1174,206,249,266,3,Cyber Crime,,,0.4,token_overlap
979,CRIME_REVIEW_FOR_THE_MONTH_OF_MAY_2026.csv,5,2026,212,A - IPC Crime,"OFFENCES AGAINST STATE (Sec. 121 to 130, except 124(A) IPC/147 TO 158 BNS)",NA,0,0,0,0,2,Crimes Against Persons,,,0.4,token_overlap
980,CRIME_REVIEW_FOR_THE_MONTH_OF_MAY_2026.csv,5,2026,213,A - IPC Crime,"OFFENCES PROMOTING ENEMITY (Sec. 153(A), 154(B) & 505 IPC/196, 197 & 353 BNS",NA,85,45,12,11,3,Cyber Crime,,,0.4,token_overlap
981,CRIME_REVIEW_FOR_THE_MONTH_OF_MAY_2026.csv,5,2026,214,A - IPC Crime,CRIMINAL BREACH OF TRUST (Sec. 406 to 409 IPC/316(2) to 316(5) BNS),NA,393,62,86,68,3,Cyber Crime,,,0.4,token_overlap
982,CRIME_REVIEW_FOR_THE_MONTH_OF_MAY_2026.csv,5,2026,215,A - IPC Crime,"CHEATING (Sec.417 to 420 IPC/318(2)to 318(4), 319(2) BNS)",NA,2278,462,454,473,3,Cyber Crime,,,0.4,token_overlap
983,CRIME_REVIEW_FOR_THE_MONTH_OF_MAY_2026.csv,5,2026,216,A - IPC Crime,"COUNTERFEITING (Sec. 231 to 263 (A), 489(A) to 489 (E) IPC/178 TO 185 BNS)","Stock Share, Debentrue Certificate",0,0,0,0,3,Cyber Crime,,,0.4,token_overlap
984,CRIME_REVIEW_FOR_THE_MONTH_OF_MAY_2026.csv,5,2026,217,A - IPC Crime,"COUNTERFEITING (Sec. 231 to 263 (A), 489(A) to 489 (E) IPC/178 TO 185 BNS)",Usage of Counterfeit Stamp,0,0,0,0,3,Cyber Crime,,,0.4,token_overlap
985,CRIME_REVIEW_FOR_THE_MONTH_OF_MAY_2026.csv,5,2026,218,A - IPC Crime,"COUNTERFEITING (Sec. 231 to 263 (A), 489(A) to 489 (E) IPC/178 TO 185 BNS)",Of Coins (Sec 231 to 254 IPC),0,0,0,0,3,Cyber Crime,,,0.4,token_overlap
986,CRIME_REVIEW_FOR_THE_MONTH_OF_MAY_2026.csv,5,2026,219,A - IPC Crime,"COUNTERFEITING (Sec. 231 to 263 (A), 489(A) to 489 (E) IPC/178 TO 185 BNS)",Of Stamps (Sec.255 to 263(A) IPC),0,0,0,0,3,Cyber Crime,,,0.4,token_overlap
987,CRIME_REVIEW_FOR_THE_MONTH_OF_MAY_2026.csv,5,2026,220,A - IPC Crime,"COUNTERFEITING (Sec. 231 to 263 (A), 489(A) to 489 (E) IPC/178 TO 185 BNS)",Of Currency Notes And Bank Notes (Sec. 489 (A) to 489 (E) IPC),10,6,3,1,3,Cyber Crime,,,0.4,token_overlap
988,CRIME_REVIEW_FOR_THE_MONTH_OF_MAY_2026.csv,5,2026,221,A - IPC Crime,"COUNTERFEITING (Sec. 231 to 263 (A), 489(A) to 489 (E) IPC/178 TO 185 BNS)",Of Others,0,0,0,0,3,Cyber Crime,,,0.4,token_overlap
989,CRIME_REVIEW_FOR_THE_MONTH_OF_MAY_2026.csv,5,2026,222,A - IPC Crime,"FORGERY (Sec. 465, 468, 471, 473, 476, 477 & 477(A) IPC/336(2),336(3),340(2),341(2),342(2),
343,344 BNS)",Forgery,199,32,32,37,3,Cyber Crime,,,0.4,token_overlap
990,CRIME_REVIEW_FOR_THE_MONTH_OF_MAY_2026.csv,5,2026,223,A - IPC Crime,"FORGERY (Sec. 465, 468, 471, 473, 476, 477 & 477(A) IPC/336(2),336(3),340(2),341(2),342(2),
343,344 BNS)",Organised (Racket),1,0,0,0,3,Cyber Crime,,,0.4,token_overlap
991,CRIME_REVIEW_FOR_THE_MONTH_OF_MAY_2026.csv,5,2026,224,A - IPC Crime,"FORGERY (Sec. 465, 468, 471, 473, 476, 477 & 477(A) IPC/336(2),336(3),340(2),341(2),342(2),
343,344 BNS)",Forgery of Passport,3,0,0,1,3,Cyber Crime,,,0.4,token_overlap
992,CRIME_REVIEW_FOR_THE_MONTH_OF_MAY_2026.csv,5,2026,225,A - IPC Crime,"FORGERY (Sec. 465, 468, 471, 473, 476, 477 & 477(A) IPC/336(2),336(3),340(2),341(2),342(2),
343,344 BNS)",Other Forgery,60,18,11,10,3,Cyber Crime,,,0.4,token_overlap
993,CRIME_REVIEW_FOR_THE_MONTH_OF_MAY_2026.csv,5,2026,226,A - IPC Crime,"CASES OF HURT (Sec. 323 to 335 IPC except 328, 332, 333/115(2) TO 122(2) EXCEPT 121(1),121(2) BNS)",Acid Attack (326(a)),2,2,1,0,3,Cyber Crime,,,0.4,token_overlap
994,CRIME_REVIEW_FOR_THE_MONTH_OF_MAY_2026.csv,5,2026,227,A - IPC Crime,"CASES OF HURT (Sec. 323 to 335 IPC except 328, 332, 333/115(2) TO 122(2) EXCEPT 121(1),121(2) BNS)",Attempt to Acid Attack (326(b)),1,0,0,0,3,Cyber Crime,,,0.4,token_overlap
995,CRIME_REVIEW_FOR_THE_MONTH_OF_MAY_2026.csv,5,2026,228,A - IPC Crime,"CASES OF HURT (Sec. 323 to 335 IPC except 328, 332, 333/115(2) TO 122(2) EXCEPT 121(1),121(2) BNS)",Grievous Hurt,510,110,98,102,3,Cyber Crime,,,0.4,token_overlap
996,CRIME_REVIEW_FOR_THE_MONTH_OF_MAY_2026.csv,5,2026,229,A - IPC Crime,"CASES OF HURT (Sec. 323 to 335 IPC except 328, 332, 333/115(2) TO 122(2) EXCEPT 121(1),121(2) BNS)",Simple Hurt,7615,1295,1658,1608,3,Cyber Crime,,,0.4,token_overlap
997,CRIME_REVIEW_FOR_THE_MONTH_OF_MAY_2026.csv,5,2026,230,A - IPC Crime,"CASES OF HURT (Sec. 323 to 335 IPC except 328, 332, 333/115(2) TO 122(2) EXCEPT 121(1),121(2) BNS)",Custodial,1,1,1,0,3,Cyber Crime,,,0.4,token_overlap
998,CRIME_REVIEW_FOR_THE_MONTH_OF_MAY_2026.csv,5,2026,231,A - IPC Crime,"ADULTERATION (Sec. 272, 273 to 276 IPC/274,275 TO 278 BNS)",Attempt to Commit,0,0,0,0,3,Cyber Crime,,,0.4,token_overlap
999,CRIME_REVIEW_FOR_THE_MONTH_OF_MAY_2026.csv,5,2026,232,A - IPC Crime,"ADULTERATION (Sec. 272, 273 to 276 IPC/274,275 TO 278 BNS)",Alcoholic Drink (Liquor),1,1,0,0,3,Cyber Crime,,,0.4,token_overlap
1000,CRIME_REVIEW_FOR_THE_MONTH_OF_MAY_2026.csv,5,2026,233,A - IPC Crime,"ADULTERATION (Sec. 272, 273 to 276 IPC/274,275 TO 278 BNS)",Cement & Chemical/Fertiliser,0,0,0,0,3,Cyber Crime,,,0.4,token_overlap
1001,CRIME_REVIEW_FOR_THE_MONTH_OF_MAY_2026.csv,5,2026,234,A - IPC Crime,"ADULTERATION (Sec. 272, 273 to 276 IPC/274,275 TO 278 BNS)",Cosmetics,0,0,0,0,3,Cyber Crime,,,0.4,token_overlap
1002,CRIME_REVIEW_FOR_THE_MONTH_OF_MAY_2026.csv,5,2026,235,A - IPC Crime,"ADULTERATION (Sec. 272, 273 to 276 IPC/274,275 TO 278 BNS)",Diesel,0,0,0,0,3,Cyber Crime,,,0.4,token_overlap
1003,CRIME_REVIEW_FOR_THE_MONTH_OF_MAY_2026.csv,5,2026,236,A - IPC Crime,"ADULTERATION (Sec. 272, 273 to 276 IPC/274,275 TO 278 BNS)",Drug/Medicine,4,1,1,0,3,Cyber Crime,,,0.4,token_overlap
1004,CRIME_REVIEW_FOR_THE_MONTH_OF_MAY_2026.csv,5,2026,237,A - IPC Crime,"ADULTERATION (Sec. 272, 273 to 276 IPC/274,275 TO 278 BNS)",Edible Oil,0,0,0,0,3,Cyber Crime,,,0.4,token_overlap
1005,CRIME_REVIEW_FOR_THE_MONTH_OF_MAY_2026.csv,5,2026,238,A - IPC Crime,"ADULTERATION (Sec. 272, 273 to 276 IPC/274,275 TO 278 BNS)",Food Grain,0,0,0,0,3,Cyber Crime,,,0.4,token_overlap
1006,CRIME_REVIEW_FOR_THE_MONTH_OF_MAY_2026.csv,5,2026,239,A - IPC Crime,"ADULTERATION (Sec. 272, 273 to 276 IPC/274,275 TO 278 BNS)",Kerosene,0,0,0,0,3,Cyber Crime,,,0.4,token_overlap
1007,CRIME_REVIEW_FOR_THE_MONTH_OF_MAY_2026.csv,5,2026,240,A - IPC Crime,"ADULTERATION (Sec. 272, 273 to 276 IPC/274,275 TO 278 BNS)",Life Saving Drug,0,0,0,0,3,Cyber Crime,,,0.4,token_overlap
1008,CRIME_REVIEW_FOR_THE_MONTH_OF_MAY_2026.csv,5,2026,241,A - IPC Crime,"ADULTERATION (Sec. 272, 273 to 276 IPC/274,275 TO 278 BNS)",Mobile Oil,0,0,0,0,3,Cyber Crime,,,0.4,token_overlap
1009,CRIME_REVIEW_FOR_THE_MONTH_OF_MAY_2026.csv,5,2026,242,A - IPC Crime,"ADULTERATION (Sec. 272, 273 to 276 IPC/274,275 TO 278 BNS)",Petrol,0,0,0,0,3,Cyber Crime,,,0.4,token_overlap
1010,CRIME_REVIEW_FOR_THE_MONTH_OF_MAY_2026.csv,5,2026,243,A - IPC Crime,"ADULTERATION (Sec. 272, 273 to 276 IPC/274,275 TO 278 BNS)",Petroleum Product,0,0,0,0,3,Cyber Crime,,,0.4,token_overlap
1011,CRIME_REVIEW_FOR_THE_MONTH_OF_MAY_2026.csv,5,2026,244,A - IPC Crime,"ADULTERATION (Sec. 272, 273 to 276 IPC/274,275 TO 278 BNS)",Soft Drinks,0,0,0,0,3,Cyber Crime,,,0.4,token_overlap
1012,CRIME_REVIEW_FOR_THE_MONTH_OF_MAY_2026.csv,5,2026,245,A - IPC Crime,"ADULTERATION (Sec. 272, 273 to 276 IPC/274,275 TO 278 BNS)",Spices,0,0,0,0,3,Cyber Crime,,,0.4,token_overlap
1013,CRIME_REVIEW_FOR_THE_MONTH_OF_MAY_2026.csv,5,2026,246,A - IPC Crime,"ADULTERATION (Sec. 272, 273 to 276 IPC/274,275 TO 278 BNS)",Others,0,0,0,0,3,Cyber Crime,,,0.4,token_overlap
1014,CRIME_REVIEW_FOR_THE_MONTH_OF_MAY_2026.csv,5,2026,247,A - IPC Crime,AFFRAY (Sec. 160 IPC/194(2) BNS),NA,411,57,70,65,3,Cyber Crime,,,0.4,token_overlap
1015,CRIME_REVIEW_FOR_THE_MONTH_OF_MAY_2026.csv,5,2026,248,A - IPC Crime,"ARSON (Sec. 435, 436, 438 IPC/326(f),326(g),327(g) BNS)",Agricultural Produce,37,1,12,5,3,Cyber Crime,,,0.4,token_overlap
1016,CRIME_REVIEW_FOR_THE_MONTH_OF_MAY_2026.csv,5,2026,249,A - IPC Crime,"ARSON (Sec. 435, 436, 438 IPC/326(f),326(g),327(g) BNS)",Attemp to Commit,2,0,1,0,3,Cyber Crime,,,0.4,token_overlap
1017,CRIME_REVIEW_FOR_THE_MONTH_OF_MAY_2026.csv,5,2026,250,A - IPC Crime,"ARSON (Sec. 435, 436, 438 IPC/326(f),326(g),327(g) BNS)",Boat / Ship,0,0,0,0,3,Cyber Crime,,,0.4,token_overlap
1018,CRIME_REVIEW_FOR_THE_MONTH_OF_MAY_2026.csv,5,2026,251,A - IPC Crime,"ARSON (Sec. 435, 436, 438 IPC/326(f),326(g),327(g) BNS)",Dwelling House,11,1,2,0,3,Cyber Crime,,,0.4,token_overlap
1019,CRIME_REVIEW_FOR_THE_MONTH_OF_MAY_2026.csv,5,2026,252,A - IPC Crime,"ARSON (Sec. 435, 436, 438 IPC/326(f),326(g),327(g) BNS)",Educational Institution,1,1,0,0,3,Cyber Crime,,,0.4,token_overlap
1020,CRIME_REVIEW_FOR_THE_MONTH_OF_MAY_2026.csv,5,2026,253,A - IPC Crime,"ARSON (Sec. 435, 436, 438 IPC/326(f),326(g),327(g) BNS)",Govt. Property,2,0,1,0,3,Cyber Crime,,,0.4,token_overlap
1021,CRIME_REVIEW_FOR_THE_MONTH_OF_MAY_2026.csv,5,2026,254,A - IPC Crime,"ARSON (Sec. 435, 436, 438 IPC/326(f),326(g),327(g) BNS)",Industrial Establishment,1,0,0,0,3,Cyber Crime,,,0.4,token_overlap
1022,CRIME_REVIEW_FOR_THE_MONTH_OF_MAY_2026.csv,5,2026,255,A - IPC Crime,"ARSON (Sec. 435, 436, 438 IPC/326(f),326(g),327(g) BNS)",Place of worship,0,0,0,0,3,Cyber Crime,,,0.4,token_overlap
1023,CRIME_REVIEW_FOR_THE_MONTH_OF_MAY_2026.csv,5,2026,256,A - IPC Crime,"ARSON (Sec. 435, 436, 438 IPC/326(f),326(g),327(g) BNS)",Public Place,2,4,0,0,3,Cyber Crime,,,0.4,token_overlap
1024,CRIME_REVIEW_FOR_THE_MONTH_OF_MAY_2026.csv,5,2026,257,A - IPC Crime,"ARSON (Sec. 435, 436, 438 IPC/326(f),326(g),327(g) BNS)",Railway Property,0,0,0,0,3,Cyber Crime,,,0.4,token_overlap
1025,CRIME_REVIEW_FOR_THE_MONTH_OF_MAY_2026.csv,5,2026,258,A - IPC Crime,"ARSON (Sec. 435, 436, 438 IPC/326(f),326(g),327(g) BNS)",Vital Installation,0,0,0,0,3,Cyber Crime,,,0.4,token_overlap
1026,CRIME_REVIEW_FOR_THE_MONTH_OF_MAY_2026.csv,5,2026,259,A - IPC Crime,"ARSON (Sec. 435, 436, 438 IPC/326(f),326(g),327(g) BNS)",Warehouse (Godown),3,0,0,1,3,Cyber Crime,,,0.4,token_overlap
1027,CRIME_REVIEW_FOR_THE_MONTH_OF_MAY_2026.csv,5,2026,260,A - IPC Crime,"ARSON (Sec. 435, 436, 438 IPC/326(f),326(g),327(g) BNS)",Others,57,9,14,8,3,Cyber Crime,,,0.4,token_overlap
1028,CRIME_REVIEW_FOR_THE_MONTH_OF_MAY_2026.csv,5,2026,261,A - IPC Crime,"ASSAULT (Sec 356, 357 IPC/134,135 BNS)",Attempt To Commit,0,1,0,0,2,Crimes Against Persons,5,Assault,0.95,substring
1029,CRIME_REVIEW_FOR_THE_MONTH_OF_MAY_2026.csv,5,2026,262,A - IPC Crime,"ASSAULT (Sec 356, 357 IPC/134,135 BNS)",On Contractor,0,0,0,0,2,Crimes Against Persons,5,Assault,0.95,substring
1030,CRIME_REVIEW_FOR_THE_MONTH_OF_MAY_2026.csv,5,2026,263,A - IPC Crime,"ASSAULT (Sec 356, 357 IPC/134,135 BNS)",On Domestic Servant,0,0,0,0,2,Crimes Against Persons,5,Assault,0.95,substring
1031,CRIME_REVIEW_FOR_THE_MONTH_OF_MAY_2026.csv,5,2026,264,A - IPC Crime,"ASSAULT (Sec 356, 357 IPC/134,135 BNS)",On Labourer,1,0,0,0,2,Crimes Against Persons,5,Assault,0.95,substring
1032,CRIME_REVIEW_FOR_THE_MONTH_OF_MAY_2026.csv,5,2026,265,A - IPC Crime,"ASSAULT (Sec 356, 357 IPC/134,135 BNS)",On Man (General),7,2,2,0,2,Crimes Against Persons,5,Assault,0.95,substring
1033,CRIME_REVIEW_FOR_THE_MONTH_OF_MAY_2026.csv,5,2026,266,A - IPC Crime,"ASSAULT (Sec 356, 357 IPC/134,135 BNS)",On Man (SC),0,0,0,0,2,Crimes Against Persons,5,Assault,0.95,substring
1034,CRIME_REVIEW_FOR_THE_MONTH_OF_MAY_2026.csv,5,2026,267,A - IPC Crime,"ASSAULT (Sec 356, 357 IPC/134,135 BNS)",On Man (ST),0,0,0,0,2,Crimes Against Persons,5,Assault,0.95,substring
1035,CRIME_REVIEW_FOR_THE_MONTH_OF_MAY_2026.csv,5,2026,268,A - IPC Crime,"ASSAULT (Sec 356, 357 IPC/134,135 BNS)",On Manager/Executive (Other Than Public Servant),0,0,0,0,2,Crimes Against Persons,5,Assault,0.95,substring
1036,CRIME_REVIEW_FOR_THE_MONTH_OF_MAY_2026.csv,5,2026,269,A - IPC Crime,"ASSAULT (Sec 356, 357 IPC/134,135 BNS)","On Member of Clergy (Christian, Budhist, Jain, Sikh)",0,0,0,0,2,Crimes Against Persons,5,Assault,0.95,substring
1037,CRIME_REVIEW_FOR_THE_MONTH_OF_MAY_2026.csv,5,2026,270,A - IPC Crime,"ASSAULT (Sec 356, 357 IPC/134,135 BNS)",Member of Legislative Assembly / Council (MLA/MLC),0,0,0,0,2,Crimes Against Persons,5,Assault,0.95,substring
1038,CRIME_REVIEW_FOR_THE_MONTH_OF_MAY_2026.csv,5,2026,271,A - IPC Crime,"ASSAULT (Sec 356, 357 IPC/134,135 BNS)",On Member of Parliament (MP),0,0,0,0,2,Crimes Against Persons,5,Assault,0.95,substring
1039,CRIME_REVIEW_FOR_THE_MONTH_OF_MAY_2026.csv,5,2026,272,A - IPC Crime,"ASSAULT (Sec 356, 357 IPC/134,135 BNS)",On other Dignitaries /Public Figures,1,0,0,0,2,Crimes Against Persons,5,Assault,0.95,substring
1040,CRIME_REVIEW_FOR_THE_MONTH_OF_MAY_2026.csv,5,2026,273,A - IPC Crime,"ASSAULT (Sec 356, 357 IPC/134,135 BNS)",On Press,0,0,0,0,2,Crimes Against Persons,5,Assault,0.95,substring
1041,CRIME_REVIEW_FOR_THE_MONTH_OF_MAY_2026.csv,5,2026,274,A - IPC Crime,"ASSAULT (Sec 356, 357 IPC/134,135 BNS)",On Professional,0,0,0,0,2,Crimes Against Persons,5,Assault,0.95,substring
1042,CRIME_REVIEW_FOR_THE_MONTH_OF_MAY_2026.csv,5,2026,275,A - IPC Crime,"ASSAULT (Sec 356, 357 IPC/134,135 BNS)",On Public Servant,0,0,0,0,2,Crimes Against Persons,5,Assault,0.95,substring
1043,CRIME_REVIEW_FOR_THE_MONTH_OF_MAY_2026.csv,5,2026,276,A - IPC Crime,"ASSAULT (Sec 356, 357 IPC/134,135 BNS)",On Student,0,0,0,0,2,Crimes Against Persons,5,Assault,0.95,substring
1044,CRIME_REVIEW_FOR_THE_MONTH_OF_MAY_2026.csv,5,2026,277,A - IPC Crime,"ASSAULT (Sec 356, 357 IPC/134,135 BNS)",On Teacher,0,0,0,0,2,Crimes Against Persons,5,Assault,0.95,substring
1045,CRIME_REVIEW_FOR_THE_MONTH_OF_MAY_2026.csv,5,2026,278,A - IPC Crime,"ASSAULT (Sec 356, 357 IPC/134,135 BNS)",On Women (General),2,0,0,0,2,Crimes Against Persons,5,Assault,0.95,substring
1046,CRIME_REVIEW_FOR_THE_MONTH_OF_MAY_2026.csv,5,2026,279,A - IPC Crime,"ASSAULT (Sec 356, 357 IPC/134,135 BNS)",On Woman (SC),0,0,0,0,2,Crimes Against Persons,5,Assault,0.95,substring
1047,CRIME_REVIEW_FOR_THE_MONTH_OF_MAY_2026.csv,5,2026,280,A - IPC Crime,"ASSAULT (Sec 356, 357 IPC/134,135 BNS)",On Woman (ST),0,0,0,0,2,Crimes Against Persons,5,Assault,0.95,substring
1048,CRIME_REVIEW_FOR_THE_MONTH_OF_MAY_2026.csv,5,2026,281,A - IPC Crime,COMMUNAL / RELIGION (Sec. 295 to 297 IPC/298 TO 301 BNS),Attempt to Commit,1,0,0,1,3,Cyber Crime,,,0.4,token_overlap
1049,CRIME_REVIEW_FOR_THE_MONTH_OF_MAY_2026.csv,5,2026,282,A - IPC Crime,COMMUNAL / RELIGION (Sec. 295 to 297 IPC/298 TO 301 BNS),Caste Issue,2,0,1,0,3,Cyber Crime,,,0.4,token_overlap
1050,CRIME_REVIEW_FOR_THE_MONTH_OF_MAY_2026.csv,5,2026,283,A - IPC Crime,COMMUNAL / RELIGION (Sec. 295 to 297 IPC/298 TO 301 BNS),Communal Issue,20,5,1,4,3,Cyber Crime,,,0.4,token_overlap
1051,CRIME_REVIEW_FOR_THE_MONTH_OF_MAY_2026.csv,5,2026,284,A - IPC Crime,COMMUNAL / RELIGION (Sec. 295 to 297 IPC/298 TO 301 BNS),Linguistic Issue,0,0,0,0,3,Cyber Crime,,,0.4,token_overlap
1052,CRIME_REVIEW_FOR_THE_MONTH_OF_MAY_2026.csv,5,2026,285,A - IPC Crime,COMMUNAL / RELIGION (Sec. 295 to 297 IPC/298 TO 301 BNS),Political Issue,0,0,0,0,3,Cyber Crime,,,0.4,token_overlap
1053,CRIME_REVIEW_FOR_THE_MONTH_OF_MAY_2026.csv,5,2026,286,A - IPC Crime,COMMUNAL / RELIGION (Sec. 295 to 297 IPC/298 TO 301 BNS),Racial/Ethnic Issue,0,0,0,0,3,Cyber Crime,,,0.4,token_overlap
1054,CRIME_REVIEW_FOR_THE_MONTH_OF_MAY_2026.csv,5,2026,287,A - IPC Crime,COMMUNAL / RELIGION (Sec. 295 to 297 IPC/298 TO 301 BNS),Regional Issue,7,2,0,1,3,Cyber Crime,,,0.4,token_overlap
1055,CRIME_REVIEW_FOR_THE_MONTH_OF_MAY_2026.csv,5,2026,288,A - IPC Crime,COMMUNAL / RELIGION (Sec. 295 to 297 IPC/298 TO 301 BNS),Religious Issue,37,7,5,9,3,Cyber Crime,,,0.4,token_overlap
1056,CRIME_REVIEW_FOR_THE_MONTH_OF_MAY_2026.csv,5,2026,289,A - IPC Crime,COMMUNAL / RELIGION (Sec. 295 to 297 IPC/298 TO 301 BNS),Sectarian Issue,0,0,0,0,3,Cyber Crime,,,0.4,token_overlap
1057,CRIME_REVIEW_FOR_THE_MONTH_OF_MAY_2026.csv,5,2026,290,A - IPC Crime,COMMUNAL / RELIGION (Sec. 295 to 297 IPC/298 TO 301 BNS),Others,21,13,6,4,3,Cyber Crime,,,0.4,token_overlap
1058,CRIME_REVIEW_FOR_THE_MONTH_OF_MAY_2026.csv,5,2026,291,A - IPC Crime,"CRIMINAL CONSPIRACY (Sec. 120(B), 121(A) IPC/61(2),148 BNS)",Conspiracy To Wage War,0,0,0,0,3,Cyber Crime,,,0.4,token_overlap
1059,CRIME_REVIEW_FOR_THE_MONTH_OF_MAY_2026.csv,5,2026,292,A - IPC Crime,"CRIMINAL CONSPIRACY (Sec. 120(B), 121(A) IPC/61(2),148 BNS)",Related to Substantive Offence,0,0,0,0,3,Cyber Crime,,,0.4,token_overlap
1060,CRIME_REVIEW_FOR_THE_MONTH_OF_MAY_2026.csv,5,2026,293,A - IPC Crime,"CRIMINAL CONSPIRACY (Sec. 120(B), 121(A) IPC/61(2),148 BNS)",Others,3,1,0,1,3,Cyber Crime,,,0.4,token_overlap
1061,CRIME_REVIEW_FOR_THE_MONTH_OF_MAY_2026.csv,5,2026,294,A - IPC Crime,CRIMINAL INTIMIDATION (Sec. 504 to 508 IPC/352 TO 354 BNS),NA,1519,353,296,252,3,Cyber Crime,,,0.4,token_overlap
1062,CRIME_REVIEW_FOR_THE_MONTH_OF_MAY_2026.csv,5,2026,295,A - IPC Crime,"CRIMINAL MISAPPROPRIATION (Sec. 403, 404 IPC/314,315 BNS)",Attempt to Commit,0,0,0,0,3,Cyber Crime,,,0.4,token_overlap
1063,CRIME_REVIEW_FOR_THE_MONTH_OF_MAY_2026.csv,5,2026,296,A - IPC Crime,"CRIMINAL MISAPPROPRIATION (Sec. 403, 404 IPC/314,315 BNS)",Bank,2,1,1,0,3,Cyber Crime,,,0.4,token_overlap
1064,CRIME_REVIEW_FOR_THE_MONTH_OF_MAY_2026.csv,5,2026,297,A - IPC Crime,"CRIMINAL MISAPPROPRIATION (Sec. 403, 404 IPC/314,315 BNS)",Business Establishment,2,0,0,1,3,Cyber Crime,,,0.4,token_overlap
1065,CRIME_REVIEW_FOR_THE_MONTH_OF_MAY_2026.csv,5,2026,298,A - IPC Crime,"CRIMINAL MISAPPROPRIATION (Sec. 403, 404 IPC/314,315 BNS)",Charitable Organisation,0,0,0,0,3,Cyber Crime,,,0.4,token_overlap
1066,CRIME_REVIEW_FOR_THE_MONTH_OF_MAY_2026.csv,5,2026,299,A - IPC Crime,"CRIMINAL MISAPPROPRIATION (Sec. 403, 404 IPC/314,315 BNS)",Chitfund Organisation,0,0,0,0,3,Cyber Crime,,,0.4,token_overlap
1067,CRIME_REVIEW_FOR_THE_MONTH_OF_MAY_2026.csv,5,2026,300,A - IPC Crime,"CRIMINAL MISAPPROPRIATION (Sec. 403, 404 IPC/314,315 BNS)",Co-operative Organisation,0,0,0,0,3,Cyber Crime,,,0.4,token_overlap
1068,CRIME_REVIEW_FOR_THE_MONTH_OF_MAY_2026.csv,5,2026,301,A - IPC Crime,"CRIMINAL MISAPPROPRIATION (Sec. 403, 404 IPC/314,315 BNS)",Commercial Establishment/Shop,0,0,0,0,3,Cyber Crime,,,0.4,token_overlap
1069,CRIME_REVIEW_FOR_THE_MONTH_OF_MAY_2026.csv,5,2026,302,A - IPC Crime,"CRIMINAL MISAPPROPRIATION (Sec. 403, 404 IPC/314,315 BNS)",Customs Department,0,0,0,0,3,Cyber Crime,,,0.4,token_overlap
1070,CRIME_REVIEW_FOR_THE_MONTH_OF_MAY_2026.csv,5,2026,303,A - IPC Crime,"CRIMINAL MISAPPROPRIATION (Sec. 403, 404 IPC/314,315 BNS)",Excise Department,0,0,0,0,3,Cyber Crime,,,0.4,token_overlap
1071,CRIME_REVIEW_FOR_THE_MONTH_OF_MAY_2026.csv,5,2026,304,A - IPC Crime,"CRIMINAL MISAPPROPRIATION (Sec. 403, 404 IPC/314,315 BNS)",Financial Institution,1,0,0,0,3,Cyber Crime,,,0.4,token_overlap
1072,CRIME_REVIEW_FOR_THE_MONTH_OF_MAY_2026.csv,5,2026,305,A - IPC Crime,"CRIMINAL MISAPPROPRIATION (Sec. 403, 404 IPC/314,315 BNS)",Income Tax Department,0,0,0,0,3,Cyber Crime,,,0.4,token_overlap
1073,CRIME_REVIEW_FOR_THE_MONTH_OF_MAY_2026.csv,5,2026,306,A - IPC Crime,"CRIMINAL MISAPPROPRIATION (Sec. 403, 404 IPC/314,315 BNS)",Other Government Organisation,0,0,0,0,3,Cyber Crime,,,0.4,token_overlap
1074,CRIME_REVIEW_FOR_THE_MONTH_OF_MAY_2026.csv,5,2026,307,A - IPC Crime,"CRIMINAL MISAPPROPRIATION (Sec. 403, 404 IPC/314,315 BNS)",Postal Department,0,0,0,0,3,Cyber Crime,,,0.4,token_overlap
1075,CRIME_REVIEW_FOR_THE_MONTH_OF_MAY_2026.csv,5,2026,308,A - IPC Crime,"CRIMINAL MISAPPROPRIATION (Sec. 403, 404 IPC/314,315 BNS)",Public Sector Undertakings,0,0,0,0,3,Cyber Crime,,,0.4,token_overlap
1076,CRIME_REVIEW_FOR_THE_MONTH_OF_MAY_2026.csv,5,2026,309,A - IPC Crime,"CRIMINAL MISAPPROPRIATION (Sec. 403, 404 IPC/314,315 BNS)",Railway Department,0,0,0,0,3,Cyber Crime,,,0.4,token_overlap
1077,CRIME_REVIEW_FOR_THE_MONTH_OF_MAY_2026.csv,5,2026,310,A - IPC Crime,"CRIMINAL MISAPPROPRIATION (Sec. 403, 404 IPC/314,315 BNS)",Revenue Department,0,0,0,0,3,Cyber Crime,,,0.4,token_overlap
1078,CRIME_REVIEW_FOR_THE_MONTH_OF_MAY_2026.csv,5,2026,311,A - IPC Crime,"CRIMINAL MISAPPROPRIATION (Sec. 403, 404 IPC/314,315 BNS)",Sales Tax Department,0,0,0,0,3,Cyber Crime,,,0.4,token_overlap
1079,CRIME_REVIEW_FOR_THE_MONTH_OF_MAY_2026.csv,5,2026,312,A - IPC Crime,"CRIMINAL MISAPPROPRIATION (Sec. 403, 404 IPC/314,315 BNS)",Social Organisation (Aided) (N),0,0,0,0,3,Cyber Crime,,,0.4,token_overlap
1080,CRIME_REVIEW_FOR_THE_MONTH_OF_MAY_2026.csv,5,2026,313,A - IPC Crime,"CRIMINAL MISAPPROPRIATION (Sec. 403, 404 IPC/314,315 BNS)",Transport Authority,0,0,0,0,3,Cyber Crime,,,0.4,token_overlap
1081,CRIME_REVIEW_FOR_THE_MONTH_OF_MAY_2026.csv,5,2026,314,A - IPC Crime,"CRIMINAL MISAPPROPRIATION (Sec. 403, 404 IPC/314,315 BNS)",Trust - Other than religious,0,0,0,0,3,Cyber Crime,,,0.4,token_overlap
1082,CRIME_REVIEW_FOR_THE_MONTH_OF_MAY_2026.csv,5,2026,315,A - IPC Crime,"CRIMINAL MISAPPROPRIATION (Sec. 403, 404 IPC/314,315 BNS)",Trust - Religious,0,0,0,0,3,Cyber Crime,,,0.4,token_overlap
1083,CRIME_REVIEW_FOR_THE_MONTH_OF_MAY_2026.csv,5,2026,316,A - IPC Crime,"CRIMINAL MISAPPROPRIATION (Sec. 403, 404 IPC/314,315 BNS)",Others,3,1,0,1,3,Cyber Crime,,,0.4,token_overlap
1084,CRIME_REVIEW_FOR_THE_MONTH_OF_MAY_2026.csv,5,2026,317,A - IPC Crime,CRIMINAL TRESPASS (Sec.447 to 452 IPC/329(3) TO 333 BNS),Attempt to Commit,2,1,1,0,3,Cyber Crime,,,0.4,token_overlap
1085,CRIME_REVIEW_FOR_THE_MONTH_OF_MAY_2026.csv,5,2026,318,A - IPC Crime,CRIMINAL TRESPASS (Sec.447 to 452 IPC/329(3) TO 333 BNS),Club,1,1,0,0,3,Cyber Crime,,,0.4,token_overlap
1086,CRIME_REVIEW_FOR_THE_MONTH_OF_MAY_2026.csv,5,2026,319,A - IPC Crime,CRIMINAL TRESPASS (Sec.447 to 452 IPC/329(3) TO 333 BNS),Hostel,1,0,1,0,3,Cyber Crime,,,0.4,token_overlap
1087,CRIME_REVIEW_FOR_THE_MONTH_OF_MAY_2026.csv,5,2026,320,A - IPC Crime,CRIMINAL TRESPASS (Sec.447 to 452 IPC/329(3) TO 333 BNS),Hotel,12,2,4,2,3,Cyber Crime,,,0.4,token_overlap
1088,CRIME_REVIEW_FOR_THE_MONTH_OF_MAY_2026.csv,5,2026,321,A - IPC Crime,CRIMINAL TRESPASS (Sec.447 to 452 IPC/329(3) TO 333 BNS),House,307,51,70,62,3,Cyber Crime,,,0.4,token_overlap
1089,CRIME_REVIEW_FOR_THE_MONTH_OF_MAY_2026.csv,5,2026,322,A - IPC Crime,CRIMINAL TRESPASS (Sec.447 to 452 IPC/329(3) TO 333 BNS),Land,665,134,130,142,3,Cyber Crime,,,0.4,token_overlap
1090,CRIME_REVIEW_FOR_THE_MONTH_OF_MAY_2026.csv,5,2026,323,A - IPC Crime,CRIMINAL TRESPASS (Sec.447 to 452 IPC/329(3) TO 333 BNS),Office,19,4,4,4,3,Cyber Crime,,,0.4,token_overlap
1091,CRIME_REVIEW_FOR_THE_MONTH_OF_MAY_2026.csv,5,2026,324,A - IPC Crime,CRIMINAL TRESPASS (Sec.447 to 452 IPC/329(3) TO 333 BNS),Prohibited Places,6,0,0,3,3,Cyber Crime,,,0.4,token_overlap
1092,CRIME_REVIEW_FOR_THE_MONTH_OF_MAY_2026.csv,5,2026,325,A - IPC Crime,CRIMINAL TRESPASS (Sec.447 to 452 IPC/329(3) TO 333 BNS),Religious Place,4,0,1,0,3,Cyber Crime,,,0.4,token_overlap
1093,CRIME_REVIEW_FOR_THE_MONTH_OF_MAY_2026.csv,5,2026,326,A - IPC Crime,CRIMINAL TRESPASS (Sec.447 to 452 IPC/329(3) TO 333 BNS),Restricted Area,9,0,2,2,3,Cyber Crime,,,0.4,token_overlap
1094,CRIME_REVIEW_FOR_THE_MONTH_OF_MAY_2026.csv,5,2026,327,A - IPC Crime,CRIMINAL TRESPASS (Sec.447 to 452 IPC/329(3) TO 333 BNS),Others,95,17,22,23,3,Cyber Crime,,,0.4,token_overlap
1095,CRIME_REVIEW_FOR_THE_MONTH_OF_MAY_2026.csv,5,2026,328,A - IPC Crime,CRUELTY BY HUSBAND (Sec. 498(A) IPC/85 BNS),Husband,461,84,107,105,3,Cyber Crime,,,0.4,token_overlap
1096,CRIME_REVIEW_FOR_THE_MONTH_OF_MAY_2026.csv,5,2026,329,A - IPC Crime,CRUELTY BY HUSBAND (Sec. 498(A) IPC/85 BNS),Husband And Relative(S) in Law,605,121,125,160,3,Cyber Crime,,,0.4,token_overlap
1097,CRIME_REVIEW_FOR_THE_MONTH_OF_MAY_2026.csv,5,2026,330,A - IPC Crime,CRUELTY BY HUSBAND (Sec. 498(A) IPC/85 BNS),Relative(S) in Law,21,2,5,9,3,Cyber Crime,,,0.4,token_overlap
1098,CRIME_REVIEW_FOR_THE_MONTH_OF_MAY_2026.csv,5,2026,331,A - IPC Crime,CRUELTY BY HUSBAND (Sec. 498(A) IPC/85 BNS),Dowry Harassment,170,25,43,49,6,Women & Child Safety,20,Dowry Harassment,0.95,substring
1099,CRIME_REVIEW_FOR_THE_MONTH_OF_MAY_2026.csv,5,2026,332,A - IPC Crime,CRUELTY BY HUSBAND (Sec. 498(A) IPC/85 BNS),Sub Total,1257,232,280,323,3,Cyber Crime,,,0.4,token_overlap
1100,CRIME_REVIEW_FOR_THE_MONTH_OF_MAY_2026.csv,5,2026,333,A - IPC Crime,CRUELTY BY HUSBAND (Sec. 498(A) IPC/85 BNS),DOWRY DEATHS (Sec.304(B) IPC/80 BNS),,,,,3,Cyber Crime,,,0.4,token_overlap
1101,CRIME_REVIEW_FOR_THE_MONTH_OF_MAY_2026.csv,5,2026,334,A - IPC Crime,CRUELTY BY HUSBAND (Sec. 498(A) IPC/85 BNS),By Husband,2,0,1,0,3,Cyber Crime,,,0.4,token_overlap
1102,CRIME_REVIEW_FOR_THE_MONTH_OF_MAY_2026.csv,5,2026,335,A - IPC Crime,CRUELTY BY HUSBAND (Sec. 498(A) IPC/85 BNS),By Husband And Relatives In Law,15,5,3,1,3,Cyber Crime,,,0.4,token_overlap
1103,CRIME_REVIEW_FOR_THE_MONTH_OF_MAY_2026.csv,5,2026,336,A - IPC Crime,CRUELTY BY HUSBAND (Sec. 498(A) IPC/85 BNS),By Relatives in Law,1,0,0,0,3,Cyber Crime,,,0.4,token_overlap
1104,CRIME_REVIEW_FOR_THE_MONTH_OF_MAY_2026.csv,5,2026,337,A - IPC Crime,CRUELTY BY HUSBAND (Sec. 498(A) IPC/85 BNS),By Burning,1,0,0,0,3,Cyber Crime,,,0.4,token_overlap
1105,CRIME_REVIEW_FOR_THE_MONTH_OF_MAY_2026.csv,5,2026,338,A - IPC Crime,CRUELTY BY HUSBAND (Sec. 498(A) IPC/85 BNS),By Hanging,38,1,11,7,3,Cyber Crime,,,0.4,token_overlap
1106,CRIME_REVIEW_FOR_THE_MONTH_OF_MAY_2026.csv,5,2026,339,A - IPC Crime,CRUELTY BY HUSBAND (Sec. 498(A) IPC/85 BNS),By Other Means,4,0,0,2,3,Cyber Crime,,,0.4,token_overlap
1107,CRIME_REVIEW_FOR_THE_MONTH_OF_MAY_2026.csv,5,2026,340,A - IPC Crime,DEATHS DUE TO RASHNESS/NEGLIGENCE (Sec.304(A) IPC/106 BNS),Electrocution,10,3,2,4,3,Cyber Crime,,,0.4,token_overlap
1108,CRIME_REVIEW_FOR_THE_MONTH_OF_MAY_2026.csv,5,2026,341,A - IPC Crime,DEATHS DUE TO RASHNESS/NEGLIGENCE (Sec.304(A) IPC/106 BNS),Adulterated Food/Drug,0,0,0,0,3,Cyber Crime,,,0.4,token_overlap
1109,CRIME_REVIEW_FOR_THE_MONTH_OF_MAY_2026.csv,5,2026,342,A - IPC Crime,DEATHS DUE TO RASHNESS/NEGLIGENCE (Sec.304(A) IPC/106 BNS),Accident by Air,0,0,0,0,3,Cyber Crime,,,0.4,token_overlap
1110,CRIME_REVIEW_FOR_THE_MONTH_OF_MAY_2026.csv,5,2026,343,A - IPC Crime,DEATHS DUE TO RASHNESS/NEGLIGENCE (Sec.304(A) IPC/106 BNS),Boad Accident,0,0,0,0,3,Cyber Crime,,,0.4,token_overlap
1111,CRIME_REVIEW_FOR_THE_MONTH_OF_MAY_2026.csv,5,2026,344,A - IPC Crime,DEATHS DUE TO RASHNESS/NEGLIGENCE (Sec.304(A) IPC/106 BNS),Bridge/Dam Collapse,0,0,0,0,3,Cyber Crime,,,0.4,token_overlap
1112,CRIME_REVIEW_FOR_THE_MONTH_OF_MAY_2026.csv,5,2026,345,A - IPC Crime,DEATHS DUE TO RASHNESS/NEGLIGENCE (Sec.304(A) IPC/106 BNS),Building Collapse,3,0,0,2,3,Cyber Crime,,,0.4,token_overlap
1113,CRIME_REVIEW_FOR_THE_MONTH_OF_MAY_2026.csv,5,2026,346,A - IPC Crime,DEATHS DUE TO RASHNESS/NEGLIGENCE (Sec.304(A) IPC/106 BNS),Caused By Animal,1,0,0,0,3,Cyber Crime,,,0.4,token_overlap
1114,CRIME_REVIEW_FOR_THE_MONTH_OF_MAY_2026.csv,5,2026,347,A - IPC Crime,DEATHS DUE TO RASHNESS/NEGLIGENCE (Sec.304(A) IPC/106 BNS),Death Due to Other Cause,47,5,9,14,3,Cyber Crime,,,0.4,token_overlap
1115,CRIME_REVIEW_FOR_THE_MONTH_OF_MAY_2026.csv,5,2026,348,A - IPC Crime,DEATHS DUE TO RASHNESS/NEGLIGENCE (Sec.304(A) IPC/106 BNS),Electrocution Accident,12,7,2,8,3,Cyber Crime,,,0.4,token_overlap
1116,CRIME_REVIEW_FOR_THE_MONTH_OF_MAY_2026.csv,5,2026,349,A - IPC Crime,DEATHS DUE TO RASHNESS/NEGLIGENCE (Sec.304(A) IPC/106 BNS),Explosion Accident,0,0,0,0,3,Cyber Crime,,,0.4,token_overlap
1117,CRIME_REVIEW_FOR_THE_MONTH_OF_MAY_2026.csv,5,2026,350,A - IPC Crime,DEATHS DUE TO RASHNESS/NEGLIGENCE (Sec.304(A) IPC/106 BNS),Fire accident,0,0,0,0,3,Cyber Crime,,,0.4,token_overlap
1118,CRIME_REVIEW_FOR_THE_MONTH_OF_MAY_2026.csv,5,2026,351,A - IPC Crime,DEATHS DUE TO RASHNESS/NEGLIGENCE (Sec.304(A) IPC/106 BNS),Gas Leakage Accident,2,1,0,0,3,Cyber Crime,,,0.4,token_overlap
1119,CRIME_REVIEW_FOR_THE_MONTH_OF_MAY_2026.csv,5,2026,352,A - IPC Crime,DEATHS DUE TO RASHNESS/NEGLIGENCE (Sec.304(A) IPC/106 BNS),Improper Infrastucture In Construction,31,9,3,4,3,Cyber Crime,,,0.4,token_overlap
1120,CRIME_REVIEW_FOR_THE_MONTH_OF_MAY_2026.csv,5,2026,353,A - IPC Crime,DEATHS DUE TO RASHNESS/NEGLIGENCE (Sec.304(A) IPC/106 BNS),Improper Medical Treatment,4,0,1,0,3,Cyber Crime,,,0.4,token_overlap
1121,CRIME_REVIEW_FOR_THE_MONTH_OF_MAY_2026.csv,5,2026,354,A - IPC Crime,DEATHS DUE TO RASHNESS/NEGLIGENCE (Sec.304(A) IPC/106 BNS),In Custody of Public Servant,0,0,0,0,3,Cyber Crime,,,0.4,token_overlap
1122,CRIME_REVIEW_FOR_THE_MONTH_OF_MAY_2026.csv,5,2026,355,A - IPC Crime,DEATHS DUE TO RASHNESS/NEGLIGENCE (Sec.304(A) IPC/106 BNS),In Jail/Judicial Custody,0,0,0,0,3,Cyber Crime,,,0.4,token_overlap
1123,CRIME_REVIEW_FOR_THE_MONTH_OF_MAY_2026.csv,5,2026,356,A - IPC Crime,DEATHS DUE TO RASHNESS/NEGLIGENCE (Sec.304(A) IPC/106 BNS),In Police Custody,0,0,0,0,3,Cyber Crime,,,0.4,token_overlap
1124,CRIME_REVIEW_FOR_THE_MONTH_OF_MAY_2026.csv,5,2026,357,A - IPC Crime,DEATHS DUE TO RASHNESS/NEGLIGENCE (Sec.304(A) IPC/106 BNS),Industrial Accident (Factory),2,1,2,0,3,Cyber Crime,,,0.4,token_overlap
1125,CRIME_REVIEW_FOR_THE_MONTH_OF_MAY_2026.csv,5,2026,358,A - IPC Crime,DEATHS DUE TO RASHNESS/NEGLIGENCE (Sec.304(A) IPC/106 BNS),Inflammable Substance,0,0,0,0,3,Cyber Crime,,,0.4,token_overlap
1126,CRIME_REVIEW_FOR_THE_MONTH_OF_MAY_2026.csv,5,2026,359,A - IPC Crime,DEATHS DUE TO RASHNESS/NEGLIGENCE (Sec.304(A) IPC/106 BNS),Mine Accident,1,1,0,0,3,Cyber Crime,,,0.4,token_overlap
1127,CRIME_REVIEW_FOR_THE_MONTH_OF_MAY_2026.csv,5,2026,360,A - IPC Crime,DEATHS DUE TO RASHNESS/NEGLIGENCE (Sec.304(A) IPC/106 BNS),Poisonous Substance,0,0,0,0,3,Cyber Crime,,,0.4,token_overlap
1128,CRIME_REVIEW_FOR_THE_MONTH_OF_MAY_2026.csv,5,2026,361,A - IPC Crime,DEATHS DUE TO RASHNESS/NEGLIGENCE (Sec.304(A) IPC/106 BNS),Quarry Accident,0,0,0,0,3,Cyber Crime,,,0.4,token_overlap
1129,CRIME_REVIEW_FOR_THE_MONTH_OF_MAY_2026.csv,5,2026,362,A - IPC Crime,DEATHS DUE TO RASHNESS/NEGLIGENCE (Sec.304(A) IPC/106 BNS),Spurious Liquor (Hooch) Accident,0,0,0,0,3,Cyber Crime,,,0.4,token_overlap
1130,CRIME_REVIEW_FOR_THE_MONTH_OF_MAY_2026.csv,5,2026,363,A - IPC Crime,DEATHS DUE TO RASHNESS/NEGLIGENCE (Sec.304(A) IPC/106 BNS),Railway Accident,1,0,0,0,3,Cyber Crime,,,0.4,token_overlap
1131,CRIME_REVIEW_FOR_THE_MONTH_OF_MAY_2026.csv,5,2026,364,A - IPC Crime,DEATHS DUE TO RASHNESS/NEGLIGENCE (Sec.304(A) IPC/106 BNS),Others,33,9,6,8,3,Cyber Crime,,,0.4,token_overlap
1132,CRIME_REVIEW_FOR_THE_MONTH_OF_MAY_2026.csv,5,2026,365,A - IPC Crime,MOTOR VEHICLE ACCIDENTS FATAL (Sec.304(A) IPC/106 BNS),National Highways,1783,413,362,373,3,Cyber Crime,,,0.4,token_overlap
1133,CRIME_REVIEW_FOR_THE_MONTH_OF_MAY_2026.csv,5,2026,366,A - IPC Crime,MOTOR VEHICLE ACCIDENTS FATAL (Sec.304(A) IPC/106 BNS),State Highways,1433,291,271,276,3,Cyber Crime,,,0.4,token_overlap
1134,CRIME_REVIEW_FOR_THE_MONTH_OF_MAY_2026.csv,5,2026,367,A - IPC Crime,MOTOR VEHICLE ACCIDENTS FATAL (Sec.304(A) IPC/106 BNS),Other Roads,1867,379,376,314,3,Cyber Crime,,,0.4,token_overlap
1135,CRIME_REVIEW_FOR_THE_MONTH_OF_MAY_2026.csv,5,2026,368,A - IPC Crime,MOTOR VEHICLE ACCIDENTS FATAL (Sec.304(A) IPC/106 BNS),Other Places,90,12,17,20,3,Cyber Crime,,,0.4,token_overlap
1136,CRIME_REVIEW_FOR_THE_MONTH_OF_MAY_2026.csv,5,2026,369,A - IPC Crime,"MOTOR VEHICLE ACCIDENTS NON-FATAL (Sec.279, 337, 338 IPC/281,125(a),125(b) BNS)",National Highways,4406,956,912,979,3,Cyber Crime,,,0.4,token_overlap
1137,CRIME_REVIEW_FOR_THE_MONTH_OF_MAY_2026.csv,5,2026,370,A - IPC Crime,"MOTOR VEHICLE ACCIDENTS NON-FATAL (Sec.279, 337, 338 IPC/281,125(a),125(b) BNS)",State Highways,3159,662,608,651,3,Cyber Crime,,,0.4,token_overlap
1138,CRIME_REVIEW_FOR_THE_MONTH_OF_MAY_2026.csv,5,2026,371,A - IPC Crime,"MOTOR VEHICLE ACCIDENTS NON-FATAL (Sec.279, 337, 338 IPC/281,125(a),125(b) BNS)",Other Roads,6126,1136,1271,1260,3,Cyber Crime,,,0.4,token_overlap
1139,CRIME_REVIEW_FOR_THE_MONTH_OF_MAY_2026.csv,5,2026,372,A - IPC Crime,"MOTOR VEHICLE ACCIDENTS NON-FATAL (Sec.279, 337, 338 IPC/281,125(a),125(b) BNS)",Other Places,167,39,38,36,3,Cyber Crime,,,0.4,token_overlap
1140,CRIME_REVIEW_FOR_THE_MONTH_OF_MAY_2026.csv,5,2026,373,A - IPC Crime,"DEATHS-MISCARRIAGE (Sec.312, 313, 314 IPC/88,89,90 BNS)",Child,4,2,1,1,3,Cyber Crime,,,0.4,token_overlap
1141,CRIME_REVIEW_FOR_THE_MONTH_OF_MAY_2026.csv,5,2026,374,A - IPC Crime,"DEATHS-MISCARRIAGE (Sec.312, 313, 314 IPC/88,89,90 BNS)",Woman,2,0,1,0,3,Cyber Crime,,,0.4,token_overlap
1142,CRIME_REVIEW_FOR_THE_MONTH_OF_MAY_2026.csv,5,2026,375,A - IPC Crime,"DEATHS-MISCARRIAGE (Sec.312, 313, 314 IPC/88,89,90 BNS)",Women and Child,0,0,0,0,6,Women & Child Safety,,,0.6000000000000001,token_overlap
1143,CRIME_REVIEW_FOR_THE_MONTH_OF_MAY_2026.csv,5,2026,376,A - IPC Crime,"DEFENCE FORCES OFFENCES RELATING (also relating to desertion) (Sec.131 to 140, except 136 IPC/159 TO 168 EXCEPT 164 BNS)",Air Force,0,0,0,0,3,Cyber Crime,,,0.4,token_overlap
1144,CRIME_REVIEW_FOR_THE_MONTH_OF_MAY_2026.csv,5,2026,377,A - IPC Crime,"DEFENCE FORCES OFFENCES RELATING (also relating to desertion) (Sec.131 to 140, except 136 IPC/159 TO 168 EXCEPT 164 BNS)",Army,0,0,0,0,3,Cyber Crime,,,0.4,token_overlap
1145,CRIME_REVIEW_FOR_THE_MONTH_OF_MAY_2026.csv,5,2026,378,A - IPC Crime,"DEFENCE FORCES OFFENCES RELATING (also relating to desertion) (Sec.131 to 140, except 136 IPC/159 TO 168 EXCEPT 164 BNS)",Navy,0,0,0,0,3,Cyber Crime,,,0.4,token_overlap
1146,CRIME_REVIEW_FOR_THE_MONTH_OF_MAY_2026.csv,5,2026,379,A - IPC Crime,"ESCAPE FROM LAWFUL CUSTODY AND RESISTANCE (Sec.224, 225, 225(B) IPC/262,263,265 BNS)",From Jail Custody,4,3,1,1,3,Cyber Crime,,,0.4,token_overlap
1147,CRIME_REVIEW_FOR_THE_MONTH_OF_MAY_2026.csv,5,2026,380,A - IPC Crime,"ESCAPE FROM LAWFUL CUSTODY AND RESISTANCE (Sec.224, 225, 225(B) IPC/262,263,265 BNS)",From Police Custody,9,1,3,1,3,Cyber Crime,,,0.4,token_overlap
1148,CRIME_REVIEW_FOR_THE_MONTH_OF_MAY_2026.csv,5,2026,381,A - IPC Crime,"ESCAPE FROM LAWFUL CUSTODY AND RESISTANCE (Sec.224, 225, 225(B) IPC/262,263,265 BNS)",Others,4,0,1,1,3,Cyber Crime,,,0.4,token_overlap
1149,CRIME_REVIEW_FOR_THE_MONTH_OF_MAY_2026.csv,5,2026,382,A - IPC Crime,"IMPERSONATION (Sec.170, 171 IPC/204,205 BNS)",Attempt to Commit,2,1,1,1,3,Cyber Crime,,,0.4,token_overlap
1150,CRIME_REVIEW_FOR_THE_MONTH_OF_MAY_2026.csv,5,2026,383,A - IPC Crime,"IMPERSONATION (Sec.170, 171 IPC/204,205 BNS)",Non-Uniformed Authority,2,0,0,2,3,Cyber Crime,,,0.4,token_overlap
1151,CRIME_REVIEW_FOR_THE_MONTH_OF_MAY_2026.csv,5,2026,384,A - IPC Crime,"IMPERSONATION (Sec.170, 171 IPC/204,205 BNS)",Uniformed Authority,2,1,0,1,3,Cyber Crime,,,0.4,token_overlap
1152,CRIME_REVIEW_FOR_THE_MONTH_OF_MAY_2026.csv,5,2026,385,A - IPC Crime,"MISCHIEF (Sec.427 to 440 except 434, 435, 436, 438 IPC/324(4) TO 324(6) BNS)",NA,203,45,46,46,3,Cyber Crime,,,0.4,token_overlap
1153,CRIME_REVIEW_FOR_THE_MONTH_OF_MAY_2026.csv,5,2026,386,A - IPC Crime,MOLESTATION (Sec.354 IPC/74 BNS),Attempt to Commit,27,4,3,8,3,Cyber Crime,,,0.4,token_overlap
1154,CRIME_REVIEW_FOR_THE_MONTH_OF_MAY_2026.csv,5,2026,387,A - IPC Crime,MOLESTATION (Sec.354 IPC/74 BNS),Private Place,451,68,81,113,3,Cyber Crime,,,0.4,token_overlap
1155,CRIME_REVIEW_FOR_THE_MONTH_OF_MAY_2026.csv,5,2026,388,A - IPC Crime,MOLESTATION (Sec.354 IPC/74 BNS),Public Conveyance,5,1,1,1,3,Cyber Crime,,,0.4,token_overlap
1156,CRIME_REVIEW_FOR_THE_MONTH_OF_MAY_2026.csv,5,2026,389,A - IPC Crime,MOLESTATION (Sec.354 IPC/74 BNS),Public Place,1103,189,212,240,3,Cyber Crime,,,0.4,token_overlap
1157,CRIME_REVIEW_FOR_THE_MONTH_OF_MAY_2026.csv,5,2026,390,A - IPC Crime,MOLESTATION (Sec.354 IPC/74 BNS),Other Places,1223,221,253,283,3,Cyber Crime,,,0.4,token_overlap
1158,CRIME_REVIEW_FOR_THE_MONTH_OF_MAY_2026.csv,5,2026,391,A - IPC Crime,POISONING-PROFESSIONAL (Sec. 328 IPC/123 BNS),Attempt to Commit,5,1,2,0,3,Cyber Crime,,,0.4,token_overlap
1159,CRIME_REVIEW_FOR_THE_MONTH_OF_MAY_2026.csv,5,2026,392,A - IPC Crime,POISONING-PROFESSIONAL (Sec. 328 IPC/123 BNS),Fatal,0,0,0,0,3,Cyber Crime,,,0.4,token_overlap
1160,CRIME_REVIEW_FOR_THE_MONTH_OF_MAY_2026.csv,5,2026,393,A - IPC Crime,POISONING-PROFESSIONAL (Sec. 328 IPC/123 BNS),Non Fatal,1,0,0,0,3,Cyber Crime,,,0.4,token_overlap
1161,CRIME_REVIEW_FOR_THE_MONTH_OF_MAY_2026.csv,5,2026,394,A - IPC Crime,PORNOGRAPHY (Sec.292 to 294 IPC/294 TO 296 BNS),Advertisement,0,0,0,0,3,Cyber Crime,,,0.4,token_overlap
1162,CRIME_REVIEW_FOR_THE_MONTH_OF_MAY_2026.csv,5,2026,395,A - IPC Crime,PORNOGRAPHY (Sec.292 to 294 IPC/294 TO 296 BNS),Audio Tape,0,0,0,0,3,Cyber Crime,,,0.4,token_overlap
1163,CRIME_REVIEW_FOR_THE_MONTH_OF_MAY_2026.csv,5,2026,396,A - IPC Crime,PORNOGRAPHY (Sec.292 to 294 IPC/294 TO 296 BNS),Book,0,0,0,0,3,Cyber Crime,,,0.4,token_overlap
1164,CRIME_REVIEW_FOR_THE_MONTH_OF_MAY_2026.csv,5,2026,397,A - IPC Crime,PORNOGRAPHY (Sec.292 to 294 IPC/294 TO 296 BNS),Computer Software,0,0,0,0,3,Cyber Crime,,,0.4,token_overlap
1165,CRIME_REVIEW_FOR_THE_MONTH_OF_MAY_2026.csv,5,2026,398,A - IPC Crime,PORNOGRAPHY (Sec.292 to 294 IPC/294 TO 296 BNS),Figures,0,0,0,0,3,Cyber Crime,,,0.4,token_overlap
1166,CRIME_REVIEW_FOR_THE_MONTH_OF_MAY_2026.csv,5,2026,399,A - IPC Crime,PORNOGRAPHY (Sec.292 to 294 IPC/294 TO 296 BNS),Film (Blue),0,0,0,0,3,Cyber Crime,,,0.4,token_overlap
1167,CRIME_REVIEW_FOR_THE_MONTH_OF_MAY_2026.csv,5,2026,400,A - IPC Crime,PORNOGRAPHY (Sec.292 to 294 IPC/294 TO 296 BNS),Painting,0,0,0,0,3,Cyber Crime,,,0.4,token_overlap
1168,CRIME_REVIEW_FOR_THE_MONTH_OF_MAY_2026.csv,5,2026,401,A - IPC Crime,PORNOGRAPHY (Sec.292 to 294 IPC/294 TO 296 BNS),Pamphlet,0,0,0,0,3,Cyber Crime,,,0.4,token_overlap
1169,CRIME_REVIEW_FOR_THE_MONTH_OF_MAY_2026.csv,5,2026,402,A - IPC Crime,PORNOGRAPHY (Sec.292 to 294 IPC/294 TO 296 BNS),Paper,0,0,0,0,3,Cyber Crime,,,0.4,token_overlap
1170,CRIME_REVIEW_FOR_THE_MONTH_OF_MAY_2026.csv,5,2026,403,A - IPC Crime,PORNOGRAPHY (Sec.292 to 294 IPC/294 TO 296 BNS),Photography,1,0,0,1,3,Cyber Crime,,,0.4,token_overlap
1171,CRIME_REVIEW_FOR_THE_MONTH_OF_MAY_2026.csv,5,2026,404,A - IPC Crime,PORNOGRAPHY (Sec.292 to 294 IPC/294 TO 296 BNS),Poster,1,0,0,0,3,Cyber Crime,,,0.4,token_overlap
1172,CRIME_REVIEW_FOR_THE_MONTH_OF_MAY_2026.csv,5,2026,405,A - IPC Crime,PORNOGRAPHY (Sec.292 to 294 IPC/294 TO 296 BNS),Video Film(Blue),0,0,0,0,3,Cyber Crime,,,0.4,token_overlap
1173,CRIME_REVIEW_FOR_THE_MONTH_OF_MAY_2026.csv,5,2026,406,A - IPC Crime,PORNOGRAPHY (Sec.292 to 294 IPC/294 TO 296 BNS),Others,3,0,1,0,3,Cyber Crime,,,0.4,token_overlap
1174,CRIME_REVIEW_FOR_THE_MONTH_OF_MAY_2026.csv,5,2026,407,A - IPC Crime,PUBLIC JUSTICE (Sec.213 to 215 IPC/250 TO 252 BNS),NA,1,0,0,0,3,Cyber Crime,,,0.4,token_overlap
1175,CRIME_REVIEW_FOR_THE_MONTH_OF_MAY_2026.csv,5,2026,408,A - IPC Crime,"PUBLIC NUISANCE (Sec.291 and 510 IPC/293,355 BNS)",NA,405,24,68,40,3,Cyber Crime,,,0.4,token_overlap
1176,CRIME_REVIEW_FOR_THE_MONTH_OF_MAY_2026.csv,5,2026,409,A - IPC Crime,"PUBLIC SAFETY (Sec.269 to 271, 277, 283, 289 IPC/271 to 273, 279,285,291 BNS)",NA,946,164,94,133,3,Cyber Crime,,,0.4,token_overlap
1177,CRIME_REVIEW_FOR_THE_MONTH_OF_MAY_2026.csv,5,2026,410,A - IPC Crime,"OFFENCES AGAINST PUBLIC SERVANTS (Public servant is a victim) (Sec 182-188, 332, 333, 353 IPC/217-223,121(1),121(2), 132 BNS)",Attempt to Commit,8,3,2,3,2,Crimes Against Persons,,,0.4,token_overlap
1178,CRIME_REVIEW_FOR_THE_MONTH_OF_MAY_2026.csv,5,2026,411,A - IPC Crime,"OFFENCES AGAINST PUBLIC SERVANTS (Public servant is a victim) (Sec 182-188, 332, 333, 353 IPC/217-223,121(1),121(2), 132 BNS)",Defence Personnel,2,1,0,0,2,Crimes Against Persons,,,0.4,token_overlap
1179,CRIME_REVIEW_FOR_THE_MONTH_OF_MAY_2026.csv,5,2026,412,A - IPC Crime,"OFFENCES AGAINST PUBLIC SERVANTS (Public servant is a victim) (Sec 182-188, 332, 333, 353 IPC/217-223,121(1),121(2), 132 BNS)",Jail Personnel,6,0,2,1,2,Crimes Against Persons,,,0.4,token_overlap
1180,CRIME_REVIEW_FOR_THE_MONTH_OF_MAY_2026.csv,5,2026,413,A - IPC Crime,"OFFENCES AGAINST PUBLIC SERVANTS (Public servant is a victim) (Sec 182-188, 332, 333, 353 IPC/217-223,121(1),121(2), 132 BNS)",Judicial Official,7,3,1,2,2,Crimes Against Persons,,,0.4,token_overlap
1181,CRIME_REVIEW_FOR_THE_MONTH_OF_MAY_2026.csv,5,2026,414,A - IPC Crime,"OFFENCES AGAINST PUBLIC SERVANTS (Public servant is a victim) (Sec 182-188, 332, 333, 353 IPC/217-223,121(1),121(2), 132 BNS)",Minister,0,0,0,0,2,Crimes Against Persons,,,0.4,token_overlap
1182,CRIME_REVIEW_FOR_THE_MONTH_OF_MAY_2026.csv,5,2026,415,A - IPC Crime,"OFFENCES AGAINST PUBLIC SERVANTS (Public servant is a victim) (Sec 182-188, 332, 333, 353 IPC/217-223,121(1),121(2), 132 BNS)",MLA,0,0,0,0,2,Crimes Against Persons,,,0.4,token_overlap
1183,CRIME_REVIEW_FOR_THE_MONTH_OF_MAY_2026.csv,5,2026,416,A - IPC Crime,"OFFENCES AGAINST PUBLIC SERVANTS (Public servant is a victim) (Sec 182-188, 332, 333, 353 IPC/217-223,121(1),121(2), 132 BNS)",MP,0,0,0,0,2,Crimes Against Persons,,,0.4,token_overlap
1184,CRIME_REVIEW_FOR_THE_MONTH_OF_MAY_2026.csv,5,2026,417,A - IPC Crime,"OFFENCES AGAINST PUBLIC SERVANTS (Public servant is a victim) (Sec 182-188, 332, 333, 353 IPC/217-223,121(1),121(2), 132 BNS)",Nationalised Bank Personnel,1,1,0,0,2,Crimes Against Persons,,,0.4,token_overlap
1185,CRIME_REVIEW_FOR_THE_MONTH_OF_MAY_2026.csv,5,2026,418,A - IPC Crime,"OFFENCES AGAINST PUBLIC SERVANTS (Public servant is a victim) (Sec 182-188, 332, 333, 353 IPC/217-223,121(1),121(2), 132 BNS)",Other Elected Member,0,1,0,0,2,Crimes Against Persons,,,0.4,token_overlap
1186,CRIME_REVIEW_FOR_THE_MONTH_OF_MAY_2026.csv,5,2026,419,A - IPC Crime,"OFFENCES AGAINST PUBLIC SERVANTS (Public servant is a victim) (Sec 182-188, 332, 333, 353 IPC/217-223,121(1),121(2), 132 BNS)",Other Enforcement Official,0,0,0,0,2,Crimes Against Persons,,,0.4,token_overlap
1187,CRIME_REVIEW_FOR_THE_MONTH_OF_MAY_2026.csv,5,2026,420,A - IPC Crime,"OFFENCES AGAINST PUBLIC SERVANTS (Public servant is a victim) (Sec 182-188, 332, 333, 353 IPC/217-223,121(1),121(2), 132 BNS)",Other Govt. Official,180,31,32,42,2,Crimes Against Persons,,,0.4,token_overlap
1188,CRIME_REVIEW_FOR_THE_MONTH_OF_MAY_2026.csv,5,2026,421,A - IPC Crime,"OFFENCES AGAINST PUBLIC SERVANTS (Public servant is a victim) (Sec 182-188, 332, 333, 353 IPC/217-223,121(1),121(2), 132 BNS)",Para Military Personnel,0,0,0,0,2,Crimes Against Persons,,,0.4,token_overlap
1189,CRIME_REVIEW_FOR_THE_MONTH_OF_MAY_2026.csv,5,2026,422,A - IPC Crime,"OFFENCES AGAINST PUBLIC SERVANTS (Public servant is a victim) (Sec 182-188, 332, 333, 353 IPC/217-223,121(1),121(2), 132 BNS)",Police Personnel,191,46,48,36,2,Crimes Against Persons,,,0.4,token_overlap
1190,CRIME_REVIEW_FOR_THE_MONTH_OF_MAY_2026.csv,5,2026,423,A - IPC Crime,"OFFENCES AGAINST PUBLIC SERVANTS (Public servant is a victim) (Sec 182-188, 332, 333, 353 IPC/217-223,121(1),121(2), 132 BNS)",Public Sector Undertaking Official,37,15,7,8,2,Crimes Against Persons,,,0.4,token_overlap
1191,CRIME_REVIEW_FOR_THE_MONTH_OF_MAY_2026.csv,5,2026,424,A - IPC Crime,"OFFENCES BY PUBLIC SERVANTS (EXCEPT CORRUPTION) (Public servant is accused) (Sec.128, 129, 167, 218, 221, 222 IPC/156,157,201,256,259,260 BNS)",Defence Personnel,0,0,0,0,3,Cyber Crime,,,0.4,token_overlap
1192,CRIME_REVIEW_FOR_THE_MONTH_OF_MAY_2026.csv,5,2026,425,A - IPC Crime,"OFFENCES BY PUBLIC SERVANTS (EXCEPT CORRUPTION) (Public servant is accused) (Sec.128, 129, 167, 218, 221, 222 IPC/156,157,201,256,259,260 BNS)",Jail Personnel,0,0,0,0,3,Cyber Crime,,,0.4,token_overlap
1193,CRIME_REVIEW_FOR_THE_MONTH_OF_MAY_2026.csv,5,2026,426,A - IPC Crime,"OFFENCES BY PUBLIC SERVANTS (EXCEPT CORRUPTION) (Public servant is accused) (Sec.128, 129, 167, 218, 221, 222 IPC/156,157,201,256,259,260 BNS)",Judicial Official,0,0,0,0,3,Cyber Crime,,,0.4,token_overlap
1194,CRIME_REVIEW_FOR_THE_MONTH_OF_MAY_2026.csv,5,2026,427,A - IPC Crime,"OFFENCES BY PUBLIC SERVANTS (EXCEPT CORRUPTION) (Public servant is accused) (Sec.128, 129, 167, 218, 221, 222 IPC/156,157,201,256,259,260 BNS)",Minister,0,0,0,0,3,Cyber Crime,,,0.4,token_overlap
1195,CRIME_REVIEW_FOR_THE_MONTH_OF_MAY_2026.csv,5,2026,428,A - IPC Crime,"OFFENCES BY PUBLIC SERVANTS (EXCEPT CORRUPTION) (Public servant is accused) (Sec.128, 129, 167, 218, 221, 222 IPC/156,157,201,256,259,260 BNS)",MLA,0,0,0,0,3,Cyber Crime,,,0.4,token_overlap
1196,CRIME_REVIEW_FOR_THE_MONTH_OF_MAY_2026.csv,5,2026,429,A - IPC Crime,"OFFENCES BY PUBLIC SERVANTS (EXCEPT CORRUPTION) (Public servant is accused) (Sec.128, 129, 167, 218, 221, 222 IPC/156,157,201,256,259,260 BNS)",MP,0,0,0,0,3,Cyber Crime,,,0.4,token_overlap
1197,CRIME_REVIEW_FOR_THE_MONTH_OF_MAY_2026.csv,5,2026,430,A - IPC Crime,"OFFENCES BY PUBLIC SERVANTS (EXCEPT CORRUPTION) (Public servant is accused) (Sec.128, 129, 167, 218, 221, 222 IPC/156,157,201,256,259,260 BNS)",Nationalised Bank Personnel,0,0,0,0,3,Cyber Crime,,,0.4,token_overlap
1198,CRIME_REVIEW_FOR_THE_MONTH_OF_MAY_2026.csv,5,2026,431,A - IPC Crime,"OFFENCES BY PUBLIC SERVANTS (EXCEPT CORRUPTION) (Public servant is accused) (Sec.128, 129, 167, 218, 221, 222 IPC/156,157,201,256,259,260 BNS)",Other Elected Member,0,0,0,0,3,Cyber Crime,,,0.4,token_overlap
1199,CRIME_REVIEW_FOR_THE_MONTH_OF_MAY_2026.csv,5,2026,432,A - IPC Crime,"OFFENCES BY PUBLIC SERVANTS (EXCEPT CORRUPTION) (Public servant is accused) (Sec.128, 129, 167, 218, 221, 222 IPC/156,157,201,256,259,260 BNS)",Other Enforcement Official,0,0,0,0,3,Cyber Crime,,,0.4,token_overlap
1200,CRIME_REVIEW_FOR_THE_MONTH_OF_MAY_2026.csv,5,2026,433,A - IPC Crime,"OFFENCES BY PUBLIC SERVANTS (EXCEPT CORRUPTION) (Public servant is accused) (Sec.128, 129, 167, 218, 221, 222 IPC/156,157,201,256,259,260 BNS)",Other Govt. Official,1,0,0,0,3,Cyber Crime,,,0.4,token_overlap
1201,CRIME_REVIEW_FOR_THE_MONTH_OF_MAY_2026.csv,5,2026,434,A - IPC Crime,"OFFENCES BY PUBLIC SERVANTS (EXCEPT CORRUPTION) (Public servant is accused) (Sec.128, 129, 167, 218, 221, 222 IPC/156,157,201,256,259,260 BNS)",Para Military Personnel,0,0,0,0,3,Cyber Crime,,,0.4,token_overlap
1202,CRIME_REVIEW_FOR_THE_MONTH_OF_MAY_2026.csv,5,2026,435,A - IPC Crime,"OFFENCES BY PUBLIC SERVANTS (EXCEPT CORRUPTION) (Public servant is accused) (Sec.128, 129, 167, 218, 221, 222 IPC/156,157,201,256,259,260 BNS)",Police Personnel,0,0,0,0,3,Cyber Crime,,,0.4,token_overlap
1203,CRIME_REVIEW_FOR_THE_MONTH_OF_MAY_2026.csv,5,2026,436,A - IPC Crime,"OFFENCES BY PUBLIC SERVANTS (EXCEPT CORRUPTION) (Public servant is accused) (Sec.128, 129, 167, 218, 221, 222 IPC/156,157,201,256,259,260 BNS)",Public Sector Undertaking Official,0,1,0,0,3,Cyber Crime,,,0.4,token_overlap
1204,CRIME_REVIEW_FOR_THE_MONTH_OF_MAY_2026.csv,5,2026,437,A - IPC Crime,"OFFENCES BY PUBLIC SERVANTS (EXCEPT CORRUPTION) (Public servant is accused) (Sec.128, 129, 167, 218, 221, 222 IPC/156,157,201,256,259,260 BNS)",Others,0,0,0,0,3,Cyber Crime,,,0.4,token_overlap
1205,CRIME_REVIEW_FOR_THE_MONTH_OF_MAY_2026.csv,5,2026,438,A - IPC Crime,"NEGLIGENT ACT (Sec.280 to 289, 336 to 338 except 283 IPC/282 to 291,125 to 125(b) except 285 BNS)",Animal -Related,29,5,6,9,3,Cyber Crime,,,0.4,token_overlap
1206,CRIME_REVIEW_FOR_THE_MONTH_OF_MAY_2026.csv,5,2026,439,A - IPC Crime,"NEGLIGENT ACT (Sec.280 to 289, 336 to 338 except 283 IPC/282 to 291,125 to 125(b) except 285 BNS)",Boat/Vessel - Related,3,0,0,0,3,Cyber Crime,,,0.4,token_overlap
1207,CRIME_REVIEW_FOR_THE_MONTH_OF_MAY_2026.csv,5,2026,440,A - IPC Crime,"NEGLIGENT ACT (Sec.280 to 289, 336 to 338 except 283 IPC/282 to 291,125 to 125(b) except 285 BNS)",Explosive/Explosive Substances - Related,11,1,0,2,3,Cyber Crime,,,0.4,token_overlap
1208,CRIME_REVIEW_FOR_THE_MONTH_OF_MAY_2026.csv,5,2026,441,A - IPC Crime,"NEGLIGENT ACT (Sec.280 to 289, 336 to 338 except 283 IPC/282 to 291,125 to 125(b) except 285 BNS)",Inflammable Substance- Related,13,3,1,1,3,Cyber Crime,,,0.4,token_overlap
1209,CRIME_REVIEW_FOR_THE_MONTH_OF_MAY_2026.csv,5,2026,442,A - IPC Crime,"NEGLIGENT ACT (Sec.280 to 289, 336 to 338 except 283 IPC/282 to 291,125 to 125(b) except 285 BNS)",Machinery - Related,68,5,13,10,3,Cyber Crime,,,0.4,token_overlap
1210,CRIME_REVIEW_FOR_THE_MONTH_OF_MAY_2026.csv,5,2026,443,A - IPC Crime,"NEGLIGENT ACT (Sec.280 to 289, 336 to 338 except 283 IPC/282 to 291,125 to 125(b) except 285 BNS)",Poisonous Substance - Related,5,0,2,1,3,Cyber Crime,,,0.4,token_overlap
1211,CRIME_REVIEW_FOR_THE_MONTH_OF_MAY_2026.csv,5,2026,444,A - IPC Crime,"NEGLIGENT ACT (Sec.280 to 289, 336 to 338 except 283 IPC/282 to 291,125 to 125(b) except 285 BNS)",Other - Related,483,57,91,71,3,Cyber Crime,,,0.4,token_overlap
1212,CRIME_REVIEW_FOR_THE_MONTH_OF_MAY_2026.csv,5,2026,445,A - IPC Crime,"NEGLIGENT ACT (Sec.280 to 289, 336 to 338 except 283 IPC/282 to 291,125 to 125(b) except 285 BNS)",Human - Related,125,55,27,18,3,Cyber Crime,,,0.4,token_overlap
1213,CRIME_REVIEW_FOR_THE_MONTH_OF_MAY_2026.csv,5,2026,446,A - IPC Crime,"NEGLIGENT ACT (Sec.280 to 289, 336 to 338 except 283 IPC/282 to 291,125 to 125(b) except 285 BNS)",Wheeling,148,12,19,17,3,Cyber Crime,,,0.4,token_overlap
1214,CRIME_REVIEW_FOR_THE_MONTH_OF_MAY_2026.csv,5,2026,447,A - IPC Crime,"NEGLIGENT ACT (Sec.280 to 289, 336 to 338 except 283 IPC/282 to 291,125 to 125(b) except 285 BNS)",Drink & Drive Without DL,1,5,0,0,3,Cyber Crime,,,0.4,token_overlap
1215,CRIME_REVIEW_FOR_THE_MONTH_OF_MAY_2026.csv,5,2026,448,A - IPC Crime,"NEGLIGENT ACT (Sec.280 to 289, 336 to 338 except 283 IPC/282 to 291,125 to 125(b) except 285 BNS)",Death Causeed By Electric Shock,37,14,9,9,3,Cyber Crime,,,0.4,token_overlap
1216,CRIME_REVIEW_FOR_THE_MONTH_OF_MAY_2026.csv,5,2026,449,A - IPC Crime,"NEGLIGENT ACT (Sec.280 to 289, 336 to 338 except 283 IPC/282 to 291,125 to 125(b) except 285 BNS)",Defective Silencer,7,1,0,2,3,Cyber Crime,,,0.4,token_overlap
1217,CRIME_REVIEW_FOR_THE_MONTH_OF_MAY_2026.csv,5,2026,450,A - IPC Crime,"NEGLIGENT ACT (Sec.280 to 289, 336 to 338 except 283 IPC/282 to 291,125 to 125(b) except 285 BNS)",Footpath Riding,0,0,0,0,3,Cyber Crime,,,0.4,token_overlap
1218,CRIME_REVIEW_FOR_THE_MONTH_OF_MAY_2026.csv,5,2026,451,A - IPC Crime,"NEGLIGENT ACT (Sec.280 to 289, 336 to 338 except 283 IPC/282 to 291,125 to 125(b) except 285 BNS)",Racing & Trials of Speed,1,1,0,0,3,Cyber Crime,,,0.4,token_overlap
1219,CRIME_REVIEW_FOR_THE_MONTH_OF_MAY_2026.csv,5,2026,452,A - IPC Crime,"NEGLIGENT ACT (Sec.280 to 289, 336 to 338 except 283 IPC/282 to 291,125 to 125(b) except 285 BNS)",Rash & Negligence/Dangerous Driving,297,20,58,41,3,Cyber Crime,,,0.4,token_overlap
1220,CRIME_REVIEW_FOR_THE_MONTH_OF_MAY_2026.csv,5,2026,453,A - IPC Crime,RECEIVING OF STOLEN PROPERTY (Sec.411 to 414 IPC/317(2) TO 317(5) BNS),NA,0,0,0,0,3,Cyber Crime,,,0.4,token_overlap
1221,CRIME_REVIEW_FOR_THE_MONTH_OF_MAY_2026.csv,5,2026,454,A - IPC Crime,SEDITION (Sec. 124A IPC/IN BNS Deleted),Attempt to Commit,0,0,0,0,3,Cyber Crime,,,0.4,token_overlap
1222,CRIME_REVIEW_FOR_THE_MONTH_OF_MAY_2026.csv,5,2026,455,A - IPC Crime,SEDITION (Sec. 124A IPC/IN BNS Deleted),By Foreigner,0,0,0,0,3,Cyber Crime,,,0.4,token_overlap
1223,CRIME_REVIEW_FOR_THE_MONTH_OF_MAY_2026.csv,5,2026,456,A - IPC Crime,SEDITION (Sec. 124A IPC/IN BNS Deleted),By National,0,0,0,0,3,Cyber Crime,,,0.4,token_overlap
1224,CRIME_REVIEW_FOR_THE_MONTH_OF_MAY_2026.csv,5,2026,457,A - IPC Crime,SEDITION (Sec. 124A IPC/IN BNS Deleted),By National And Foreigner,0,0,0,0,3,Cyber Crime,,,0.4,token_overlap
1225,CRIME_REVIEW_FOR_THE_MONTH_OF_MAY_2026.csv,5,2026,458,A - IPC Crime,INSULTING MODESTY OF WOMEN (EVE TEASING) (Sec.509 IPC/79 BNS),Attempt to Commit,5,1,2,0,3,Cyber Crime,,,0.4,token_overlap
1226,CRIME_REVIEW_FOR_THE_MONTH_OF_MAY_2026.csv,5,2026,459,A - IPC Crime,INSULTING MODESTY OF WOMEN (EVE TEASING) (Sec.509 IPC/79 BNS),Office,8,1,2,1,3,Cyber Crime,,,0.4,token_overlap
1227,CRIME_REVIEW_FOR_THE_MONTH_OF_MAY_2026.csv,5,2026,460,A - IPC Crime,INSULTING MODESTY OF WOMEN (EVE TEASING) (Sec.509 IPC/79 BNS),Public Conveyance,2,2,1,0,3,Cyber Crime,,,0.4,token_overlap
1228,CRIME_REVIEW_FOR_THE_MONTH_OF_MAY_2026.csv,5,2026,461,A - IPC Crime,INSULTING MODESTY OF WOMEN (EVE TEASING) (Sec.509 IPC/79 BNS),Public Place,72,11,17,9,3,Cyber Crime,,,0.4,token_overlap
1229,CRIME_REVIEW_FOR_THE_MONTH_OF_MAY_2026.csv,5,2026,462,A - IPC Crime,INSULTING MODESTY OF WOMEN (EVE TEASING) (Sec.509 IPC/79 BNS),Other Places,84,19,16,10,3,Cyber Crime,,,0.4,token_overlap
1230,CRIME_REVIEW_FOR_THE_MONTH_OF_MAY_2026.csv,5,2026,463,A - IPC Crime,"SUICIDE (Sec.305, 306, 309 IPC/107,108 BNS)",Dowry,3,0,1,1,3,Cyber Crime,,,0.4,token_overlap
1231,CRIME_REVIEW_FOR_THE_MONTH_OF_MAY_2026.csv,5,2026,464,A - IPC Crime,"SUICIDE (Sec.305, 306, 309 IPC/107,108 BNS)",Abetment of Suicide,186,31,39,50,3,Cyber Crime,,,0.4,token_overlap
1232,CRIME_REVIEW_FOR_THE_MONTH_OF_MAY_2026.csv,5,2026,465,A - IPC Crime,"SUICIDE (Sec.305, 306, 309 IPC/107,108 BNS)",Other Reasons,112,23,31,23,3,Cyber Crime,,,0.4,token_overlap
1233,CRIME_REVIEW_FOR_THE_MONTH_OF_MAY_2026.csv,5,2026,466,A - IPC Crime,"SUICIDE (Sec.305, 306, 309 IPC/107,108 BNS)",Attempt to Commit suicide,27,3,3,6,3,Cyber Crime,,,0.4,token_overlap
1234,CRIME_REVIEW_FOR_THE_MONTH_OF_MAY_2026.csv,5,2026,467,A - IPC Crime,UNNATURAL SEX (Sec.377 IPC/IN BNS Deleted),Abetment,0,0,0,0,3,Cyber Crime,,,0.4,token_overlap
1235,CRIME_REVIEW_FOR_THE_MONTH_OF_MAY_2026.csv,5,2026,468,A - IPC Crime,UNNATURAL SEX (Sec.377 IPC/IN BNS Deleted),Animal,0,0,0,0,3,Cyber Crime,,,0.4,token_overlap
1236,CRIME_REVIEW_FOR_THE_MONTH_OF_MAY_2026.csv,5,2026,469,A - IPC Crime,UNNATURAL SEX (Sec.377 IPC/IN BNS Deleted),Attempt,0,0,0,0,3,Cyber Crime,,,0.4,token_overlap
1237,CRIME_REVIEW_FOR_THE_MONTH_OF_MAY_2026.csv,5,2026,470,A - IPC Crime,UNNATURAL SEX (Sec.377 IPC/IN BNS Deleted),Major - Man,0,0,0,0,3,Cyber Crime,,,0.4,token_overlap
1238,CRIME_REVIEW_FOR_THE_MONTH_OF_MAY_2026.csv,5,2026,471,A - IPC Crime,UNNATURAL SEX (Sec.377 IPC/IN BNS Deleted),Major - Woman,0,0,0,0,3,Cyber Crime,,,0.4,token_overlap
1239,CRIME_REVIEW_FOR_THE_MONTH_OF_MAY_2026.csv,5,2026,472,A - IPC Crime,UNNATURAL SEX (Sec.377 IPC/IN BNS Deleted),Minor - Boy,0,0,0,0,3,Cyber Crime,,,0.4,token_overlap
1240,CRIME_REVIEW_FOR_THE_MONTH_OF_MAY_2026.csv,5,2026,473,A - IPC Crime,UNNATURAL SEX (Sec.377 IPC/IN BNS Deleted),Minor - Girl,0,0,0,0,3,Cyber Crime,,,0.4,token_overlap
1241,CRIME_REVIEW_FOR_THE_MONTH_OF_MAY_2026.csv,5,2026,474,A - IPC Crime,"WRONGFUL RESTRAINT/CONFINEMENT (Sec.341 to 348 IPC/126(2),127(2)-127(8) BNS)",Attempt to Commit,7,3,3,0,3,Cyber Crime,,,0.4,token_overlap
1242,CRIME_REVIEW_FOR_THE_MONTH_OF_MAY_2026.csv,5,2026,475,A - IPC Crime,"WRONGFUL RESTRAINT/CONFINEMENT (Sec.341 to 348 IPC/126(2),127(2)-127(8) BNS)",To Extort Confession,5,0,1,1,3,Cyber Crime,,,0.4,token_overlap
1243,CRIME_REVIEW_FOR_THE_MONTH_OF_MAY_2026.csv,5,2026,476,A - IPC Crime,"WRONGFUL RESTRAINT/CONFINEMENT (Sec.341 to 348 IPC/126(2),127(2)-127(8) BNS)",To Extort Property,7,3,1,3,3,Cyber Crime,,,0.4,token_overlap
1244,CRIME_REVIEW_FOR_THE_MONTH_OF_MAY_2026.csv,5,2026,477,A - IPC Crime,"WRONGFUL RESTRAINT/CONFINEMENT (Sec.341 to 348 IPC/126(2),127(2)-127(8) BNS)",To settle Dispute,14,4,0,1,3,Cyber Crime,,,0.4,token_overlap
1245,CRIME_REVIEW_FOR_THE_MONTH_OF_MAY_2026.csv,5,2026,478,A - IPC Crime,"WRONGFUL RESTRAINT/CONFINEMENT (Sec.341 to 348 IPC/126(2),127(2)-127(8) BNS)",Others,225,37,59,50,3,Cyber Crime,,,0.4,token_overlap
1246,CRIME_REVIEW_FOR_THE_MONTH_OF_MAY_2026.csv,5,2026,479,A - IPC Crime,"INFANTICIDE (Sec.315, 316 IPC/91,92 BNS)",Male,2,0,0,0,3,Cyber Crime,,,0.4,token_overlap
1247,CRIME_REVIEW_FOR_THE_MONTH_OF_MAY_2026.csv,5,2026,480,A - IPC Crime,"INFANTICIDE (Sec.315, 316 IPC/91,92 BNS)",Female,1,1,0,0,3,Cyber Crime,,,0.4,token_overlap
1248,CRIME_REVIEW_FOR_THE_MONTH_OF_MAY_2026.csv,5,2026,481,A - IPC Crime,"OFFENCES RELATED TO MARRIAGE (Sec.493 to 498 IPC/81,84 BNS)",NA,13,4,4,3,3,Cyber Crime,,,0.4,token_overlap
1249,CRIME_REVIEW_FOR_THE_MONTH_OF_MAY_2026.csv,5,2026,482,A - IPC Crime,"BUYING & SELLING MINOR FOR PROSTITUTION (Sec.372, 373 IPC/98,99 BNS)",NA,0,0,0,0,3,Cyber Crime,,,0.4,token_overlap
1250,CRIME_REVIEW_FOR_THE_MONTH_OF_MAY_2026.csv,5,2026,483,A - IPC Crime,DOCUMENTS & PROPERTY MARKS (Sec.483 to 489 IPC/346-350(2) BNS),Documents,0,0,0,0,3,Cyber Crime,,,0.4,token_overlap
1251,CRIME_REVIEW_FOR_THE_MONTH_OF_MAY_2026.csv,5,2026,484,A - IPC Crime,DOCUMENTS & PROPERTY MARKS (Sec.483 to 489 IPC/346-350(2) BNS),Property,0,0,0,0,3,Cyber Crime,,,0.4,token_overlap
1252,CRIME_REVIEW_FOR_THE_MONTH_OF_MAY_2026.csv,5,2026,485,A - IPC Crime,DEFAMATION (Sec.500 to 502 IPC/350(2)-356(4) BNS),Persons,8,0,2,2,2,Crimes Against Persons,,,0.4,token_overlap
1253,CRIME_REVIEW_FOR_THE_MONTH_OF_MAY_2026.csv,5,2026,486,A - IPC Crime,DEFAMATION (Sec.500 to 502 IPC/350(2)-356(4) BNS),Printed Matter,0,0,0,0,3,Cyber Crime,,,0.4,token_overlap
1254,CRIME_REVIEW_FOR_THE_MONTH_OF_MAY_2026.csv,5,2026,487,A - IPC Crime,DEFAMATION (Sec.500 to 502 IPC/350(2)-356(4) BNS),Others,1,1,0,0,3,Cyber Crime,,,0.4,token_overlap
1255,CRIME_REVIEW_FOR_THE_MONTH_OF_MAY_2026.csv,5,2026,488,A - IPC Crime,ELECTION(Sec.171(E) to 171(1) IPC/173-177 BNS),Assembly,6,0,6,0,3,Cyber Crime,,,0.4,token_overlap
1256,CRIME_REVIEW_FOR_THE_MONTH_OF_MAY_2026.csv,5,2026,489,A - IPC Crime,ELECTION(Sec.171(E) to 171(1) IPC/173-177 BNS),Parliament,0,0,0,0,3,Cyber Crime,,,0.4,token_overlap
1257,CRIME_REVIEW_FOR_THE_MONTH_OF_MAY_2026.csv,5,2026,490,A - IPC Crime,ELECTION(Sec.171(E) to 171(1) IPC/173-177 BNS),Other Elected Bodies,2,0,0,1,3,Cyber Crime,,,0.4,token_overlap
1258,CRIME_REVIEW_FOR_THE_MONTH_OF_MAY_2026.csv,5,2026,491,A - IPC Crime,"SLAVERY (Sec.370, 371, 374 IPC/143,145,146 BNS)",Man,0,0,0,0,3,Cyber Crime,,,0.4,token_overlap
1259,CRIME_REVIEW_FOR_THE_MONTH_OF_MAY_2026.csv,5,2026,492,A - IPC Crime,"SLAVERY (Sec.370, 371, 374 IPC/143,145,146 BNS)",Woman,0,0,0,0,3,Cyber Crime,,,0.4,token_overlap
1260,CRIME_REVIEW_FOR_THE_MONTH_OF_MAY_2026.csv,5,2026,493,A - IPC Crime,"SLAVERY (Sec.370, 371, 374 IPC/143,145,146 BNS)",Boy,3,0,0,1,3,Cyber Crime,,,0.4,token_overlap
1261,CRIME_REVIEW_FOR_THE_MONTH_OF_MAY_2026.csv,5,2026,494,A - IPC Crime,"SLAVERY (Sec.370, 371, 374 IPC/143,145,146 BNS)",Girl,0,0,0,0,3,Cyber Crime,,,0.4,token_overlap
1262,CRIME_REVIEW_FOR_THE_MONTH_OF_MAY_2026.csv,5,2026,495,A - IPC Crime,Attempting to commit offences (Sec.511 IPC/62 BNS),Attempting to commit offences,11,24,0,0,3,Cyber Crime,,,0.4,token_overlap
1263,CRIME_REVIEW_FOR_THE_MONTH_OF_MAY_2026.csv,5,2026,496,A - IPC Crime,ILLEGAL DETENTION (Sec.342 IPC/127(2) BNS),NA,1,0,1,0,3,Cyber Crime,,,0.4,token_overlap
1264,CRIME_REVIEW_FOR_THE_MONTH_OF_MAY_2026.csv,5,2026,497,A - IPC Crime,FALSE EVIDENCE (Sec.191 to 205 IPC/227-242 BNS),NA,1,1,0,0,3,Cyber Crime,,,0.4,token_overlap
1265,CRIME_REVIEW_FOR_THE_MONTH_OF_MAY_2026.csv,5,2026,498,A - IPC Crime,EXPOSURE AND ABANDONMENT OF CHILD (Sec.317 IPC/93 BNS),Boy,9,4,2,4,3,Cyber Crime,,,0.4,token_overlap
1266,CRIME_REVIEW_FOR_THE_MONTH_OF_MAY_2026.csv,5,2026,499,A - IPC Crime,EXPOSURE AND ABANDONMENT OF CHILD (Sec.317 IPC/93 BNS),Girl,10,0,2,2,3,Cyber Crime,,,0.4,token_overlap
1267,CRIME_REVIEW_FOR_THE_MONTH_OF_MAY_2026.csv,5,2026,500,A - IPC Crime,OF ABETMENT (Sec.107 to 120 IPC/45-60 BNS),NA,2,1,1,0,3,Cyber Crime,,,0.4,token_overlap
1268,CRIME_REVIEW_FOR_THE_MONTH_OF_MAY_2026.csv,5,2026,501,A - IPC Crime,"FAILURE TO APPEAR TO COURT (Sec.174A, 229A IPC/209,269 BNS)",IPC 174 A/BNS 209,74,167,7,20,3,Cyber Crime,,,0.4,token_overlap
1269,CRIME_REVIEW_FOR_THE_MONTH_OF_MAY_2026.csv,5,2026,502,A - IPC Crime,"FAILURE TO APPEAR TO COURT (Sec.174A, 229A IPC/209,269 BNS)",IPC 229 A/BNS 269,274,418,44,66,3,Cyber Crime,,,0.4,token_overlap
1270,CRIME_REVIEW_FOR_THE_MONTH_OF_MAY_2026.csv,5,2026,503,A - IPC Crime,Concealment of birth by secret disposal of Child,Girl,10,1,3,2,3,Cyber Crime,,,0.4,token_overlap
1271,CRIME_REVIEW_FOR_THE_MONTH_OF_MAY_2026.csv,5,2026,504,A - IPC Crime,Concealment of birth by secret disposal of Child,Boy,13,3,3,2,3,Cyber Crime,,,0.4,token_overlap
1272,CRIME_REVIEW_FOR_THE_MONTH_OF_MAY_2026.csv,5,2026,505,A - IPC Crime,ASSAULT OR USE OF CRIMINAL FORCE TO DISROBE WOMEN,Disobedience to Order Promulgated by Public/Servant,,,,,2,Crimes Against Persons,5,Assault,0.95,substring
1273,CRIME_REVIEW_FOR_THE_MONTH_OF_MAY_2026.csv,5,2026,506,A - IPC Crime,ASSAULT OR USE OF CRIMINAL FORCE TO DISROBE WOMEN,By Govt. Institution,10,0,0,1,2,Crimes Against Persons,5,Assault,0.95,substring
1274,CRIME_REVIEW_FOR_THE_MONTH_OF_MAY_2026.csv,5,2026,507,A - IPC Crime,ASSAULT OR USE OF CRIMINAL FORCE TO DISROBE WOMEN,By Others,9,1,2,3,2,Crimes Against Persons,5,Assault,0.95,substring
1275,CRIME_REVIEW_FOR_THE_MONTH_OF_MAY_2026.csv,5,2026,508,A - IPC Crime,ASSAULT OR USE OF CRIMINAL FORCE TO DISROBE WOMEN,By Private Institution,1,0,0,0,2,Crimes Against Persons,5,Assault,0.95,substring
1276,CRIME_REVIEW_FOR_THE_MONTH_OF_MAY_2026.csv,5,2026,509,A - IPC Crime,Human Trafficking,Women,2,1,0,0,3,Cyber Crime,,,0.4,token_overlap
1277,CRIME_REVIEW_FOR_THE_MONTH_OF_MAY_2026.csv,5,2026,510,A - IPC Crime,Human Trafficking,Girl,0,0,0,0,3,Cyber Crime,,,0.4,token_overlap
1278,CRIME_REVIEW_FOR_THE_MONTH_OF_MAY_2026.csv,5,2026,511,A - IPC Crime,Human Trafficking,Eunuch,0,0,0,0,3,Cyber Crime,,,0.4,token_overlap
1279,CRIME_REVIEW_FOR_THE_MONTH_OF_MAY_2026.csv,5,2026,512,A - IPC Crime,Human Trafficking,Men,2,0,0,0,3,Cyber Crime,,,0.4,token_overlap
1280,CRIME_REVIEW_FOR_THE_MONTH_OF_MAY_2026.csv,5,2026,513,A - IPC Crime,Human Trafficking,Boy,3,1,1,0,3,Cyber Crime,,,0.4,token_overlap
1281,CRIME_REVIEW_FOR_THE_MONTH_OF_MAY_2026.csv,5,2026,514,A - IPC Crime,Giving false information respecting an offence committed,Giving false information respecting an offence committed,6,3,1,3,3,Cyber Crime,,,0.4,token_overlap
1282,CRIME_REVIEW_FOR_THE_MONTH_OF_MAY_2026.csv,5,2026,515,A - IPC Crime,Harbouring offender,NA,0,0,0,0,3,Cyber Crime,,,0.4,token_overlap
1283,CRIME_REVIEW_FOR_THE_MONTH_OF_MAY_2026.csv,5,2026,516,A - IPC Crime,Pettry Organised Crimes,Cargo Theft,0,0,0,0,1,Theft & Burglary,,,0.4,token_overlap
1284,CRIME_REVIEW_FOR_THE_MONTH_OF_MAY_2026.csv,5,2026,517,A - IPC Crime,Pettry Organised Crimes,Pick Pocketing,0,0,0,0,2,Crimes Against Persons,,,0.4,token_overlap
1285,CRIME_REVIEW_FOR_THE_MONTH_OF_MAY_2026.csv,5,2026,518,A - IPC Crime,Pettry Organised Crimes,Shop Lifting,0,0,0,0,2,Crimes Against Persons,,,0.4,token_overlap
1286,CRIME_REVIEW_FOR_THE_MONTH_OF_MAY_2026.csv,5,2026,519,A - IPC Crime,Pettry Organised Crimes,Theft Of ATM Machines,0,0,0,0,1,Theft & Burglary,,,0.4,token_overlap
1287,CRIME_REVIEW_FOR_THE_MONTH_OF_MAY_2026.csv,5,2026,520,A - IPC Crime,Pettry Organised Crimes,Theft From Vehicles,0,0,0,0,1,Theft & Burglary,,,0.4,token_overlap
1288,CRIME_REVIEW_FOR_THE_MONTH_OF_MAY_2026.csv,5,2026,521,A - IPC Crime,Pettry Organised Crimes,Unauthorised Betting/Gambling,66,25,36,19,2,Crimes Against Persons,,,0.4,token_overlap
1289,CRIME_REVIEW_FOR_THE_MONTH_OF_MAY_2026.csv,5,2026,522,A - IPC Crime,Pettry Organised Crimes,Others,5,2,1,2,2,Crimes Against Persons,,,0.4,token_overlap
1290,CRIME_REVIEW_FOR_THE_MONTH_OF_MAY_2026.csv,5,2026,523,A - IPC Crime,Public Servant in Judicial proceeding,Defence Personnel,0,0,0,0,3,Cyber Crime,,,0.4,token_overlap
1291,CRIME_REVIEW_FOR_THE_MONTH_OF_MAY_2026.csv,5,2026,524,A - IPC Crime,Public Servant in Judicial proceeding,Others,0,0,0,0,3,Cyber Crime,,,0.4,token_overlap
1292,CRIME_REVIEW_FOR_THE_MONTH_OF_MAY_2026.csv,5,2026,525,A - IPC Crime,Public Servant in Judicial proceeding,Jail Personnel,0,0,0,0,3,Cyber Crime,,,0.4,token_overlap
1293,CRIME_REVIEW_FOR_THE_MONTH_OF_MAY_2026.csv,5,2026,526,A - IPC Crime,Public Servant in Judicial proceeding,Para Military Personnel,0,0,0,0,3,Cyber Crime,,,0.4,token_overlap
1294,CRIME_REVIEW_FOR_THE_MONTH_OF_MAY_2026.csv,5,2026,527,A - IPC Crime,Public Servant in Judicial proceeding,Police Personnel,0,0,0,0,3,Cyber Crime,,,0.4,token_overlap
1295,CRIME_REVIEW_FOR_THE_MONTH_OF_MAY_2026.csv,5,2026,528,A - IPC Crime,Public Servant in Judicial proceeding,Public Sector Undertaking Official,0,0,0,0,3,Cyber Crime,,,0.4,token_overlap
1296,CRIME_REVIEW_FOR_THE_MONTH_OF_MAY_2026.csv,5,2026,529,A - IPC Crime,Public Servant in Judicial proceeding,Judicial Official,0,0,0,0,3,Cyber Crime,,,0.4,token_overlap
1297,CRIME_REVIEW_FOR_THE_MONTH_OF_MAY_2026.csv,5,2026,530,A - IPC Crime,Public Servant in Judicial proceeding,Minister,0,0,0,0,3,Cyber Crime,,,0.4,token_overlap
1298,CRIME_REVIEW_FOR_THE_MONTH_OF_MAY_2026.csv,5,2026,531,A - IPC Crime,Public Servant in Judicial proceeding,MLA,0,0,0,0,3,Cyber Crime,,,0.4,token_overlap
1299,CRIME_REVIEW_FOR_THE_MONTH_OF_MAY_2026.csv,5,2026,532,A - IPC Crime,Public Servant in Judicial proceeding,MP,0,0,0,0,3,Cyber Crime,,,0.4,token_overlap
1300,CRIME_REVIEW_FOR_THE_MONTH_OF_MAY_2026.csv,5,2026,533,A - IPC Crime,Public Servant in Judicial proceeding,Nationalised Bank Personnel,0,0,0,0,3,Cyber Crime,,,0.4,token_overlap
1301,CRIME_REVIEW_FOR_THE_MONTH_OF_MAY_2026.csv,5,2026,534,A - IPC Crime,Public Servant in Judicial proceeding,Other Elected Member,0,0,0,0,3,Cyber Crime,,,0.4,token_overlap
1302,CRIME_REVIEW_FOR_THE_MONTH_OF_MAY_2026.csv,5,2026,535,A - IPC Crime,Public Servant in Judicial proceeding,Other Enforcement Official,0,0,0,0,3,Cyber Crime,,,0.4,token_overlap
1303,CRIME_REVIEW_FOR_THE_MONTH_OF_MAY_2026.csv,5,2026,536,A - IPC Crime,Public Servant in Judicial proceeding,Other Govt Official,0,0,0,0,3,Cyber Crime,,,0.4,token_overlap
1304,CRIME_REVIEW_FOR_THE_MONTH_OF_MAY_2026.csv,5,2026,537,A - IPC Crime,"The Indian Stamp Act, 1899",NA,0,0,0,0,3,Cyber Crime,,,0.4,token_overlap
1305,CRIME_REVIEW_FOR_THE_MONTH_OF_MAY_2026.csv,5,2026,538,B - SPECIAL & LOCAL LAWS,ANTIQUES (CULTURAL PROPERTY),Antiques & Art Treasures Act 1972,0,0,0,0,,,,,,
1306,CRIME_REVIEW_FOR_THE_MONTH_OF_MAY_2026.csv,5,2026,539,B - SPECIAL & LOCAL LAWS,ANTIQUES (CULTURAL PROPERTY),Ancient Monument & Archaelogical Sites And Remains Act 1958,0,0,0,0,,,,,,
1307,CRIME_REVIEW_FOR_THE_MONTH_OF_MAY_2026.csv,5,2026,540,B - SPECIAL & LOCAL LAWS,ANTIQUES (CULTURAL PROPERTY),Sub Total,0,0,0,0,,,,,,
1308,CRIME_REVIEW_FOR_THE_MONTH_OF_MAY_2026.csv,5,2026,541,B - SPECIAL & LOCAL LAWS,ANTIQUES (CULTURAL PROPERTY),ARMS ACT 1959,,,,,,,,,,
1309,CRIME_REVIEW_FOR_THE_MONTH_OF_MAY_2026.csv,5,2026,542,B - SPECIAL & LOCAL LAWS,ANTIQUES (CULTURAL PROPERTY),Country Made - Non Prohibited Bore - In Disturbed Area,11,2,2,2,,,,,,
1310,CRIME_REVIEW_FOR_THE_MONTH_OF_MAY_2026.csv,5,2026,543,B - SPECIAL & LOCAL LAWS,ANTIQUES (CULTURAL PROPERTY),Country Made - Non Prohibited Bore - In Other Area,67,10,14,12,,,,,,
1311,CRIME_REVIEW_FOR_THE_MONTH_OF_MAY_2026.csv,5,2026,544,B - SPECIAL & LOCAL LAWS,ANTIQUES (CULTURAL PROPERTY),Country Made - Prohibited Bore - In Disturbed Area,8,2,2,1,,,,,,
1312,CRIME_REVIEW_FOR_THE_MONTH_OF_MAY_2026.csv,5,2026,545,B - SPECIAL & LOCAL LAWS,ANTIQUES (CULTURAL PROPERTY),Country Made - Prohibited Bore - In Other Area,59,6,8,12,,,,,,
1313,CRIME_REVIEW_FOR_THE_MONTH_OF_MAY_2026.csv,5,2026,546,B - SPECIAL & LOCAL LAWS,ANTIQUES (CULTURAL PROPERTY),Factory Made - Non Prohibited Bore - In Disturbed Area,3,0,0,2,,,,,,
1314,CRIME_REVIEW_FOR_THE_MONTH_OF_MAY_2026.csv,5,2026,547,B - SPECIAL & LOCAL LAWS,ANTIQUES (CULTURAL PROPERTY),Factory Made - Non Prohibited Bore - In Other Area,22,2,2,5,,,,,,
1315,CRIME_REVIEW_FOR_THE_MONTH_OF_MAY_2026.csv,5,2026,548,B - SPECIAL & LOCAL LAWS,ANTIQUES (CULTURAL PROPERTY),Factory Made - Prohibited Bore - In Disturbed Area,0,0,0,0,,,,,,
1316,CRIME_REVIEW_FOR_THE_MONTH_OF_MAY_2026.csv,5,2026,549,B - SPECIAL & LOCAL LAWS,ANTIQUES (CULTURAL PROPERTY),Factory Made - Prohibited Bore - In Other Area,16,5,1,1,,,,,,
1317,CRIME_REVIEW_FOR_THE_MONTH_OF_MAY_2026.csv,5,2026,550,B - SPECIAL & LOCAL LAWS,ANIMAL,The Karnataka Prevention of Slaughter and Preservation of Cattle Ordinance 2020,146,18,21,79,,,,,,
1318,CRIME_REVIEW_FOR_THE_MONTH_OF_MAY_2026.csv,5,2026,551,B - SPECIAL & LOCAL LAWS,ANIMAL,Wild Life Preservation Act 1972,0,0,0,0,,,,,,
1319,CRIME_REVIEW_FOR_THE_MONTH_OF_MAY_2026.csv,5,2026,552,B - SPECIAL & LOCAL LAWS,ANIMAL,Wild Life Protection Act 1972,2,0,0,0,,,,,,
1320,CRIME_REVIEW_FOR_THE_MONTH_OF_MAY_2026.csv,5,2026,553,B - SPECIAL & LOCAL LAWS,ANIMAL,Prevention of Cruelty to Animals Act 1960,202,26,36,72,,,,,,
1321,CRIME_REVIEW_FOR_THE_MONTH_OF_MAY_2026.csv,5,2026,554,B - SPECIAL & LOCAL LAWS,ANIMAL,Elephant (Preservation) Act 1879,0,0,0,0,,,,,,
1322,CRIME_REVIEW_FOR_THE_MONTH_OF_MAY_2026.csv,5,2026,555,B - SPECIAL & LOCAL LAWS,ANIMAL,Cattle Tresspass Act 1871,7,0,1,5,,,,,,
1323,CRIME_REVIEW_FOR_THE_MONTH_OF_MAY_2026.csv,5,2026,556,B - SPECIAL & LOCAL LAWS,ANIMAL,Sub Total,357,44,58,156,,,,,,
1324,CRIME_REVIEW_FOR_THE_MONTH_OF_MAY_2026.csv,5,2026,557,B - SPECIAL & LOCAL LAWS,ANIMAL,CINEMATOGRAPHY ACT 1952,,,,,,,,,,
1325,CRIME_REVIEW_FOR_THE_MONTH_OF_MAY_2026.csv,5,2026,558,B - SPECIAL & LOCAL LAWS,ANIMAL,Films,1,0,0,0,,,,,,
1326,CRIME_REVIEW_FOR_THE_MONTH_OF_MAY_2026.csv,5,2026,559,B - SPECIAL & LOCAL LAWS,ANIMAL,Video,0,0,0,0,,,,,,
1327,CRIME_REVIEW_FOR_THE_MONTH_OF_MAY_2026.csv,5,2026,560,B - SPECIAL & LOCAL LAWS,CONSUMER,Liquified Petroleum Gas Supply & Control Order 2000,37,7,3,4,,,,,,
1328,CRIME_REVIEW_FOR_THE_MONTH_OF_MAY_2026.csv,5,2026,561,B - SPECIAL & LOCAL LAWS,CONSUMER,Consumer (Protection) Act 1986,6,2,1,3,,,,,,
1329,CRIME_REVIEW_FOR_THE_MONTH_OF_MAY_2026.csv,5,2026,562,B - SPECIAL & LOCAL LAWS,CONSUMER,Essential Commodities Act 1955,392,65,66,77,,,,,,
1330,CRIME_REVIEW_FOR_THE_MONTH_OF_MAY_2026.csv,5,2026,563,B - SPECIAL & LOCAL LAWS,CONSUMER,Prevention of Food Adulternation Act 1954,1,0,0,0,,,,,,
1331,CRIME_REVIEW_FOR_THE_MONTH_OF_MAY_2026.csv,5,2026,564,B - SPECIAL & LOCAL LAWS,CONSUMER,Packaged Commodities (Regulation) order 1975,0,0,0,0,,,,,,
1332,CRIME_REVIEW_FOR_THE_MONTH_OF_MAY_2026.csv,5,2026,565,B - SPECIAL & LOCAL LAWS,COPY RIGHT ACT 1957,By Company,55,6,14,11,,,,,,
1333,CRIME_REVIEW_FOR_THE_MONTH_OF_MAY_2026.csv,5,2026,566,B - SPECIAL & LOCAL LAWS,COPY RIGHT ACT 1958,By Individual,25,7,7,2,,,,,,
1334,CRIME_REVIEW_FOR_THE_MONTH_OF_MAY_2026.csv,5,2026,567,B - SPECIAL & LOCAL LAWS,CIVIL RIGHTS,Protection of Civil Rights Act 1955,1,0,0,0,,,,,,
1335,CRIME_REVIEW_FOR_THE_MONTH_OF_MAY_2026.csv,5,2026,568,B - SPECIAL & LOCAL LAWS,SCHEDULED CASTE AND THE SCHEDULED TRIBES,Scheduled Caste,686,120,148,133,,,,,,
1336,CRIME_REVIEW_FOR_THE_MONTH_OF_MAY_2026.csv,5,2026,569,B - SPECIAL & LOCAL LAWS,SCHEDULED CASTE AND THE SCHEDULED TRIBES,Scheduled Tribes,144,18,33,30,,,,,,
1337,CRIME_REVIEW_FOR_THE_MONTH_OF_MAY_2026.csv,5,2026,570,B - SPECIAL & LOCAL LAWS,SCHEDULED CASTE AND THE SCHEDULED TRIBES,Scheduled Caste Women,259,32,49,56,6,Women & Child Safety,,,0.4,token_overlap
1338,CRIME_REVIEW_FOR_THE_MONTH_OF_MAY_2026.csv,5,2026,571,B - SPECIAL & LOCAL LAWS,SCHEDULED CASTE AND THE SCHEDULED TRIBES,Scheduled Tribes Women,59,7,15,13,6,Women & Child Safety,,,0.4,token_overlap
1339,CRIME_REVIEW_FOR_THE_MONTH_OF_MAY_2026.csv,5,2026,572,B - SPECIAL & LOCAL LAWS,CHILDREN ACT,Child Labour (Prohibition & Regulation) Act1986,25,4,3,2,6,Women & Child Safety,,,0.4,token_overlap
1340,CRIME_REVIEW_FOR_THE_MONTH_OF_MAY_2026.csv,5,2026,573,B - SPECIAL & LOCAL LAWS,CHILDREN ACT,Child Marriage (Restraint) Act - 1929,74,24,13,21,6,Women & Child Safety,,,0.4,token_overlap
1341,CRIME_REVIEW_FOR_THE_MONTH_OF_MAY_2026.csv,5,2026,574,B - SPECIAL & LOCAL LAWS,CHILDREN ACT,Juvenile Justice Act 1986,44,16,7,5,,,,,,
1342,CRIME_REVIEW_FOR_THE_MONTH_OF_MAY_2026.csv,5,2026,575,B - SPECIAL & LOCAL LAWS,CHILDREN ACT,Probation of offenders Act 1958,0,0,0,0,,,,,,
1343,CRIME_REVIEW_FOR_THE_MONTH_OF_MAY_2026.csv,5,2026,576,B - SPECIAL & LOCAL LAWS,CHILDREN ACT,Protection of Children from Sexual Offences Act 2012 (POCSO),0,0,0,0,,,,,,
1344,CRIME_REVIEW_FOR_THE_MONTH_OF_MAY_2026.csv,5,2026,577,B - SPECIAL & LOCAL LAWS,PREVENTION OF CORRUPTION ACT 1988,Public Servant - Elected,1,0,0,0,,,,,,
1345,CRIME_REVIEW_FOR_THE_MONTH_OF_MAY_2026.csv,5,2026,578,B - SPECIAL & LOCAL LAWS,PREVENTION OF CORRUPTION ACT 1989,Public Servant - Gazetted - Central,0,0,0,0,,,,,,
1346,CRIME_REVIEW_FOR_THE_MONTH_OF_MAY_2026.csv,5,2026,579,B - SPECIAL & LOCAL LAWS,PREVENTION OF CORRUPTION ACT 1990,Public Servant - Gazetted - Defence,0,0,0,0,,,,,,
1347,CRIME_REVIEW_FOR_THE_MONTH_OF_MAY_2026.csv,5,2026,580,B - SPECIAL & LOCAL LAWS,PREVENTION OF CORRUPTION ACT 1991,Public Servant - Gazetted - Public Sector Undertaking,0,0,0,0,,,,,,
1348,CRIME_REVIEW_FOR_THE_MONTH_OF_MAY_2026.csv,5,2026,581,B - SPECIAL & LOCAL LAWS,PREVENTION OF CORRUPTION ACT 1992,Public Servant - Gazetted - State,0,1,0,0,,,,,,
1349,CRIME_REVIEW_FOR_THE_MONTH_OF_MAY_2026.csv,5,2026,582,B - SPECIAL & LOCAL LAWS,PREVENTION OF CORRUPTION ACT 1993,Public Servant - Non-Gazetted - Central,0,0,0,0,,,,,,
1350,CRIME_REVIEW_FOR_THE_MONTH_OF_MAY_2026.csv,5,2026,583,B - SPECIAL & LOCAL LAWS,PREVENTION OF CORRUPTION ACT 1994,Public Servant - Non-Gazetted - Defence,0,0,0,0,,,,,,
1351,CRIME_REVIEW_FOR_THE_MONTH_OF_MAY_2026.csv,5,2026,584,B - SPECIAL & LOCAL LAWS,PREVENTION OF CORRUPTION ACT 1995,Public Servant - Non-Gazetted - State,0,0,0,0,,,,,,
1352,CRIME_REVIEW_FOR_THE_MONTH_OF_MAY_2026.csv,5,2026,585,B - SPECIAL & LOCAL LAWS,CUSTOMS,Customs Act 1962,0,0,0,0,,,,,,
1353,CRIME_REVIEW_FOR_THE_MONTH_OF_MAY_2026.csv,5,2026,586,B - SPECIAL & LOCAL LAWS,CUSTOMS,Import/Export (Control) Act 1947,0,0,0,0,,,,,,
1354,CRIME_REVIEW_FOR_THE_MONTH_OF_MAY_2026.csv,5,2026,587,B - SPECIAL & LOCAL LAWS,Explosives,Explosives Substances Act 1908,21,1,3,4,,,,,,
1355,CRIME_REVIEW_FOR_THE_MONTH_OF_MAY_2026.csv,5,2026,588,B - SPECIAL & LOCAL LAWS,Explosives,Explosives Act 1884,27,2,2,4,,,,,,
1356,CRIME_REVIEW_FOR_THE_MONTH_OF_MAY_2026.csv,5,2026,589,B - SPECIAL & LOCAL LAWS,Explosives,Inflammable Substance Act 1952,0,0,0,0,,,,,,
1357,CRIME_REVIEW_FOR_THE_MONTH_OF_MAY_2026.csv,5,2026,590,B - SPECIAL & LOCAL LAWS,FOREIGN EXCHANGE,Smugglers and Foreign Exchange Manipulator Act 1976,0,0,0,0,,,,,,
1358,CRIME_REVIEW_FOR_THE_MONTH_OF_MAY_2026.csv,5,2026,591,B - SPECIAL & LOCAL LAWS,FOREIGN EXCHANGE,Foreign Exchange Regulation Act 1973,0,0,0,0,,,,,,
1359,CRIME_REVIEW_FOR_THE_MONTH_OF_MAY_2026.csv,5,2026,592,B - SPECIAL & LOCAL LAWS,FOREIGN EXCHANGE,Foreign Exchange Regulation Act 1952,0,0,0,0,,,,,,
1360,CRIME_REVIEW_FOR_THE_MONTH_OF_MAY_2026.csv,5,2026,593,B - SPECIAL & LOCAL LAWS,FOREIGNER,Foreigners Act 1946,59,18,4,7,,,,,,
1361,CRIME_REVIEW_FOR_THE_MONTH_OF_MAY_2026.csv,5,2026,594,B - SPECIAL & LOCAL LAWS,FOREIGNER,Registration of Foreigners Act 1939,1,0,0,0,,,,,,
1362,CRIME_REVIEW_FOR_THE_MONTH_OF_MAY_2026.csv,5,2026,595,B - SPECIAL & LOCAL LAWS,FOREST,Indian Forest Act 1927,1,0,0,0,,,,,,
1363,CRIME_REVIEW_FOR_THE_MONTH_OF_MAY_2026.csv,5,2026,596,B - SPECIAL & LOCAL LAWS,FOREST,Forest (Conservation) Act 1980,3,1,0,1,,,,,,
1364,CRIME_REVIEW_FOR_THE_MONTH_OF_MAY_2026.csv,5,2026,597,B - SPECIAL & LOCAL LAWS,HIJACKING,Foreign Aircraft - In India,0,0,0,0,,,,,,
1365,CRIME_REVIEW_FOR_THE_MONTH_OF_MAY_2026.csv,5,2026,598,B - SPECIAL & LOCAL LAWS,HIJACKING,Foreign Aircraft - Outside India,0,0,0,0,,,,,,
1366,CRIME_REVIEW_FOR_THE_MONTH_OF_MAY_2026.csv,5,2026,599,B - SPECIAL & LOCAL LAWS,HIJACKING,Indian Aircraft - In India,0,0,0,0,,,,,,
1367,CRIME_REVIEW_FOR_THE_MONTH_OF_MAY_2026.csv,5,2026,600,B - SPECIAL & LOCAL LAWS,HIJACKING,Indian Aircraft - Outside India,0,0,0,0,,,,,,
1368,CRIME_REVIEW_FOR_THE_MONTH_OF_MAY_2026.csv,5,2026,601,B - SPECIAL & LOCAL LAWS,IMMORAL TRAFFIC,Organised,86,15,20,28,,,,,,
1369,CRIME_REVIEW_FOR_THE_MONTH_OF_MAY_2026.csv,5,2026,602,B - SPECIAL & LOCAL LAWS,IMMORAL TRAFFIC,Un-Organised,42,5,9,14,,,,,,
1370,CRIME_REVIEW_FOR_THE_MONTH_OF_MAY_2026.csv,5,2026,603,B - SPECIAL & LOCAL LAWS,BONDED LABOUR SYSTEM,NA,5,2,0,1,,,,,,
1371,CRIME_REVIEW_FOR_THE_MONTH_OF_MAY_2026.csv,5,2026,604,B - SPECIAL & LOCAL LAWS,INDIAN MOTOR VEHICLE,NA,18,4,0,0,,,,,,
1372,CRIME_REVIEW_FOR_THE_MONTH_OF_MAY_2026.csv,5,2026,605,B - SPECIAL & LOCAL LAWS,NARCOTIC DRUGS & PSYCHOTROPIC SUBSTANCES ACT,Cultivated/Processed,2918,168,526,459,,,,,,
1373,CRIME_REVIEW_FOR_THE_MONTH_OF_MAY_2026.csv,5,2026,606,B - SPECIAL & LOCAL LAWS,NARCOTIC DRUGS & PSYCHOTROPIC SUBSTANCES ACT,Synthetic,2232,206,414,354,,,,,,
1374,CRIME_REVIEW_FOR_THE_MONTH_OF_MAY_2026.csv,5,2026,607,B - SPECIAL & LOCAL LAWS,PASSPORT ACT,Foreigner,2,0,0,0,,,,,,
1375,CRIME_REVIEW_FOR_THE_MONTH_OF_MAY_2026.csv,5,2026,608,B - SPECIAL & LOCAL LAWS,PASSPORT ACT,Indian,3,0,0,0,,,,,,
1376,CRIME_REVIEW_FOR_THE_MONTH_OF_MAY_2026.csv,5,2026,609,B - SPECIAL & LOCAL LAWS,REPRESENTATIVE OF PEOPLE ACT 1951 & 1988,Assembly,1,0,0,1,,,,,,
1377,CRIME_REVIEW_FOR_THE_MONTH_OF_MAY_2026.csv,5,2026,610,B - SPECIAL & LOCAL LAWS,REPRESENTATIVE OF PEOPLE ACT 1951 & 1989,Parliament,0,0,0,0,,,,,,
1378,CRIME_REVIEW_FOR_THE_MONTH_OF_MAY_2026.csv,5,2026,611,B - SPECIAL & LOCAL LAWS,REPRESENTATIVE OF PEOPLE ACT 1951 & 1990,Other Elected Bodies,2,0,2,0,,,,,,
1379,CRIME_REVIEW_FOR_THE_MONTH_OF_MAY_2026.csv,5,2026,612,B - SPECIAL & LOCAL LAWS,KARNATAKA POLICE ACT 1963,Gambling - Matka (78 Class C),2473,605,480,434,,,,,,
1380,CRIME_REVIEW_FOR_THE_MONTH_OF_MAY_2026.csv,5,2026,613,B - SPECIAL & LOCAL LAWS,KARNATAKA POLICE ACT 1964,Street Gambling (87),3542,451,598,594,,,,,,
1381,CRIME_REVIEW_FOR_THE_MONTH_OF_MAY_2026.csv,5,2026,614,B - SPECIAL & LOCAL LAWS,KARNATAKA POLICE ACT 1965,House Gambling (79 & 80),102,12,13,12,,,,,,
1382,CRIME_REVIEW_FOR_THE_MONTH_OF_MAY_2026.csv,5,2026,615,B - SPECIAL & LOCAL LAWS,KARNATAKA POLICE ACT 1966,Betting,392,93,193,121,,,,,,
1383,CRIME_REVIEW_FOR_THE_MONTH_OF_MAY_2026.csv,5,2026,616,B - SPECIAL & LOCAL LAWS,KARNATAKA POLICE ACT 1967,Others,208,34,32,37,,,,,,
1384,CRIME_REVIEW_FOR_THE_MONTH_OF_MAY_2026.csv,5,2026,617,B - SPECIAL & LOCAL LAWS,PREVENTION OF DAMAGE TO PUBLIC PROPERTY ACT 1984,NA,56,5,11,14,,,,,,
1385,CRIME_REVIEW_FOR_THE_MONTH_OF_MAY_2026.csv,5,2026,618,B - SPECIAL & LOCAL LAWS,"POST & TELEGRAPH, TELEGRAPH WIRES (UNLAWFUL POSSESSION) ACT 1980",NA,2,0,0,0,,,,,,
1386,CRIME_REVIEW_FOR_THE_MONTH_OF_MAY_2026.csv,5,2026,619,B - SPECIAL & LOCAL LAWS,OFFICIAL SECURITY RELATED ACTS,Official Secrets Act 1923,1,0,0,0,,,,,,
1387,CRIME_REVIEW_FOR_THE_MONTH_OF_MAY_2026.csv,5,2026,620,B - SPECIAL & LOCAL LAWS,OFFICIAL SECURITY RELATED ACTS,Essential Services Maintenance Act 1981,17,0,0,0,,,,,,
1388,CRIME_REVIEW_FOR_THE_MONTH_OF_MAY_2026.csv,5,2026,621,B - SPECIAL & LOCAL LAWS,PREVENTION OF TERRORISM ACT (POTA),NA,0,0,0,0,,,,,,
1389,CRIME_REVIEW_FOR_THE_MONTH_OF_MAY_2026.csv,5,2026,622,B - SPECIAL & LOCAL LAWS,RAILWAYS ACT,Indian Railways Act 1989,1,0,1,0,,,,,,
1390,CRIME_REVIEW_FOR_THE_MONTH_OF_MAY_2026.csv,5,2026,623,B - SPECIAL & LOCAL LAWS,RAILWAYS ACT,Railway Property (Unlawful Possession) Act 1966,0,0,0,0,,,,,,
1391,CRIME_REVIEW_FOR_THE_MONTH_OF_MAY_2026.csv,5,2026,624,B - SPECIAL & LOCAL LAWS,UNLAWFUL ACTIVITIES (Prevention) Act 1967,NA,0,0,0,0,,,,,,
1392,CRIME_REVIEW_FOR_THE_MONTH_OF_MAY_2026.csv,5,2026,625,B - SPECIAL & LOCAL LAWS,CRIMES RELATED TO WOMEN,Dowry Prohibition,837,198,183,188,2,Crimes Against Persons,,,0.4,token_overlap
1393,CRIME_REVIEW_FOR_THE_MONTH_OF_MAY_2026.csv,5,2026,626,B - SPECIAL & LOCAL LAWS,CRIMES RELATED TO WOMEN,Commission of SATI (Prevention) Act 1987,0,0,0,0,2,Crimes Against Persons,,,0.4,token_overlap
1394,CRIME_REVIEW_FOR_THE_MONTH_OF_MAY_2026.csv,5,2026,627,B - SPECIAL & LOCAL LAWS,CRIMES RELATED TO WOMEN,Indecent Representation of Women (Prohibition) Act 1986,0,0,0,0,2,Crimes Against Persons,,,0.4,token_overlap
1395,CRIME_REVIEW_FOR_THE_MONTH_OF_MAY_2026.csv,5,2026,628,B - SPECIAL & LOCAL LAWS,INDIAN LUNACY ACT,NA,0,0,0,0,,,,,,
1396,CRIME_REVIEW_FOR_THE_MONTH_OF_MAY_2026.csv,5,2026,629,B - SPECIAL & LOCAL LAWS,INDIAN ELECTRICITY ACT,NA,5,0,1,2,,,,,,
1397,CRIME_REVIEW_FOR_THE_MONTH_OF_MAY_2026.csv,5,2026,630,B - SPECIAL & LOCAL LAWS,"COTPA, CIGARETTES AND OTHER TOBACCO PRODUCTS",NA,1110,667,140,307,,,,,,
1398,CRIME_REVIEW_FOR_THE_MONTH_OF_MAY_2026.csv,5,2026,631,B - SPECIAL & LOCAL LAWS,KARNATAKA STATE LOCAL ACTS,Prevention of Insult to National Hounours Act 1971,1,1,0,0,,,,,,
1399,CRIME_REVIEW_FOR_THE_MONTH_OF_MAY_2026.csv,5,2026,632,B - SPECIAL & LOCAL LAWS,KARNATAKA STATE LOCAL ACTS,"Prevention of violence against Doctors, Medical professionals and Medical institutions",1,1,0,0,2,Crimes Against Persons,,,0.4,token_overlap
1400,CRIME_REVIEW_FOR_THE_MONTH_OF_MAY_2026.csv,5,2026,633,B - SPECIAL & LOCAL LAWS,KARNATAKA STATE LOCAL ACTS,"The Karnataka Prevention of Dangerous Activities of Bootleggers, Drug-offenders, Gamblers, Goonda Act",0,0,0,0,,,,,,
1401,CRIME_REVIEW_FOR_THE_MONTH_OF_MAY_2026.csv,5,2026,634,B - SPECIAL & LOCAL LAWS,KARNATAKA STATE LOCAL ACTS,Karnataka Cow Slaughters Act,79,19,7,26,,,,,,
1402,CRIME_REVIEW_FOR_THE_MONTH_OF_MAY_2026.csv,5,2026,635,B - SPECIAL & LOCAL LAWS,KARNATAKA STATE LOCAL ACTS,Banning of Unregulated Deposit Schemes Act,9,0,1,0,,,,,,
1403,CRIME_REVIEW_FOR_THE_MONTH_OF_MAY_2026.csv,5,2026,636,B - SPECIAL & LOCAL LAWS,KARNATAKA STATE LOCAL ACTS,"Motor Spirit and High Speed Diesel (Regulation of upply, Distribution and Prevention of Malpractice",0,0,0,0,,,,,,
1404,CRIME_REVIEW_FOR_THE_MONTH_OF_MAY_2026.csv,5,2026,637,B - SPECIAL & LOCAL LAWS,KARNATAKA STATE LOCAL ACTS,Karnataka Epidemic Deseases Act 2020,0,0,0,0,,,,,,
1405,CRIME_REVIEW_FOR_THE_MONTH_OF_MAY_2026.csv,5,2026,638,B - SPECIAL & LOCAL LAWS,KARNATAKA STATE LOCAL ACTS,Karnataka Prevention of Slaughter and Preservation of Cattle Act 2020,114,19,13,39,,,,,,
1406,CRIME_REVIEW_FOR_THE_MONTH_OF_MAY_2026.csv,5,2026,639,B - SPECIAL & LOCAL LAWS,KARNATAKA STATE LOCAL ACTS,Disaster Management Act 2005,0,0,0,0,,,,,,
1407,CRIME_REVIEW_FOR_THE_MONTH_OF_MAY_2026.csv,5,2026,640,B - SPECIAL & LOCAL LAWS,KARNATAKA STATE LOCAL ACTS,Karnataka Excise Act 1965,5050,871,956,989,,,,,,
1408,CRIME_REVIEW_FOR_THE_MONTH_OF_MAY_2026.csv,5,2026,641,B - SPECIAL & LOCAL LAWS,KARNATAKA STATE LOCAL ACTS,Karnataka Forest Act 1963,22,5,2,6,,,,,,
1409,CRIME_REVIEW_FOR_THE_MONTH_OF_MAY_2026.csv,5,2026,642,B - SPECIAL & LOCAL LAWS,KARNATAKA STATE LOCAL ACTS,Karnataka Education Act 1983 As Amended Upto Date,9,0,1,0,,,,,,
1410,CRIME_REVIEW_FOR_THE_MONTH_OF_MAY_2026.csv,5,2026,643,B - SPECIAL & LOCAL LAWS,KARNATAKA STATE LOCAL ACTS,Karnataka Kerosene Restriction Unuse Act 1956,0,0,0,0,,,,,,
1411,CRIME_REVIEW_FOR_THE_MONTH_OF_MAY_2026.csv,5,2026,644,B - SPECIAL & LOCAL LAWS,KARNATAKA STATE LOCAL ACTS,Karnataka University Act,0,0,0,0,,,,,,
1412,CRIME_REVIEW_FOR_THE_MONTH_OF_MAY_2026.csv,5,2026,645,B - SPECIAL & LOCAL LAWS,KARNATAKA STATE LOCAL ACTS,Karnataka Corruption Act,0,0,0,0,,,,,,
1413,CRIME_REVIEW_FOR_THE_MONTH_OF_MAY_2026.csv,5,2026,646,B - SPECIAL & LOCAL LAWS,KARNATAKA STATE LOCAL ACTS,Karnataka Medical Registration Act 1965,2,0,0,0,,,,,,
1414,CRIME_REVIEW_FOR_THE_MONTH_OF_MAY_2026.csv,5,2026,647,B - SPECIAL & LOCAL LAWS,KARNATAKA STATE LOCAL ACTS,Karnataka Land & Revenue Act 1964 & 2007,13,4,2,2,,,,,,
1415,CRIME_REVIEW_FOR_THE_MONTH_OF_MAY_2026.csv,5,2026,648,B - SPECIAL & LOCAL LAWS,KARNATAKA STATE LOCAL ACTS,Karnataka Kerosene Dealers License Order 1969,0,0,0,0,,,,,,
1416,CRIME_REVIEW_FOR_THE_MONTH_OF_MAY_2026.csv,5,2026,649,B - SPECIAL & LOCAL LAWS,KARNATAKA STATE LOCAL ACTS,Karnataka Society Registration Act,0,0,0,0,,,,,,
1417,CRIME_REVIEW_FOR_THE_MONTH_OF_MAY_2026.csv,5,2026,650,B - SPECIAL & LOCAL LAWS,KARNATAKA STATE LOCAL ACTS,Karnataka Minor Mineral Consistent Rule 1994,7,1,3,1,,,,,,
1418,CRIME_REVIEW_FOR_THE_MONTH_OF_MAY_2026.csv,5,2026,651,B - SPECIAL & LOCAL LAWS,KARNATAKA STATE LOCAL ACTS,Bangalore Development Authority Act,0,0,0,0,,,,,,
1419,CRIME_REVIEW_FOR_THE_MONTH_OF_MAY_2026.csv,5,2026,652,B - SPECIAL & LOCAL LAWS,KARNATAKA STATE LOCAL ACTS,Karnataka Prohibition of Beggery Act 1975,0,22,0,0,,,,,,
1420,CRIME_REVIEW_FOR_THE_MONTH_OF_MAY_2026.csv,5,2026,653,B - SPECIAL & LOCAL LAWS,KARNATAKA STATE LOCAL ACTS,Karnataka Municipalities Act 1964,0,1,0,0,,,,,,
1421,CRIME_REVIEW_FOR_THE_MONTH_OF_MAY_2026.csv,5,2026,654,B - SPECIAL & LOCAL LAWS,KARNATAKA STATE LOCAL ACTS,Karnataka Irrigation Act 1963,1,0,1,0,,,,,,
1422,CRIME_REVIEW_FOR_THE_MONTH_OF_MAY_2026.csv,5,2026,655,B - SPECIAL & LOCAL LAWS,KARNATAKA STATE LOCAL ACTS,Karnataka Fire Force act 1964,2,0,0,1,,,,,,
1423,CRIME_REVIEW_FOR_THE_MONTH_OF_MAY_2026.csv,5,2026,656,B - SPECIAL & LOCAL LAWS,KARNATAKA STATE LOCAL ACTS,Karnataka Consumer Protection Act 1986,0,0,0,0,,,,,,
1424,CRIME_REVIEW_FOR_THE_MONTH_OF_MAY_2026.csv,5,2026,657,B - SPECIAL & LOCAL LAWS,KARNATAKA STATE LOCAL ACTS,Karnataka Lottery Act,84,8,17,14,,,,,,
1425,CRIME_REVIEW_FOR_THE_MONTH_OF_MAY_2026.csv,5,2026,658,B - SPECIAL & LOCAL LAWS,KARNATAKA STATE LOCAL ACTS,Karnataka Weight & Measurement Act,0,0,0,0,,,,,,
1426,CRIME_REVIEW_FOR_THE_MONTH_OF_MAY_2026.csv,5,2026,659,B - SPECIAL & LOCAL LAWS,KARNATAKA STATE LOCAL ACTS,Karnataka Agriculture Marketing Regulation Act,0,0,0,0,,,,,,
1427,CRIME_REVIEW_FOR_THE_MONTH_OF_MAY_2026.csv,5,2026,660,B - SPECIAL & LOCAL LAWS,KARNATAKA STATE LOCAL ACTS,Karnataka Revenue Act,2,0,1,1,,,,,,
1428,CRIME_REVIEW_FOR_THE_MONTH_OF_MAY_2026.csv,5,2026,661,B - SPECIAL & LOCAL LAWS,KARNATAKA STATE LOCAL ACTS,Karnataka Mining Act,0,0,0,0,,,,,,
1429,CRIME_REVIEW_FOR_THE_MONTH_OF_MAY_2026.csv,5,2026,662,B - SPECIAL & LOCAL LAWS,KARNATAKA STATE LOCAL ACTS,Karnataka Betting Tax Act,0,0,0,0,,,,,,
1430,CRIME_REVIEW_FOR_THE_MONTH_OF_MAY_2026.csv,5,2026,663,B - SPECIAL & LOCAL LAWS,KARNATAKA STATE LOCAL ACTS,Karnataka Panchayat Raj Act,0,0,0,0,,,,,,
1431,CRIME_REVIEW_FOR_THE_MONTH_OF_MAY_2026.csv,5,2026,664,B - SPECIAL & LOCAL LAWS,KARNATAKA STATE LOCAL ACTS,Karnataka Open Place Disfigurement Act 1951,58,24,9,12,,,,,,
1432,CRIME_REVIEW_FOR_THE_MONTH_OF_MAY_2026.csv,5,2026,665,B - SPECIAL & LOCAL LAWS,KARNATAKA STATE LOCAL ACTS,Karnataka Right To Information Act 2000 & 2008,1,0,0,0,,,,,,
1433,CRIME_REVIEW_FOR_THE_MONTH_OF_MAY_2026.csv,5,2026,666,B - SPECIAL & LOCAL LAWS,KARNATAKA STATE LOCAL ACTS,Karnataka Urban Development Act 1987,0,0,0,0,,,,,,
1434,CRIME_REVIEW_FOR_THE_MONTH_OF_MAY_2026.csv,5,2026,667,B - SPECIAL & LOCAL LAWS,KARNATAKA STATE LOCAL ACTS,Karnataka Town & City Planning Act 1961,0,0,0,0,,,,,,
1435,CRIME_REVIEW_FOR_THE_MONTH_OF_MAY_2026.csv,5,2026,668,B - SPECIAL & LOCAL LAWS,KARNATAKA STATE LOCAL ACTS,Karnataka Race Betting Act,0,0,0,0,,,,,,
1436,CRIME_REVIEW_FOR_THE_MONTH_OF_MAY_2026.csv,5,2026,669,B - SPECIAL & LOCAL LAWS,KARNATAKA STATE LOCAL ACTS,Karnataka Devadasi's (Prohibition Of Dedication) Act 1982,0,0,0,0,,,,,,
1437,CRIME_REVIEW_FOR_THE_MONTH_OF_MAY_2026.csv,5,2026,670,B - SPECIAL & LOCAL LAWS,KARNATAKA STATE LOCAL ACTS,Cooperative Society Act,0,0,0,0,,,,,,
1438,CRIME_REVIEW_FOR_THE_MONTH_OF_MAY_2026.csv,5,2026,671,B - SPECIAL & LOCAL LAWS,KARNATAKA STATE LOCAL ACTS,Karnataka Entertainment Tax Act 1958,2,0,0,0,,,,,,
1439,CRIME_REVIEW_FOR_THE_MONTH_OF_MAY_2026.csv,5,2026,672,B - SPECIAL & LOCAL LAWS,KARNATAKA STATE LOCAL ACTS,Karnataka Land Acquisition (Prohibition) Act 2007,0,0,0,0,,,,,,
1440,CRIME_REVIEW_FOR_THE_MONTH_OF_MAY_2026.csv,5,2026,673,B - SPECIAL & LOCAL LAWS,KARNATAKA STATE LOCAL ACTS,Karnataka Money Lender Act 1961,1,1,0,0,,,,,,
1441,CRIME_REVIEW_FOR_THE_MONTH_OF_MAY_2026.csv,5,2026,674,B - SPECIAL & LOCAL LAWS,KARNATAKA STATE LOCAL ACTS,Karnataka Stamp Act 1957,0,0,0,0,,,,,,
1442,CRIME_REVIEW_FOR_THE_MONTH_OF_MAY_2026.csv,5,2026,675,B - SPECIAL & LOCAL LAWS,KARNATAKA STATE LOCAL ACTS,Karnataka Prisoners Act 1963 & 1974,104,1,27,19,,,,,,
1443,CRIME_REVIEW_FOR_THE_MONTH_OF_MAY_2026.csv,5,2026,676,B - SPECIAL & LOCAL LAWS,KARNATAKA STATE LOCAL ACTS,Karnataka Private Medical Institution Act 2007,0,0,0,0,,,,,,
1444,CRIME_REVIEW_FOR_THE_MONTH_OF_MAY_2026.csv,5,2026,677,B - SPECIAL & LOCAL LAWS,KARNATAKA STATE LOCAL ACTS,MMRD (Mines & Minerals Regulation Development ) Act 1957,23,4,2,5,,,,,,
1445,CRIME_REVIEW_FOR_THE_MONTH_OF_MAY_2026.csv,5,2026,678,B - SPECIAL & LOCAL LAWS,KARNATAKA STATE LOCAL ACTS,Karnataka Treasure Trove Act 1962,1,0,0,0,,,,,,
1446,CRIME_REVIEW_FOR_THE_MONTH_OF_MAY_2026.csv,5,2026,679,B - SPECIAL & LOCAL LAWS,KARNATAKA STATE LOCAL ACTS,Karnataka Prohibition of Charging Exorbitant Interest Act 2004,6,1,4,1,,,,,,
1447,CRIME_REVIEW_FOR_THE_MONTH_OF_MAY_2026.csv,5,2026,680,B - SPECIAL & LOCAL LAWS,KARNATAKA STATE LOCAL ACTS,Karnataka Ayurvedic And Unani Pract. Regis. & Medical Prac. Misc. Prov. Act,0,0,0,0,,,,,,
1448,CRIME_REVIEW_FOR_THE_MONTH_OF_MAY_2026.csv,5,2026,681,B - SPECIAL & LOCAL LAWS,KARNATAKA STATE LOCAL ACTS,Other Local Acts,67,28,15,11,,,,,,
1449,CRIME_REVIEW_FOR_THE_MONTH_OF_MAY_2026.csv,5,2026,682,B - SPECIAL & LOCAL LAWS,KARNATAKA STATE LOCAL ACTS,The Karnataka Micro Loan And Small Loan (Prevention of Coercive Actions) Ordinance 2025,2,0,0,0,,,,,,
1450,CRIME_REVIEW_FOR_THE_MONTH_OF_MAY_2026.csv,5,2026,683,B - SPECIAL & LOCAL LAWS,CYBER CRIME (INFORMATION TECHNOLOGY ACT),"Information Technology Act 2000, 2009",36,9,5,7,3,Cyber Crime,,,0.9,substring
1451,CRIME_REVIEW_FOR_THE_MONTH_OF_MAY_2026.csv,5,2026,684,B - SPECIAL & LOCAL LAWS,CYBER CRIME (INFORMATION TECHNOLOGY ACT),CSAM (Child Pornography). Cyber Tip Line,86,1,12,33,3,Cyber Crime,,,0.9,substring
1452,CRIME_REVIEW_FOR_THE_MONTH_OF_MAY_2026.csv,5,2026,685,B - SPECIAL & LOCAL LAWS,CYBER CRIME (INFORMATION TECHNOLOGY ACT),Online Money Transfer,704,105,128,141,3,Cyber Crime,,,0.9,substring
1453,CRIME_REVIEW_FOR_THE_MONTH_OF_MAY_2026.csv,5,2026,686,B - SPECIAL & LOCAL LAWS,CYBER CRIME (INFORMATION TECHNOLOGY ACT),Credit Card Fraud,222,57,35,46,3,Cyber Crime,,,0.9,substring
1454,CRIME_REVIEW_FOR_THE_MONTH_OF_MAY_2026.csv,5,2026,687,B - SPECIAL & LOCAL LAWS,CYBER CRIME (INFORMATION TECHNOLOGY ACT),Loan App,85,19,15,11,3,Cyber Crime,,,0.9,substring
1455,CRIME_REVIEW_FOR_THE_MONTH_OF_MAY_2026.csv,5,2026,688,B - SPECIAL & LOCAL LAWS,CYBER CRIME (INFORMATION TECHNOLOGY ACT),"Ransomeware Attack, Installing Spyware & Troman, Using Other Malware & Viruses to infect degital serv",8,0,3,0,3,Cyber Crime,,,0.9,substring
1456,CRIME_REVIEW_FOR_THE_MONTH_OF_MAY_2026.csv,5,2026,689,B - SPECIAL & LOCAL LAWS,CYBER CRIME (INFORMATION TECHNOLOGY ACT),"Gifts, iPhone & Lottery Fraud",51,7,9,9,3,Cyber Crime,,,0.9,substring
1457,CRIME_REVIEW_FOR_THE_MONTH_OF_MAY_2026.csv,5,2026,690,B - SPECIAL & LOCAL LAWS,CYBER CRIME (INFORMATION TECHNOLOGY ACT),Deep Fake/Deep Nudes,26,3,4,1,3,Cyber Crime,,,0.9,substring
1458,CRIME_REVIEW_FOR_THE_MONTH_OF_MAY_2026.csv,5,2026,691,B - SPECIAL & LOCAL LAWS,CYBER CRIME (INFORMATION TECHNOLOGY ACT),"Investment Fraud (Part Time Job, Task, Review)",426,258,70,57,3,Cyber Crime,,,0.9,substring
1459,CRIME_REVIEW_FOR_THE_MONTH_OF_MAY_2026.csv,5,2026,692,B - SPECIAL & LOCAL LAWS,CYBER CRIME (INFORMATION TECHNOLOGY ACT),Card Skimming,1,0,0,0,3,Cyber Crime,,,0.9,substring
1460,CRIME_REVIEW_FOR_THE_MONTH_OF_MAY_2026.csv,5,2026,693,B - SPECIAL & LOCAL LAWS,CYBER CRIME (INFORMATION TECHNOLOGY ACT),Job Fraud,144,57,25,24,3,Cyber Crime,,,0.9,substring
1461,CRIME_REVIEW_FOR_THE_MONTH_OF_MAY_2026.csv,5,2026,694,B - SPECIAL & LOCAL LAWS,CYBER CRIME (INFORMATION TECHNOLOGY ACT),Business Fraud,58,9,11,8,3,Cyber Crime,,,0.9,substring
1462,CRIME_REVIEW_FOR_THE_MONTH_OF_MAY_2026.csv,5,2026,695,B - SPECIAL & LOCAL LAWS,CYBER CRIME (INFORMATION TECHNOLOGY ACT),Hacking of Accounts & Ids,113,20,26,27,3,Cyber Crime,,,0.9,substring
1463,CRIME_REVIEW_FOR_THE_MONTH_OF_MAY_2026.csv,5,2026,696,B - SPECIAL & LOCAL LAWS,CYBER CRIME (INFORMATION TECHNOLOGY ACT),Phishing (Taking Password & Information),6,1,1,0,3,Cyber Crime,,,0.9,substring
1464,CRIME_REVIEW_FOR_THE_MONTH_OF_MAY_2026.csv,5,2026,697,B - SPECIAL & LOCAL LAWS,CYBER CRIME (INFORMATION TECHNOLOGY ACT),Email Spoofing / Fraud,19,1,1,6,3,Cyber Crime,,,0.9,substring
1465,CRIME_REVIEW_FOR_THE_MONTH_OF_MAY_2026.csv,5,2026,698,B - SPECIAL & LOCAL LAWS,CYBER CRIME (INFORMATION TECHNOLOGY ACT),SIM card Swapping / SIM Jacking / SIM Cloning,15,3,4,5,3,Cyber Crime,,,0.9,substring
1466,CRIME_REVIEW_FOR_THE_MONTH_OF_MAY_2026.csv,5,2026,699,B - SPECIAL & LOCAL LAWS,CYBER CRIME (INFORMATION TECHNOLOGY ACT),Social Media Cases (Instagram/Facebook/Whatsapp/X /Telegram etc),248,70,57,41,3,Cyber Crime,,,0.9,substring
1467,CRIME_REVIEW_FOR_THE_MONTH_OF_MAY_2026.csv,5,2026,700,B - SPECIAL & LOCAL LAWS,CYBER CRIME (INFORMATION TECHNOLOGY ACT),"Crypto Currency, Bitcoin, etc.",32,6,4,6,3,Cyber Crime,,,0.9,substring
1468,CRIME_REVIEW_FOR_THE_MONTH_OF_MAY_2026.csv,5,2026,701,B - SPECIAL & LOCAL LAWS,CYBER CRIME (INFORMATION TECHNOLOGY ACT),Remote Access Fraud  (Any Desk/ Team Viewer),2,1,0,0,3,Cyber Crime,,,0.9,substring
1469,CRIME_REVIEW_FOR_THE_MONTH_OF_MAY_2026.csv,5,2026,702,B - SPECIAL & LOCAL LAWS,CYBER CRIME (INFORMATION TECHNOLOGY ACT),OLX Fraud,50,16,7,6,3,Cyber Crime,,,0.9,substring
1470,CRIME_REVIEW_FOR_THE_MONTH_OF_MAY_2026.csv,5,2026,703,B - SPECIAL & LOCAL LAWS,CYBER CRIME (INFORMATION TECHNOLOGY ACT),Data Theft,28,3,6,5,3,Cyber Crime,,,0.9,substring
1471,CRIME_REVIEW_FOR_THE_MONTH_OF_MAY_2026.csv,5,2026,704,B - SPECIAL & LOCAL LAWS,CYBER CRIME (INFORMATION TECHNOLOGY ACT),Fedex,3,3,0,2,3,Cyber Crime,,,0.9,substring
1472,CRIME_REVIEW_FOR_THE_MONTH_OF_MAY_2026.csv,5,2026,705,B - SPECIAL & LOCAL LAWS,CYBER CRIME (INFORMATION TECHNOLOGY ACT),"OTP Frauds (KYC Update, Apk Link)",555,45,110,97,3,Cyber Crime,,,0.9,substring
1473,CRIME_REVIEW_FOR_THE_MONTH_OF_MAY_2026.csv,5,2026,706,B - SPECIAL & LOCAL LAWS,CYBER CRIME (INFORMATION TECHNOLOGY ACT),Matrimony Fraud,43,11,5,11,3,Cyber Crime,,,0.9,substring
1474,CRIME_REVIEW_FOR_THE_MONTH_OF_MAY_2026.csv,5,2026,707,B - SPECIAL & LOCAL LAWS,CYBER CRIME (INFORMATION TECHNOLOGY ACT),Sextortion and Revenge Porn,32,6,9,2,3,Cyber Crime,,,0.9,substring
1475,CRIME_REVIEW_FOR_THE_MONTH_OF_MAY_2026.csv,5,2026,708,B - SPECIAL & LOCAL LAWS,CYBER CRIME (INFORMATION TECHNOLOGY ACT),Advertising Frauds,42,3,5,9,3,Cyber Crime,,,0.9,substring
1476,CRIME_REVIEW_FOR_THE_MONTH_OF_MAY_2026.csv,5,2026,709,B - SPECIAL & LOCAL LAWS,CYBER CRIME (INFORMATION TECHNOLOGY ACT),Investment Fraud (Trading & Share Trading),1097,265,173,141,3,Cyber Crime,,,0.9,substring
1477,CRIME_REVIEW_FOR_THE_MONTH_OF_MAY_2026.csv,5,2026,710,B - SPECIAL & LOCAL LAWS,CYBER CRIME (INFORMATION TECHNOLOGY ACT),Fake Customer Care,192,27,40,30,3,Cyber Crime,,,0.9,substring
1478,CRIME_REVIEW_FOR_THE_MONTH_OF_MAY_2026.csv,5,2026,711,B - SPECIAL & LOCAL LAWS,CYBER CRIME (INFORMATION TECHNOLOGY ACT),ATM Fraud,9,0,6,0,3,Cyber Crime,,,0.9,substring
1479,CRIME_REVIEW_FOR_THE_MONTH_OF_MAY_2026.csv,5,2026,712,B - SPECIAL & LOCAL LAWS,CYBER CRIME (INFORMATION TECHNOLOGY ACT),Digital Arrest,68,27,15,7,3,Cyber Crime,,,0.9,substring
1480,CRIME_REVIEW_FOR_THE_MONTH_OF_MAY_2026.csv,5,2026,713,B - SPECIAL & LOCAL LAWS,CYBER CRIME (INFORMATION TECHNOLOGY ACT),AEPS (Aadhaar),0,0,0,0,3,Cyber Crime,,,0.9,substring
1481,CRIME_REVIEW_FOR_THE_MONTH_OF_MAY_2026.csv,5,2026,714,B - SPECIAL & LOCAL LAWS,CYBER CRIME (INFORMATION TECHNOLOGY ACT),Others,778,167,141,215,3,Cyber Crime,,,0.9,substring
1482,CRIME_REVIEW_FOR_THE_MONTH_OF_MAY_2026.csv,5,2026,715,B - SPECIAL & LOCAL LAWS,NATIONAL SECURITY ACT,NA,0,0,0,0,,,,,,
1483,CRIME_REVIEW_FOR_THE_MONTH_OF_MAY_2026.csv,5,2026,716,B - SPECIAL & LOCAL LAWS,POCSO,Gang Rape,3,5,1,0,,,,,,
1484,CRIME_REVIEW_FOR_THE_MONTH_OF_MAY_2026.csv,5,2026,717,B - SPECIAL & LOCAL LAWS,POCSO,Custodial Rape,0,1,0,0,,,,,,
1485,CRIME_REVIEW_FOR_THE_MONTH_OF_MAY_2026.csv,5,2026,718,B - SPECIAL & LOCAL LAWS,POCSO,Rape with Murder,0,0,0,0,2,Crimes Against Persons,7,Murder,0.95,substring
1486,CRIME_REVIEW_FOR_THE_MONTH_OF_MAY_2026.csv,5,2026,719,B - SPECIAL & LOCAL LAWS,POCSO,Rape,1516,290,326,295,,,,,,
1487,CRIME_REVIEW_FOR_THE_MONTH_OF_MAY_2026.csv,5,2026,720,B - SPECIAL & LOCAL LAWS,POCSO,Others,552,97,118,111,,,,,,
1488,CRIME_REVIEW_FOR_THE_MONTH_OF_MAY_2026.csv,5,2026,721,B - SPECIAL & LOCAL LAWS,Aadhar Act,Impersonation,0,0,0,0,,,,,,
1489,CRIME_REVIEW_FOR_THE_MONTH_OF_MAY_2026.csv,5,2026,722,B - SPECIAL & LOCAL LAWS,Aadhar Act,Offence by Individual,2,0,0,1,,,,,,
1490,CRIME_REVIEW_FOR_THE_MONTH_OF_MAY_2026.csv,5,2026,723,B - SPECIAL & LOCAL LAWS,Aadhar Act,Offence by Company,1,0,0,0,,,,,,
1491,CRIME_REVIEW_FOR_THE_MONTH_OF_MAY_2026.csv,5,2026,724,C. CRIMES AGAINST WOMEN,Rape (Sec. 376 IPC),1.1  Custodial Rape,0,0,0,0,2,Crimes Against Persons,,,0.6000000000000001,token_overlap
1492,CRIME_REVIEW_FOR_THE_MONTH_OF_MAY_2026.csv,5,2026,725,C. CRIMES AGAINST WOMEN,Rape (Sec. 376 IPC),1.2  Gang Rape,7,2,1,1,2,Crimes Against Persons,,,0.6000000000000001,token_overlap
1493,CRIME_REVIEW_FOR_THE_MONTH_OF_MAY_2026.csv,5,2026,726,C. CRIMES AGAINST WOMEN,Rape (Sec. 376 IPC),1.3  other Cases of Rape,246,61,53,56,2,Crimes Against Persons,,,0.6000000000000001,token_overlap
1494,CRIME_REVIEW_FOR_THE_MONTH_OF_MAY_2026.csv,5,2026,727,C. CRIMES AGAINST WOMEN,Outraging modesty (Molestation) (sec.354 IPC),NA,2809,483,550,645,2,Crimes Against Persons,,,0.6000000000000001,token_overlap
1495,CRIME_REVIEW_FOR_THE_MONTH_OF_MAY_2026.csv,5,2026,728,C. CRIMES AGAINST WOMEN,Kidnapping & Abduction of Women: (Sec.366 IPC),NA,35,16,12,5,2,Crimes Against Persons,8,Kidnapping,0.95,substring
1496,CRIME_REVIEW_FOR_THE_MONTH_OF_MAY_2026.csv,5,2026,729,C. CRIMES AGAINST WOMEN,Insulting modesty (Eve-Teasing) (Sec.294 & 509 IPC if victim is a woman),NA,171,34,38,20,2,Crimes Against Persons,,,0.6000000000000001,token_overlap
1497,CRIME_REVIEW_FOR_THE_MONTH_OF_MAY_2026.csv,5,2026,730,C. CRIMES AGAINST WOMEN,Murder for Dowry - by burning (Sec.302 IPC),NA,0,0,0,0,2,Crimes Against Persons,7,Murder,0.95,substring
1498,CRIME_REVIEW_FOR_THE_MONTH_OF_MAY_2026.csv,5,2026,731,C. CRIMES AGAINST WOMEN,"Murder for Dowry - by other means
(Sec.302 IPC)",NA,3,0,1,1,2,Crimes Against Persons,7,Murder,0.95,substring
1499,CRIME_REVIEW_FOR_THE_MONTH_OF_MAY_2026.csv,5,2026,732,C. CRIMES AGAINST WOMEN,Murder for other reasons,NA,148,27,21,26,2,Crimes Against Persons,7,Murder,0.95,substring
1500,CRIME_REVIEW_FOR_THE_MONTH_OF_MAY_2026.csv,5,2026,733,C. CRIMES AGAINST WOMEN,Attempt to Commit Murder for dowry by burning (Sec.307 IPC),NA,0,0,0,0,2,Crimes Against Persons,7,Murder,0.95,substring
1501,CRIME_REVIEW_FOR_THE_MONTH_OF_MAY_2026.csv,5,2026,734,C. CRIMES AGAINST WOMEN,Attempt to Commit Murder for dowry by other means (Sec.307 IPC),NA,12,2,4,3,2,Crimes Against Persons,7,Murder,0.95,substring
1502,CRIME_REVIEW_FOR_THE_MONTH_OF_MAY_2026.csv,5,2026,735,C. CRIMES AGAINST WOMEN,Attempt to Commit murder for other reasons,NA,475,57,97,120,2,Crimes Against Persons,7,Murder,0.95,substring
1503,CRIME_REVIEW_FOR_THE_MONTH_OF_MAY_2026.csv,5,2026,736,C. CRIMES AGAINST WOMEN,"Dowry Death-by burning
(Sec.304-B IPC)",NA,1,0,0,0,2,Crimes Against Persons,,,0.6000000000000001,token_overlap
1504,CRIME_REVIEW_FOR_THE_MONTH_OF_MAY_2026.csv,5,2026,737,C. CRIMES AGAINST WOMEN,Dowry Death-by other Means (Sec.304(B) IPC),NA,60,6,15,10,2,Crimes Against Persons,,,0.6000000000000001,token_overlap
1505,CRIME_REVIEW_FOR_THE_MONTH_OF_MAY_2026.csv,5,2026,738,C. CRIMES AGAINST WOMEN,Cruelty by Husband or Relatives of Husband (Sec.498-A IPC),NA,1257,232,280,323,2,Crimes Against Persons,,,0.6000000000000001,token_overlap
1506,CRIME_REVIEW_FOR_THE_MONTH_OF_MAY_2026.csv,5,2026,739,C. CRIMES AGAINST WOMEN,Abetment of Suicide (Sec.306 IPC),NA,85,11,14,21,2,Crimes Against Persons,,,0.6000000000000001,token_overlap
1507,CRIME_REVIEW_FOR_THE_MONTH_OF_MAY_2026.csv,5,2026,740,C. CRIMES AGAINST WOMEN,Immoral Traffic (prevention) Act.,NA,128,20,29,42,2,Crimes Against Persons,,,0.6000000000000001,token_overlap
1508,CRIME_REVIEW_FOR_THE_MONTH_OF_MAY_2026.csv,5,2026,741,C. CRIMES AGAINST WOMEN,Indecent Representation of Women(Prohibition) Act-1986,NA,0,0,0,0,2,Crimes Against Persons,,,0.6000000000000001,token_overlap
1509,CRIME_REVIEW_FOR_THE_MONTH_OF_MAY_2026.csv,5,2026,742,C. CRIMES AGAINST WOMEN,Pornography,NA,0,0,0,0,2,Crimes Against Persons,,,0.6000000000000001,token_overlap
1510,CRIME_REVIEW_FOR_THE_MONTH_OF_MAY_2026.csv,5,2026,743,C. CRIMES AGAINST WOMEN,Offences against Public Servants (Sec.182-188-333-353 IPC),NA,58,8,12,10,2,Crimes Against Persons,,,0.6000000000000001,token_overlap
1511,CRIME_REVIEW_FOR_THE_MONTH_OF_MAY_2026.csv,5,2026,744,C. CRIMES AGAINST WOMEN,Offences related to Marriage,NA,11,3,3,3,2,Crimes Against Persons,,,0.6000000000000001,token_overlap
1512,CRIME_REVIEW_FOR_THE_MONTH_OF_MAY_2026.csv,5,2026,745,C. CRIMES AGAINST WOMEN,Cyber Crimes,NA,1208,384,212,226,3,Cyber Crime,,,0.9,substring
1513,CRIME_REVIEW_FOR_THE_MONTH_OF_MAY_2026.csv,5,2026,746,D. CRIME AGAINST CHILDREN,"Infanticide/ Foeticide 
(Sec. 315 & 316 IPC/ 91, 92 BNS)",NA,3,1,0,0,2,Crimes Against Persons,,,0.4,token_overlap
1514,CRIME_REVIEW_FOR_THE_MONTH_OF_MAY_2026.csv,5,2026,747,D. CRIME AGAINST CHILDREN,Rape on Minor,NA,0,0,0,0,2,Crimes Against Persons,,,0.4,token_overlap
1515,CRIME_REVIEW_FOR_THE_MONTH_OF_MAY_2026.csv,5,2026,748,D. CRIME AGAINST CHILDREN,Exposure & abandonment (Sec. 317 IPC),NA,19,4,4,6,2,Crimes Against Persons,,,0.4,token_overlap
1516,CRIME_REVIEW_FOR_THE_MONTH_OF_MAY_2026.csv,5,2026,749,D. CRIME AGAINST CHILDREN,Kidnapping & Abduction of Children,NA,1743,328,368,403,2,Crimes Against Persons,8,Kidnapping,0.95,substring
1517,CRIME_REVIEW_FOR_THE_MONTH_OF_MAY_2026.csv,5,2026,750,D. CRIME AGAINST CHILDREN,For Ransom - of Children,NA,2,1,0,0,2,Crimes Against Persons,,,0.4,token_overlap
1518,CRIME_REVIEW_FOR_THE_MONTH_OF_MAY_2026.csv,5,2026,751,D. CRIME AGAINST CHILDREN,of Children - for begging,NA,0,0,0,0,2,Crimes Against Persons,,,0.4,token_overlap
1519,CRIME_REVIEW_FOR_THE_MONTH_OF_MAY_2026.csv,5,2026,752,D. CRIME AGAINST CHILDREN,of Girls - Immoral Purpose,NA,1,0,0,0,2,Crimes Against Persons,,,0.4,token_overlap
1520,CRIME_REVIEW_FOR_THE_MONTH_OF_MAY_2026.csv,5,2026,753,D. CRIME AGAINST CHILDREN,With intent to Steal from Child,NA,0,0,0,0,2,Crimes Against Persons,,,0.4,token_overlap
1521,CRIME_REVIEW_FOR_THE_MONTH_OF_MAY_2026.csv,5,2026,754,D. CRIME AGAINST CHILDREN,Lawful Guardianship,NA,2,0,0,1,2,Crimes Against Persons,,,0.4,token_overlap
1522,CRIME_REVIEW_FOR_THE_MONTH_OF_MAY_2026.csv,5,2026,755,D. CRIME AGAINST CHILDREN,Procuration of Minor Girls - For Prostitution,NA,0,0,0,0,2,Crimes Against Persons,,,0.4,token_overlap
1523,CRIME_REVIEW_FOR_THE_MONTH_OF_MAY_2026.csv,5,2026,756,D. CRIME AGAINST CHILDREN,Procuration of Minor Girls - Importing of Girl,NA,0,0,0,0,2,Crimes Against Persons,,,0.4,token_overlap
1524,CRIME_REVIEW_FOR_THE_MONTH_OF_MAY_2026.csv,5,2026,757,D. CRIME AGAINST CHILDREN,Procuration of Minor Girls - For Other Purposes,NA,1,0,0,1,2,Crimes Against Persons,,,0.4,token_overlap
1525,CRIME_REVIEW_FOR_THE_MONTH_OF_MAY_2026.csv,5,2026,758,D. CRIME AGAINST CHILDREN,Sub Total,NA,1749,329,368,405,2,Crimes Against Persons,,,0.4,token_overlap
1526,CRIME_REVIEW_FOR_THE_MONTH_OF_MAY_2026.csv,5,2026,759,D. CRIME AGAINST CHILDREN,"Selling of girls for Prostitution (Sec.372, 373 IPC/ 98, 99 BNS)",NA,0,0,0,0,2,Crimes Against Persons,,,0.4,token_overlap
1527,CRIME_REVIEW_FOR_THE_MONTH_OF_MAY_2026.csv,5,2026,760,D. CRIME AGAINST CHILDREN,The Prohibition of Child Marriage Act - 2006,NA,74,24,13,21,2,Crimes Against Persons,,,0.4,token_overlap
1528,CRIME_REVIEW_FOR_THE_MONTH_OF_MAY_2026.csv,5,2026,761,D. CRIME AGAINST CHILDREN,POCSO Act,NA,2071,393,445,406,2,Crimes Against Persons,,,0.4,token_overlap
1529,CRIME_REVIEW_FOR_THE_MONTH_OF_MAY_2026.csv,5,2026,762,D. CRIME AGAINST CHILDREN,Death of Children due to miscarriage,NA,6,2,2,1,2,Crimes Against Persons,,,0.4,token_overlap
1530,CRIME_REVIEW_FOR_THE_MONTH_OF_MAY_2026.csv,5,2026,763,D. CRIME AGAINST CHILDREN,Juvenile Justice Act,NA,44,16,7,5,2,Crimes Against Persons,,,0.4,token_overlap
1531,CRIME_REVIEW_FOR_THE_MONTH_OF_MAY_2026.csv,5,2026,764,D. CRIME AGAINST CHILDREN,Child Labour (Pro.& Reg.) Act,NA,25,4,3,2,2,Crimes Against Persons,,,0.4,token_overlap
1532,CRIME_REVIEW_FOR_THE_MONTH_OF_MAY_2026.csv,5,2026,765,D. CRIME AGAINST CHILDREN,Probation of Offenders Act,NA,0,0,0,0,2,Crimes Against Persons,,,0.4,token_overlap
1533,CRIME_REVIEW_FOR_THE_MONTH_OF_MAY_2026.csv,5,2026,766,E. CRIME AGAINST SCHEDULED CASTE /TRIBES BY NON SCs/STs,Murder,NA,38,4,6,7,2,Crimes Against Persons,7,Murder,0.95,substring
1534,CRIME_REVIEW_FOR_THE_MONTH_OF_MAY_2026.csv,5,2026,767,E. CRIME AGAINST SCHEDULED CASTE /TRIBES BY NON SCs/STs,Rape,NA,41,11,4,12,2,Crimes Against Persons,,,0.4,token_overlap
1535,CRIME_REVIEW_FOR_THE_MONTH_OF_MAY_2026.csv,5,2026,768,E. CRIME AGAINST SCHEDULED CASTE /TRIBES BY NON SCs/STs,Kidnapping,NA,99,14,25,9,2,Crimes Against Persons,8,Kidnapping,0.95,substring
1536,CRIME_REVIEW_FOR_THE_MONTH_OF_MAY_2026.csv,5,2026,769,E. CRIME AGAINST SCHEDULED CASTE /TRIBES BY NON SCs/STs,Offences under the Protection of Civil Rights Act.,NA,1,2,0,0,2,Crimes Against Persons,,,0.4,token_overlap
1537,CRIME_REVIEW_FOR_THE_MONTH_OF_MAY_2026.csv,5,2026,770,E. CRIME AGAINST SCHEDULED CASTE /TRIBES BY NON SCs/STs,Offences under the SC & ST  (prevention of Atrocities)Act 1989 (if the victim is SC),NA,969,146,210,204,2,Crimes Against Persons,,,0.4,token_overlap
